transaction_id,transaction_date,sku,units_sold,unit_selling_price,is_promo_day,gross_revenue,gross_cost,gross_profit
TXN-10001,2026-06-21,ELEC-101,49,59.43,False,2912.07,1568.0,1344.07
TXN-10002,2026-06-22,ELEC-101,41,61.29,False,2512.89,1312.0,1200.89
TXN-10003,2026-06-23,ELEC-101,52,55.85,False,2904.2,1664.0,1240.2
TXN-10004,2026-06-24,ELEC-101,41,56.6,False,2320.6,1312.0,1008.6
TXN-10005,2026-06-25,ELEC-101,46,58.68,False,2699.28,1472.0,1227.28
TXN-10006,2026-06-26,ELEC-101,46,59.29,False,2727.34,1472.0,1255.34
TXN-10007,2026-06-27,ELEC-101,60,61.96,False,3717.6,1920.0,1797.6
TXN-10008,2026-06-28,ELEC-101,73,49.37,True,3604.01,2336.0,1268.01
TXN-10009,2026-06-29,ELEC-101,37,61.85,False,2288.45,1184.0,1104.45
TXN-10010,2026-06-30,ELEC-101,49,60.31,False,2955.19,1568.0,1387.19
TXN-10011,2026-07-01,ELEC-101,78,54.5,True,4251.0,2496.0,1755.0
TXN-10012,2026-07-02,ELEC-101,51,59.54,False,3036.54,1632.0,1404.54
TXN-10013,2026-07-03,ELEC-101,49,59.82,False,2931.18,1568.0,1363.18
TXN-10014,2026-07-04,ELEC-101,51,63.68,False,3247.68,1632.0,1615.68
TXN-10015,2026-07-05,ELEC-101,60,60.2,False,3612.0,1920.0,1692.0
TXN-10016,2026-07-06,ELEC-101,37,60.85,False,2251.45,1184.0,1067.45
TXN-10017,2026-07-07,ELEC-101,38,62.19,False,2363.22,1216.0,1147.22
TXN-10018,2026-07-08,ELEC-101,35,62.31,False,2180.85,1120.0,1060.85
TXN-10019,2026-07-09,ELEC-101,37,60.7,False,2245.9,1184.0,1061.9
TXN-10020,2026-07-10,ELEC-101,47,58.98,False,2772.06,1504.0,1268.06
TXN-10021,2026-07-11,ELEC-101,86,53.01,True,4558.86,2752.0,1806.86
TXN-10022,2026-07-12,ELEC-101,59,54.97,True,3243.23,1888.0,1355.23
TXN-10023,2026-07-13,ELEC-101,47,59.91,False,2815.77,1504.0,1311.77
TXN-10024,2026-07-14,ELEC-101,59,57.81,False,3410.79,1888.0,1522.79
TXN-10025,2026-07-15,ELEC-101,67,54.95,True,3681.65,2144.0,1537.65
TXN-10026,2026-07-16,ELEC-101,38,59.11,False,2246.18,1216.0,1030.18
TXN-10027,2026-07-17,ELEC-101,44,61.48,False,2705.12,1408.0,1297.12
TXN-10028,2026-07-18,ELEC-101,73,61.32,False,4476.36,2336.0,2140.36
TXN-10029,2026-07-19,ELEC-101,98,49.81,True,4881.38,3136.0,1745.38
TXN-10030,2026-07-20,ELEC-101,59,56.82,False,3352.38,1888.0,1464.38
TXN-10031,2026-07-21,ELEC-101,61,58.36,False,3559.96,1952.0,1607.96
TXN-10032,2026-07-22,ELEC-101,60,61.13,False,3667.8,1920.0,1747.8
TXN-10033,2026-07-23,ELEC-101,46,62.77,False,2887.42,1472.0,1415.42
TXN-10034,2026-07-24,ELEC-101,46,64.54,False,2968.84,1472.0,1496.84
TXN-10035,2026-07-25,ELEC-101,60,59.8,False,3588.0,1920.0,1668.0
TXN-10036,2026-07-26,ELEC-101,41,63.48,False,2602.68,1312.0,1290.68
TXN-10037,2026-07-27,ELEC-101,55,57.42,False,3158.1,1760.0,1398.1
TXN-10038,2026-07-28,ELEC-101,81,49.41,True,4002.21,2592.0,1410.21
TXN-10039,2026-07-29,ELEC-101,53,57.77,False,3061.81,1696.0,1365.81
TXN-10040,2026-07-30,ELEC-101,41,64.22,False,2633.02,1312.0,1321.02
TXN-10041,2026-07-31,ELEC-101,40,62.08,False,2483.2,1280.0,1203.2
TXN-10042,2026-08-01,ELEC-101,93,50.33,True,4680.69,2976.0,1704.69
TXN-10043,2026-08-02,ELEC-101,56,62.28,False,3487.68,1792.0,1695.68
TXN-10044,2026-08-03,ELEC-101,35,59.42,False,2079.7,1120.0,959.7
TXN-10045,2026-08-04,ELEC-101,44,61.64,False,2712.16,1408.0,1304.16
TXN-10046,2026-08-05,ELEC-101,51,57.4,False,2927.4,1632.0,1295.4
TXN-10047,2026-08-06,ELEC-101,46,60.1,False,2764.6,1472.0,1292.6
TXN-10048,2026-08-07,ELEC-101,42,60.44,False,2538.48,1344.0,1194.48
TXN-10049,2026-08-08,ELEC-101,53,61.2,False,3243.6,1696.0,1547.6
TXN-10050,2026-08-09,ELEC-101,71,58.42,False,4147.82,2272.0,1875.82
TXN-10051,2026-08-10,ELEC-101,45,65.08,False,2928.6,1440.0,1488.6
TXN-10052,2026-08-11,ELEC-101,67,58.29,False,3905.43,2144.0,1761.43
TXN-10053,2026-08-12,ELEC-101,68,52.21,False,3550.28,2176.0,1374.28
TXN-10054,2026-08-13,ELEC-101,48,56.56,False,2714.88,1536.0,1178.88
TXN-10055,2026-08-14,ELEC-101,55,62.78,False,3452.9,1760.0,1692.9
TXN-10056,2026-08-15,ELEC-101,87,55.03,True,4787.61,2784.0,2003.61
TXN-10057,2026-08-16,ELEC-101,62,58.51,False,3627.62,1984.0,1643.62
TXN-10058,2026-08-17,ELEC-101,47,59.73,False,2807.31,1504.0,1303.31
TXN-10059,2026-08-18,ELEC-101,56,58.5,False,3276.0,1792.0,1484.0
TXN-10060,2026-08-19,ELEC-101,36,61.38,False,2209.68,1152.0,1057.68
TXN-10061,2026-08-20,ELEC-101,62,55.7,False,3453.4,1984.0,1469.4
TXN-10062,2026-08-21,ELEC-101,52,58.94,False,3064.88,1664.0,1400.88
TXN-10063,2026-08-22,ELEC-101,105,49.82,True,5231.1,3360.0,1871.1
TXN-10064,2026-08-23,ELEC-101,40,61.42,False,2456.8,1280.0,1176.8
TXN-10065,2026-08-24,ELEC-101,44,62.77,False,2761.88,1408.0,1353.88
TXN-10066,2026-08-25,ELEC-101,52,57.84,False,3007.68,1664.0,1343.68
TXN-10067,2026-08-26,ELEC-101,59,58.01,False,3422.59,1888.0,1534.59
TXN-10068,2026-08-27,ELEC-101,49,60.57,False,2967.93,1568.0,1399.93
TXN-10069,2026-08-28,ELEC-101,80,50.31,True,4024.8,2560.0,1464.8
TXN-10070,2026-08-29,ELEC-101,86,49.75,True,4278.5,2752.0,1526.5
TXN-10071,2026-08-30,ELEC-101,54,60.76,False,3281.04,1728.0,1553.04
TXN-10072,2026-08-31,ELEC-101,45,60.95,False,2742.75,1440.0,1302.75
TXN-10073,2026-09-01,ELEC-101,77,49.38,True,3802.26,2464.0,1338.26
TXN-10074,2026-09-02,ELEC-101,39,64.45,False,2513.55,1248.0,1265.55
TXN-10075,2026-09-03,ELEC-101,61,56.5,False,3446.5,1952.0,1494.5
TXN-10076,2026-09-04,ELEC-101,58,55.65,False,3227.7,1856.0,1371.7
TXN-10077,2026-09-05,ELEC-101,58,61.77,False,3582.66,1856.0,1726.66
TXN-10078,2026-09-06,ELEC-101,106,50.33,True,5334.98,3392.0,1942.98
TXN-10079,2026-09-07,ELEC-101,61,56.16,False,3425.76,1952.0,1473.76
TXN-10080,2026-09-08,ELEC-101,43,61.48,False,2643.64,1376.0,1267.64
TXN-10081,2026-09-09,ELEC-101,49,61.7,False,3023.3,1568.0,1455.3
TXN-10082,2026-09-10,ELEC-101,43,58.19,False,2502.17,1376.0,1126.17
TXN-10083,2026-09-11,ELEC-101,44,64.93,False,2856.92,1408.0,1448.92
TXN-10084,2026-09-12,ELEC-101,112,50.97,True,5708.64,3584.0,2124.64
TXN-10085,2026-09-13,ELEC-101,44,62.12,False,2733.28,1408.0,1325.28
TXN-10086,2026-09-14,ELEC-101,44,63.19,False,2780.36,1408.0,1372.36
TXN-10087,2026-09-15,ELEC-101,88,49.31,True,4339.28,2816.0,1523.28
TXN-10088,2026-09-16,ELEC-101,38,61.6,False,2340.8,1216.0,1124.8
TXN-10089,2026-09-17,ELEC-101,41,59.84,False,2453.44,1312.0,1141.44
TXN-10090,2026-09-18,ELEC-101,40,58.09,False,2323.6,1280.0,1043.6
TXN-10091,2026-06-21,ELEC-102,73,24.29,False,1773.17,912.5,860.67
TXN-10092,2026-06-22,ELEC-102,41,25.75,False,1055.75,512.5,543.25
TXN-10093,2026-06-23,ELEC-102,64,23.48,False,1502.72,800.0,702.72
TXN-10094,2026-06-24,ELEC-102,50,25.3,False,1265.0,625.0,640.0
TXN-10095,2026-06-25,ELEC-102,49,23.38,False,1145.62,612.5,533.12
TXN-10096,2026-06-26,ELEC-102,86,23.91,False,2056.26,1075.0,981.26
TXN-10097,2026-06-27,ELEC-102,61,25.07,False,1529.27,762.5,766.77
TXN-10098,2026-06-28,ELEC-102,96,22.28,True,2138.88,1200.0,938.88
TXN-10099,2026-06-29,ELEC-102,49,25.02,False,1225.98,612.5,613.48
TXN-10100,2026-06-30,ELEC-102,50,24.36,False,1218.0,625.0,593.0
TXN-10101,2026-07-01,ELEC-102,77,20.54,True,1581.58,962.5,619.08
TXN-10102,2026-07-02,ELEC-102,50,25.75,False,1287.5,625.0,662.5
TXN-10103,2026-07-03,ELEC-102,67,23.32,False,1562.44,837.5,724.94
TXN-10104,2026-07-04,ELEC-102,69,23.19,False,1600.11,862.5,737.61
TXN-10105,2026-07-05,ELEC-102,70,25.63,False,1794.1,875.0,919.1
TXN-10106,2026-07-06,ELEC-102,41,25.04,False,1026.64,512.5,514.14
TXN-10107,2026-07-07,ELEC-102,39,25.83,False,1007.37,487.5,519.87
TXN-10108,2026-07-08,ELEC-102,53,24.19,False,1282.07,662.5,619.57
TXN-10109,2026-07-09,ELEC-102,53,25.08,False,1329.24,662.5,666.74
TXN-10110,2026-07-10,ELEC-102,47,24.58,False,1155.26,587.5,567.76
TXN-10111,2026-07-11,ELEC-102,76,25.28,False,1921.28,950.0,971.28
TXN-10112,2026-07-12,ELEC-102,65,24.58,False,1597.7,812.5,785.2
TXN-10113,2026-07-13,ELEC-102,56,25.01,False,1400.56,700.0,700.56
TXN-10114,2026-07-14,ELEC-102,65,22.78,False,1480.7,812.5,668.2
TXN-10115,2026-07-15,ELEC-102,62,21.44,True,1329.28,775.0,554.28
TXN-10116,2026-07-16,ELEC-102,53,25.39,False,1345.67,662.5,683.17
TXN-10117,2026-07-17,ELEC-102,44,24.64,False,1084.16,550.0,534.16
TXN-10118,2026-07-18,ELEC-102,80,24.44,False,1955.2,1000.0,955.2
TXN-10119,2026-07-19,ELEC-102,106,22.13,True,2345.78,1325.0,1020.78
TXN-10120,2026-07-20,ELEC-102,54,24.93,False,1346.22,675.0,671.22
TXN-10121,2026-07-21,ELEC-102,51,25.1,False,1280.1,637.5,642.6
TXN-10122,2026-07-22,ELEC-102,53,25.46,False,1349.38,662.5,686.88
TXN-10123,2026-07-23,ELEC-102,54,24.0,False,1296.0,675.0,621.0
TXN-10124,2026-07-24,ELEC-102,44,26.52,False,1166.88,550.0,616.88
TXN-10125,2026-07-25,ELEC-102,61,25.81,False,1574.41,762.5,811.91
TXN-10126,2026-07-26,ELEC-102,55,26.66,False,1466.3,687.5,778.8
TXN-10127,2026-07-27,ELEC-102,73,22.29,False,1627.17,912.5,714.67
TXN-10128,2026-07-28,ELEC-102,70,22.96,True,1607.2,875.0,732.2
TXN-10129,2026-07-29,ELEC-102,48,24.99,False,1199.52,600.0,599.52
TXN-10130,2026-07-30,ELEC-102,46,25.66,False,1180.36,575.0,605.36
TXN-10131,2026-07-31,ELEC-102,49,26.38,False,1292.62,612.5,680.12
TXN-10132,2026-08-01,ELEC-102,96,22.54,True,2163.84,1200.0,963.84
TXN-10133,2026-08-02,ELEC-102,69,25.93,False,1789.17,862.5,926.67
TXN-10134,2026-08-03,ELEC-102,47,25.48,False,1197.56,587.5,610.06
TXN-10135,2026-08-04,ELEC-102,45,25.7,False,1156.5,562.5,594.0
TXN-10136,2026-08-05,ELEC-102,45,25.61,False,1152.45,562.5,589.95
TXN-10137,2026-08-06,ELEC-102,38,25.91,False,984.58,475.0,509.58
TXN-10138,2026-08-07,ELEC-102,64,23.58,False,1509.12,800.0,709.12
TXN-10139,2026-08-08,ELEC-102,62,22.91,False,1420.42,775.0,645.42
TXN-10140,2026-08-09,ELEC-102,100,20.82,True,2082.0,1250.0,832.0
TXN-10141,2026-08-10,ELEC-102,41,27.14,False,1112.74,512.5,600.24
TXN-10142,2026-08-11,ELEC-102,70,25.09,False,1756.3,875.0,881.3
TXN-10143,2026-08-12,ELEC-102,53,24.52,False,1299.56,662.5,637.06
TXN-10144,2026-08-13,ELEC-102,44,25.5,False,1122.0,550.0,572.0
TXN-10145,2026-08-14,ELEC-102,50,24.64,False,1232.0,625.0,607.0
TXN-10146,2026-08-15,ELEC-102,145,22.1,True,3204.5,1812.5,1392.0
TXN-10147,2026-08-16,ELEC-102,62,25.48,False,1579.76,775.0,804.76
TXN-10148,2026-08-17,ELEC-102,52,25.11,False,1305.72,650.0,655.72
TXN-10149,2026-08-18,ELEC-102,57,24.96,False,1422.72,712.5,710.22
TXN-10150,2026-08-19,ELEC-102,52,24.43,False,1270.36,650.0,620.36
TXN-10151,2026-08-20,ELEC-102,60,24.26,False,1455.6,750.0,705.6
TXN-10152,2026-08-21,ELEC-102,69,23.66,False,1632.54,862.5,770.04
TXN-10153,2026-08-22,ELEC-102,69,25.82,False,1781.58,862.5,919.08
TXN-10154,2026-08-23,ELEC-102,67,25.2,False,1688.4,837.5,850.9
TXN-10155,2026-08-24,ELEC-102,50,24.95,False,1247.5,625.0,622.5
TXN-10156,2026-08-25,ELEC-102,54,24.47,False,1321.38,675.0,646.38
TXN-10157,2026-08-26,ELEC-102,52,25.21,False,1310.92,650.0,660.92
TXN-10158,2026-08-27,ELEC-102,51,24.55,False,1252.05,637.5,614.55
TXN-10159,2026-08-28,ELEC-102,87,22.41,True,1949.67,1087.5,862.17
TXN-10160,2026-08-29,ELEC-102,58,24.31,False,1409.98,725.0,684.98
TXN-10161,2026-08-30,ELEC-102,70,23.31,False,1631.7,875.0,756.7
TXN-10162,2026-08-31,ELEC-102,48,24.19,False,1161.12,600.0,561.12
TXN-10163,2026-09-01,ELEC-102,105,20.62,True,2165.1,1312.5,852.6
TXN-10164,2026-09-02,ELEC-102,43,25.66,False,1103.38,537.5,565.88
TXN-10165,2026-09-03,ELEC-102,40,25.28,False,1011.2,500.0,511.2
TXN-10166,2026-09-04,ELEC-102,57,24.43,False,1392.51,712.5,680.01
TXN-10167,2026-09-05,ELEC-102,60,24.16,False,1449.6,750.0,699.6
TXN-10168,2026-09-06,ELEC-102,96,23.47,False,2253.12,1200.0,1053.12
TXN-10169,2026-09-07,ELEC-102,57,25.28,False,1440.96,712.5,728.46
TXN-10170,2026-09-08,ELEC-102,69,24.19,False,1669.11,862.5,806.61
TXN-10171,2026-09-09,ELEC-102,59,24.47,False,1443.73,737.5,706.23
TXN-10172,2026-09-10,ELEC-102,67,24.46,False,1638.82,837.5,801.32
TXN-10173,2026-09-11,ELEC-102,56,25.57,False,1431.92,700.0,731.92
TXN-10174,2026-09-12,ELEC-102,72,25.5,False,1836.0,900.0,936.0
TXN-10175,2026-09-13,ELEC-102,74,24.82,False,1836.68,925.0,911.68
TXN-10176,2026-09-14,ELEC-102,59,24.6,False,1451.4,737.5,713.9
TXN-10177,2026-09-15,ELEC-102,91,21.41,True,1948.31,1137.5,810.81
TXN-10178,2026-09-16,ELEC-102,54,24.59,False,1327.86,675.0,652.86
TXN-10179,2026-09-17,ELEC-102,57,25.17,False,1434.69,712.5,722.19
TXN-10180,2026-09-18,ELEC-102,55,25.16,False,1383.8,687.5,696.3
TXN-10181,2026-06-21,ELEC-103,81,81.16,False,6573.96,3645.0,2928.96
TXN-10182,2026-06-22,ELEC-103,58,83.45,False,4840.1,2610.0,2230.1
TXN-10183,2026-06-23,ELEC-103,61,82.07,False,5006.27,2745.0,2261.27
TXN-10184,2026-06-24,ELEC-103,85,76.32,False,6487.2,3825.0,2662.2
TXN-10185,2026-06-25,ELEC-103,58,82.86,False,4805.88,2610.0,2195.88
TXN-10186,2026-06-26,ELEC-103,71,79.26,False,5627.46,3195.0,2432.46
TXN-10187,2026-06-27,ELEC-103,112,80.85,False,9055.2,5040.0,4015.2
TXN-10188,2026-06-28,ELEC-103,128,68.58,True,8778.24,5760.0,3018.24
TXN-10189,2026-06-29,ELEC-103,69,77.83,False,5370.27,3105.0,2265.27
TXN-10190,2026-06-30,ELEC-103,68,77.81,False,5291.08,3060.0,2231.08
TXN-10191,2026-07-01,ELEC-103,100,68.79,True,6879.0,4500.0,2379.0
TXN-10192,2026-07-02,ELEC-103,77,81.52,False,6277.04,3465.0,2812.04
TXN-10193,2026-07-03,ELEC-103,59,87.68,False,5173.12,2655.0,2518.12
TXN-10194,2026-07-04,ELEC-103,85,80.11,False,6809.35,3825.0,2984.35
TXN-10195,2026-07-05,ELEC-103,83,80.62,False,6691.46,3735.0,2956.46
TXN-10196,2026-07-06,ELEC-103,75,78.57,False,5892.75,3375.0,2517.75
TXN-10197,2026-07-07,ELEC-103,72,81.25,False,5850.0,3240.0,2610.0
TXN-10198,2026-07-08,ELEC-103,82,83.03,False,6808.46,3690.0,3118.46
TXN-10199,2026-07-09,ELEC-103,66,78.81,False,5201.46,2970.0,2231.46
TXN-10200,2026-07-10,ELEC-103,61,83.6,False,5099.6,2745.0,2354.6
TXN-10201,2026-07-11,ELEC-103,105,76.38,False,8019.9,4725.0,3294.9
TXN-10202,2026-07-12,ELEC-103,82,79.64,False,6530.48,3690.0,2840.48
TXN-10203,2026-07-13,ELEC-103,72,74.99,False,5399.28,3240.0,2159.28
TXN-10204,2026-07-14,ELEC-103,70,78.16,False,5471.2,3150.0,2321.2
TXN-10205,2026-07-15,ELEC-103,97,72.54,True,7036.38,4365.0,2671.38
TXN-10206,2026-07-16,ELEC-103,71,77.84,False,5526.64,3195.0,2331.64
TXN-10207,2026-07-17,ELEC-103,67,82.46,False,5524.82,3015.0,2509.82
TXN-10208,2026-07-18,ELEC-103,98,76.41,False,7488.18,4410.0,3078.18
TXN-10209,2026-07-19,ELEC-103,93,79.84,False,7425.12,4185.0,3240.12
TXN-10210,2026-07-20,ELEC-103,77,78.41,False,6037.57,3465.0,2572.57
TXN-10211,2026-07-21,ELEC-103,69,78.87,False,5442.03,3105.0,2337.03
TXN-10212,2026-07-22,ELEC-103,62,81.37,False,5044.94,2790.0,2254.94
TXN-10213,2026-07-23,ELEC-103,77,79.76,False,6141.52,3465.0,2676.52
TXN-10214,2026-07-24,ELEC-103,75,79.73,False,5979.75,3375.0,2604.75
TXN-10215,2026-07-25,ELEC-103,85,83.18,False,7070.3,3825.0,3245.3
TXN-10216,2026-07-26,ELEC-103,106,76.66,False,8125.96,4770.0,3355.96
TXN-10217,2026-07-27,ELEC-103,72,79.38,False,5715.36,3240.0,2475.36
TXN-10218,2026-07-28,ELEC-103,105,69.61,True,7309.05,4725.0,2584.05
TXN-10219,2026-07-29,ELEC-103,67,80.62,False,5401.54,3015.0,2386.54
TXN-10220,2026-07-30,ELEC-103,78,85.21,False,6646.38,3510.0,3136.38
TXN-10221,2026-07-31,ELEC-103,66,81.08,False,5351.28,2970.0,2381.28
TXN-10222,2026-08-01,ELEC-103,158,68.25,True,10783.5,7110.0,3673.5
TXN-10223,2026-08-02,ELEC-103,74,79.51,False,5883.74,3330.0,2553.74
TXN-10224,2026-08-03,ELEC-103,68,75.38,False,5125.84,3060.0,2065.84
TXN-10225,2026-08-04,ELEC-103,64,77.95,False,4988.8,2880.0,2108.8
TXN-10226,2026-08-05,ELEC-103,90,87.2,False,7848.0,4050.0,3798.0
TXN-10227,2026-08-06,ELEC-103,89,75.54,False,6723.06,4005.0,2718.06
TXN-10228,2026-08-07,ELEC-103,66,81.79,False,5398.14,2970.0,2428.14
TXN-10229,2026-08-08,ELEC-103,98,80.32,False,7871.36,4410.0,3461.36
TXN-10230,2026-08-09,ELEC-103,101,79.68,False,8047.68,4545.0,3502.68
TXN-10231,2026-08-10,ELEC-103,50,82.93,False,4146.5,2250.0,1896.5
TXN-10232,2026-08-11,ELEC-103,63,79.27,False,4994.01,2835.0,2159.01
TXN-10233,2026-08-12,ELEC-103,127,78.07,False,9914.89,5715.0,4199.89
TXN-10234,2026-08-13,ELEC-103,66,81.76,False,5396.16,2970.0,2426.16
TXN-10235,2026-08-14,ELEC-103,67,80.38,False,5385.46,3015.0,2370.46
TXN-10236,2026-08-15,ELEC-103,137,68.7,True,9411.9,6165.0,3246.9
TXN-10237,2026-08-16,ELEC-103,101,82.38,False,8320.38,4545.0,3775.38
TXN-10238,2026-08-17,ELEC-103,68,77.34,False,5259.12,3060.0,2199.12
TXN-10239,2026-08-18,ELEC-103,95,81.67,False,7758.65,4275.0,3483.65
TXN-10240,2026-08-19,ELEC-103,55,85.18,False,4684.9,2475.0,2209.9
TXN-10241,2026-08-20,ELEC-103,61,81.0,False,4941.0,2745.0,2196.0
TXN-10242,2026-08-21,ELEC-103,84,73.87,False,6205.08,3780.0,2425.08
TXN-10243,2026-08-22,ELEC-103,96,74.8,False,7180.8,4320.0,2860.8
TXN-10244,2026-08-23,ELEC-103,97,79.36,False,7697.92,4365.0,3332.92
TXN-10245,2026-08-24,ELEC-103,62,83.29,False,5163.98,2790.0,2373.98
TXN-10246,2026-08-25,ELEC-103,92,76.04,False,6995.68,4140.0,2855.68
TXN-10247,2026-08-26,ELEC-103,67,80.3,False,5380.1,3015.0,2365.1
TXN-10248,2026-08-27,ELEC-103,67,80.25,False,5376.75,3015.0,2361.75
TXN-10249,2026-08-28,ELEC-103,118,72.37,True,8539.66,5310.0,3229.66
TXN-10250,2026-08-29,ELEC-103,166,72.88,True,12098.08,7470.0,4628.08
TXN-10251,2026-08-30,ELEC-103,94,76.56,False,7196.64,4230.0,2966.64
TXN-10252,2026-08-31,ELEC-103,60,82.26,False,4935.6,2700.0,2235.6
TXN-10253,2026-09-01,ELEC-103,107,69.62,True,7449.34,4815.0,2634.34
TXN-10254,2026-09-02,ELEC-103,67,79.06,False,5297.02,3015.0,2282.02
TXN-10255,2026-09-03,ELEC-103,70,79.43,False,5560.1,3150.0,2410.1
TXN-10256,2026-09-04,ELEC-103,77,79.96,False,6156.92,3465.0,2691.92
TXN-10257,2026-09-05,ELEC-103,76,84.44,False,6417.44,3420.0,2997.44
TXN-10258,2026-09-06,ELEC-103,117,79.01,False,9244.17,5265.0,3979.17
TXN-10259,2026-09-07,ELEC-103,63,79.76,False,5024.88,2835.0,2189.88
TXN-10260,2026-09-08,ELEC-103,79,79.53,False,6282.87,3555.0,2727.87
TXN-10261,2026-09-09,ELEC-103,84,79.31,False,6662.04,3780.0,2882.04
TXN-10262,2026-09-10,ELEC-103,74,79.02,False,5847.48,3330.0,2517.48
TXN-10263,2026-09-11,ELEC-103,55,81.39,False,4476.45,2475.0,2001.45
TXN-10264,2026-09-12,ELEC-103,104,72.55,True,7545.2,4680.0,2865.2
TXN-10265,2026-09-13,ELEC-103,82,83.85,False,6875.7,3690.0,3185.7
TXN-10266,2026-09-14,ELEC-103,85,79.43,False,6751.55,3825.0,2926.55
TXN-10267,2026-09-15,ELEC-103,126,71.87,True,9055.62,5670.0,3385.62
TXN-10268,2026-09-16,ELEC-103,73,76.88,False,5612.24,3285.0,2327.24
TXN-10269,2026-09-17,ELEC-103,66,78.57,False,5185.62,2970.0,2215.62
TXN-10270,2026-09-18,ELEC-103,91,74.83,False,6809.53,4095.0,2714.53
TXN-10271,2026-06-21,ELEC-104,74,54.3,False,4018.2,2072.0,1946.2
TXN-10272,2026-06-22,ELEC-104,43,53.11,False,2283.73,1204.0,1079.73
TXN-10273,2026-06-23,ELEC-104,48,54.02,False,2592.96,1344.0,1248.96
TXN-10274,2026-06-24,ELEC-104,69,48.05,False,3315.45,1932.0,1383.45
TXN-10275,2026-06-25,ELEC-104,51,52.36,False,2670.36,1428.0,1242.36
TXN-10276,2026-06-26,ELEC-104,50,52.99,False,2649.5,1400.0,1249.5
TXN-10277,2026-06-27,ELEC-104,75,50.9,False,3817.5,2100.0,1717.5
TXN-10278,2026-06-28,ELEC-104,154,43.08,True,6634.32,4312.0,2322.32
TXN-10279,2026-06-29,ELEC-104,42,51.1,False,2146.2,1176.0,970.2
TXN-10280,2026-06-30,ELEC-104,70,46.1,False,3227.0,1960.0,1267.0
TXN-10281,2026-07-01,ELEC-104,93,42.76,True,3976.68,2604.0,1372.68
TXN-10282,2026-07-02,ELEC-104,65,50.56,False,3286.4,1820.0,1466.4
TXN-10283,2026-07-03,ELEC-104,58,51.32,False,2976.56,1624.0,1352.56
TXN-10284,2026-07-04,ELEC-104,83,48.69,False,4041.27,2324.0,1717.27
TXN-10285,2026-07-05,ELEC-104,89,50.61,False,4504.29,2492.0,2012.29
TXN-10286,2026-07-06,ELEC-104,85,46.47,False,3949.95,2380.0,1569.95
TXN-10287,2026-07-07,ELEC-104,66,49.71,False,3280.86,1848.0,1432.86
TXN-10288,2026-07-08,ELEC-104,65,51.17,False,3326.05,1820.0,1506.05
TXN-10289,2026-07-09,ELEC-104,45,52.38,False,2357.1,1260.0,1097.1
TXN-10290,2026-07-10,ELEC-104,71,51.29,False,3641.59,1988.0,1653.59
TXN-10291,2026-07-11,ELEC-104,75,51.43,False,3857.25,2100.0,1757.25
TXN-10292,2026-07-12,ELEC-104,75,51.85,False,3888.75,2100.0,1788.75
TXN-10293,2026-07-13,ELEC-104,71,48.89,False,3471.19,1988.0,1483.19
TXN-10294,2026-07-14,ELEC-104,57,54.0,False,3078.0,1596.0,1482.0
TXN-10295,2026-07-15,ELEC-104,94,43.5,True,4089.0,2632.0,1457.0
TXN-10296,2026-07-16,ELEC-104,54,51.35,False,2772.9,1512.0,1260.9
TXN-10297,2026-07-17,ELEC-104,63,48.3,False,3042.9,1764.0,1278.9
TXN-10298,2026-07-18,ELEC-104,71,51.14,False,3630.94,1988.0,1642.94
TXN-10299,2026-07-19,ELEC-104,56,52.28,False,2927.68,1568.0,1359.68
TXN-10300,2026-07-20,ELEC-104,57,50.69,False,2889.33,1596.0,1293.33
TXN-10301,2026-07-21,ELEC-104,58,46.2,False,2679.6,1624.0,1055.6
TXN-10302,2026-07-22,ELEC-104,52,50.79,False,2641.08,1456.0,1185.08
TXN-10303,2026-07-23,ELEC-104,59,50.4,False,2973.6,1652.0,1321.6
TXN-10304,2026-07-24,ELEC-104,52,51.55,False,2680.6,1456.0,1224.6
TXN-10305,2026-07-25,ELEC-104,70,50.7,False,3549.0,1960.0,1589.0
TXN-10306,2026-07-26,ELEC-104,67,49.55,False,3319.85,1876.0,1443.85
TXN-10307,2026-07-27,ELEC-104,50,48.94,False,2447.0,1400.0,1047.0
TXN-10308,2026-07-28,ELEC-104,84,41.49,True,3485.16,2352.0,1133.16
TXN-10309,2026-07-29,ELEC-104,47,51.58,False,2424.26,1316.0,1108.26
TXN-10310,2026-07-30,ELEC-104,39,49.92,False,1946.88,1092.0,854.88
TXN-10311,2026-07-31,ELEC-104,67,50.39,False,3376.13,1876.0,1500.13
TXN-10312,2026-08-01,ELEC-104,88,45.65,True,4017.2,2464.0,1553.2
TXN-10313,2026-08-02,ELEC-104,97,47.46,False,4603.62,2716.0,1887.62
TXN-10314,2026-08-03,ELEC-104,66,47.92,False,3162.72,1848.0,1314.72
TXN-10315,2026-08-04,ELEC-104,78,48.7,False,3798.6,2184.0,1614.6
TXN-10316,2026-08-05,ELEC-104,65,48.97,False,3183.05,1820.0,1363.05
TXN-10317,2026-08-06,ELEC-104,79,49.27,False,3892.33,2212.0,1680.33
TXN-10318,2026-08-07,ELEC-104,69,48.52,False,3347.88,1932.0,1415.88
TXN-10319,2026-08-08,ELEC-104,48,52.07,False,2499.36,1344.0,1155.36
TXN-10320,2026-08-09,ELEC-104,81,50.39,False,4081.59,2268.0,1813.59
TXN-10321,2026-08-10,ELEC-104,65,51.52,False,3348.8,1820.0,1528.8
TXN-10322,2026-08-11,ELEC-104,63,51.3,False,3231.9,1764.0,1467.9
TXN-10323,2026-08-12,ELEC-104,67,48.9,False,3276.3,1876.0,1400.3
TXN-10324,2026-08-13,ELEC-104,72,47.66,False,3431.52,2016.0,1415.52
TXN-10325,2026-08-14,ELEC-104,68,51.03,False,3470.04,1904.0,1566.04
TXN-10326,2026-08-15,ELEC-104,138,45.16,True,6232.08,3864.0,2368.08
TXN-10327,2026-08-16,ELEC-104,114,45.59,True,5197.26,3192.0,2005.26
TXN-10328,2026-08-17,ELEC-104,56,50.6,False,2833.6,1568.0,1265.6
TXN-10329,2026-08-18,ELEC-104,52,49.66,False,2582.32,1456.0,1126.32
TXN-10330,2026-08-19,ELEC-104,54,51.97,False,2806.38,1512.0,1294.38
TXN-10331,2026-08-20,ELEC-104,60,48.66,False,2919.6,1680.0,1239.6
TXN-10332,2026-08-21,ELEC-104,59,52.48,False,3096.32,1652.0,1444.32
TXN-10333,2026-08-22,ELEC-104,72,50.73,False,3652.56,2016.0,1636.56
TXN-10334,2026-08-23,ELEC-104,81,51.04,False,4134.24,2268.0,1866.24
TXN-10335,2026-08-24,ELEC-104,77,46.12,False,3551.24,2156.0,1395.24
TXN-10336,2026-08-25,ELEC-104,60,51.32,False,3079.2,1680.0,1399.2
TXN-10337,2026-08-26,ELEC-104,81,48.06,False,3892.86,2268.0,1624.86
TXN-10338,2026-08-27,ELEC-104,50,52.19,False,2609.5,1400.0,1209.5
TXN-10339,2026-08-28,ELEC-104,97,41.7,True,4044.9,2716.0,1328.9
TXN-10340,2026-08-29,ELEC-104,122,51.22,False,6248.84,3416.0,2832.84
TXN-10341,2026-08-30,ELEC-104,68,50.72,False,3448.96,1904.0,1544.96
TXN-10342,2026-08-31,ELEC-104,53,49.38,False,2617.14,1484.0,1133.14
TXN-10343,2026-09-01,ELEC-104,93,41.53,True,3862.29,2604.0,1258.29
TXN-10344,2026-09-02,ELEC-104,66,49.06,False,3237.96,1848.0,1389.96
TXN-10345,2026-09-03,ELEC-104,70,50.52,False,3536.4,1960.0,1576.4
TXN-10346,2026-09-04,ELEC-104,71,48.61,False,3451.31,1988.0,1463.31
TXN-10347,2026-09-05,ELEC-104,165,42.83,True,7066.95,4620.0,2446.95
TXN-10348,2026-09-06,ELEC-104,96,45.47,True,4365.12,2688.0,1677.12
TXN-10349,2026-09-07,ELEC-104,61,52.95,False,3229.95,1708.0,1521.95
TXN-10350,2026-09-08,ELEC-104,46,49.62,False,2282.52,1288.0,994.52
TXN-10351,2026-09-09,ELEC-104,58,50.89,False,2951.62,1624.0,1327.62
TXN-10352,2026-09-10,ELEC-104,91,50.0,False,4550.0,2548.0,2002.0
TXN-10353,2026-09-11,ELEC-104,72,50.74,False,3653.28,2016.0,1637.28
TXN-10354,2026-09-12,ELEC-104,72,50.53,False,3638.16,2016.0,1622.16
TXN-10355,2026-09-13,ELEC-104,72,49.19,False,3541.68,2016.0,1525.68
TXN-10356,2026-09-14,ELEC-104,75,49.63,False,3722.25,2100.0,1622.25
TXN-10357,2026-09-15,ELEC-104,77,42.56,True,3277.12,2156.0,1121.12
TXN-10358,2026-09-16,ELEC-104,55,48.55,False,2670.25,1540.0,1130.25
TXN-10359,2026-09-17,ELEC-104,54,49.54,False,2675.16,1512.0,1163.16
TXN-10360,2026-09-18,ELEC-104,54,52.81,False,2851.74,1512.0,1339.74
TXN-10361,2026-06-21,ELEC-105,118,32.15,True,3793.7,2124.0,1669.7
TXN-10362,2026-06-22,ELEC-105,66,34.31,False,2264.46,1188.0,1076.46
TXN-10363,2026-06-23,ELEC-105,52,35.65,False,1853.8,936.0,917.8
TXN-10364,2026-06-24,ELEC-105,67,33.46,False,2241.82,1206.0,1035.82
TXN-10365,2026-06-25,ELEC-105,75,32.44,False,2433.0,1350.0,1083.0
TXN-10366,2026-06-26,ELEC-105,49,36.08,False,1767.92,882.0,885.92
TXN-10367,2026-06-27,ELEC-105,67,33.64,False,2253.88,1206.0,1047.88
TXN-10368,2026-06-28,ELEC-105,102,31.94,True,3257.88,1836.0,1421.88
TXN-10369,2026-06-29,ELEC-105,54,33.26,False,1796.04,972.0,824.04
TXN-10370,2026-06-30,ELEC-105,52,35.58,False,1850.16,936.0,914.16
TXN-10371,2026-07-01,ELEC-105,62,32.08,True,1988.96,1116.0,872.96
TXN-10372,2026-07-02,ELEC-105,60,34.49,False,2069.4,1080.0,989.4
TXN-10373,2026-07-03,ELEC-105,80,32.84,False,2627.2,1440.0,1187.2
TXN-10374,2026-07-04,ELEC-105,105,33.34,False,3500.7,1890.0,1610.7
TXN-10375,2026-07-05,ELEC-105,75,33.5,False,2512.5,1350.0,1162.5
TXN-10376,2026-07-06,ELEC-105,43,35.68,False,1534.24,774.0,760.24
TXN-10377,2026-07-07,ELEC-105,67,34.7,False,2324.9,1206.0,1118.9
TXN-10378,2026-07-08,ELEC-105,48,36.57,False,1755.36,864.0,891.36
TXN-10379,2026-07-09,ELEC-105,60,32.86,False,1971.6,1080.0,891.6
TXN-10380,2026-07-10,ELEC-105,52,35.38,False,1839.76,936.0,903.76
TXN-10381,2026-07-11,ELEC-105,81,29.17,True,2362.77,1458.0,904.77
TXN-10382,2026-07-12,ELEC-105,82,34.07,False,2793.74,1476.0,1317.74
TXN-10383,2026-07-13,ELEC-105,58,36.47,False,2115.26,1044.0,1071.26
TXN-10384,2026-07-14,ELEC-105,56,35.89,False,2009.84,1008.0,1001.84
TXN-10385,2026-07-15,ELEC-105,111,29.23,True,3244.53,1998.0,1246.53
TXN-10386,2026-07-16,ELEC-105,64,35.26,False,2256.64,1152.0,1104.64
TXN-10387,2026-07-17,ELEC-105,59,34.42,False,2030.78,1062.0,968.78
TXN-10388,2026-07-18,ELEC-105,87,34.03,False,2960.61,1566.0,1394.61
TXN-10389,2026-07-19,ELEC-105,65,35.58,False,2312.7,1170.0,1142.7
TXN-10390,2026-07-20,ELEC-105,58,35.62,False,2065.96,1044.0,1021.96
TXN-10391,2026-07-21,ELEC-105,84,32.69,False,2745.96,1512.0,1233.96
TXN-10392,2026-07-22,ELEC-105,57,34.8,False,1983.6,1026.0,957.6
TXN-10393,2026-07-23,ELEC-105,64,37.03,False,2369.92,1152.0,1217.92
TXN-10394,2026-07-24,ELEC-105,56,34.0,False,1904.0,1008.0,896.0
TXN-10395,2026-07-25,ELEC-105,65,34.77,False,2260.05,1170.0,1090.05
TXN-10396,2026-07-26,ELEC-105,81,34.8,False,2818.8,1458.0,1360.8
TXN-10397,2026-07-27,ELEC-105,64,33.79,False,2162.56,1152.0,1010.56
TXN-10398,2026-07-28,ELEC-105,82,30.0,True,2460.0,1476.0,984.0
TXN-10399,2026-07-29,ELEC-105,62,35.66,False,2210.92,1116.0,1094.92
TXN-10400,2026-07-30,ELEC-105,58,34.28,False,1988.24,1044.0,944.24
TXN-10401,2026-07-31,ELEC-105,59,34.26,False,2021.34,1062.0,959.34
TXN-10402,2026-08-01,ELEC-105,100,32.03,True,3203.0,1800.0,1403.0
TXN-10403,2026-08-02,ELEC-105,97,34.61,False,3357.17,1746.0,1611.17
TXN-10404,2026-08-03,ELEC-105,66,34.06,False,2247.96,1188.0,1059.96
TXN-10405,2026-08-04,ELEC-105,56,34.9,False,1954.4,1008.0,946.4
TXN-10406,2026-08-05,ELEC-105,66,33.85,False,2234.1,1188.0,1046.1
TXN-10407,2026-08-06,ELEC-105,72,35.27,False,2539.44,1296.0,1243.44
TXN-10408,2026-08-07,ELEC-105,50,34.82,False,1741.0,900.0,841.0
TXN-10409,2026-08-08,ELEC-105,93,32.01,True,2976.93,1674.0,1302.93
TXN-10410,2026-08-09,ELEC-105,69,35.41,False,2443.29,1242.0,1201.29
TXN-10411,2026-08-10,ELEC-105,45,35.93,False,1616.85,810.0,806.85
TXN-10412,2026-08-11,ELEC-105,86,33.73,False,2900.78,1548.0,1352.78
TXN-10413,2026-08-12,ELEC-105,57,33.73,False,1922.61,1026.0,896.61
TXN-10414,2026-08-13,ELEC-105,55,34.76,False,1911.8,990.0,921.8
TXN-10415,2026-08-14,ELEC-105,52,34.67,False,1802.84,936.0,866.84
TXN-10416,2026-08-15,ELEC-105,89,32.16,True,2862.24,1602.0,1260.24
TXN-10417,2026-08-16,ELEC-105,110,29.49,True,3243.9,1980.0,1263.9
TXN-10418,2026-08-17,ELEC-105,59,35.82,False,2113.38,1062.0,1051.38
TXN-10419,2026-08-18,ELEC-105,59,33.26,False,1962.34,1062.0,900.34
TXN-10420,2026-08-19,ELEC-105,45,35.33,False,1589.85,810.0,779.85
TXN-10421,2026-08-20,ELEC-105,52,34.85,False,1812.2,936.0,876.2
TXN-10422,2026-08-21,ELEC-105,48,35.31,False,1694.88,864.0,830.88
TXN-10423,2026-08-22,ELEC-105,68,36.78,False,2501.04,1224.0,1277.04
TXN-10424,2026-08-23,ELEC-105,90,30.83,True,2774.7,1620.0,1154.7
TXN-10425,2026-08-24,ELEC-105,46,34.62,False,1592.52,828.0,764.52
TXN-10426,2026-08-25,ELEC-105,45,34.77,False,1564.65,810.0,754.65
TXN-10427,2026-08-26,ELEC-105,80,34.25,False,2740.0,1440.0,1300.0
TXN-10428,2026-08-27,ELEC-105,54,32.34,False,1746.36,972.0,774.36
TXN-10429,2026-08-28,ELEC-105,89,31.34,True,2789.26,1602.0,1187.26
TXN-10430,2026-08-29,ELEC-105,76,33.08,False,2514.08,1368.0,1146.08
TXN-10431,2026-08-30,ELEC-105,86,34.09,False,2931.74,1548.0,1383.74
TXN-10432,2026-08-31,ELEC-105,63,33.18,False,2090.34,1134.0,956.34
TXN-10433,2026-09-01,ELEC-105,79,32.16,True,2540.64,1422.0,1118.64
TXN-10434,2026-09-02,ELEC-105,86,33.21,False,2856.06,1548.0,1308.06
TXN-10435,2026-09-03,ELEC-105,52,34.77,False,1808.04,936.0,872.04
TXN-10436,2026-09-04,ELEC-105,46,35.46,False,1631.16,828.0,803.16
TXN-10437,2026-09-05,ELEC-105,75,35.34,False,2650.5,1350.0,1300.5
TXN-10438,2026-09-06,ELEC-105,116,31.31,True,3631.96,2088.0,1543.96
TXN-10439,2026-09-07,ELEC-105,52,35.01,False,1820.52,936.0,884.52
TXN-10440,2026-09-08,ELEC-105,55,35.81,False,1969.55,990.0,979.55
TXN-10441,2026-09-09,ELEC-105,47,33.73,False,1585.31,846.0,739.31
TXN-10442,2026-09-10,ELEC-105,65,37.11,False,2412.15,1170.0,1242.15
TXN-10443,2026-09-11,ELEC-105,63,36.23,False,2282.49,1134.0,1148.49
TXN-10444,2026-09-12,ELEC-105,100,31.03,True,3103.0,1800.0,1303.0
TXN-10445,2026-09-13,ELEC-105,98,31.2,True,3057.6,1764.0,1293.6
TXN-10446,2026-09-14,ELEC-105,53,34.31,False,1818.43,954.0,864.43
TXN-10447,2026-09-15,ELEC-105,78,29.59,True,2308.02,1404.0,904.02
TXN-10448,2026-09-16,ELEC-105,57,33.31,False,1898.67,1026.0,872.67
TXN-10449,2026-09-17,ELEC-105,58,37.03,False,2147.74,1044.0,1103.74
TXN-10450,2026-09-18,ELEC-105,68,35.53,False,2416.04,1224.0,1192.04
TXN-10451,2026-06-21,ELEC-106,56,27.28,True,1527.68,840.0,687.68
TXN-10452,2026-06-22,ELEC-106,33,29.77,False,982.41,495.0,487.41
TXN-10453,2026-06-23,ELEC-106,32,30.27,False,968.64,480.0,488.64
TXN-10454,2026-06-24,ELEC-106,36,29.25,False,1053.0,540.0,513.0
TXN-10455,2026-06-25,ELEC-106,31,30.54,False,946.74,465.0,481.74
TXN-10456,2026-06-26,ELEC-106,42,29.53,False,1240.26,630.0,610.26
TXN-10457,2026-06-27,ELEC-106,42,28.17,False,1183.14,630.0,553.14
TXN-10458,2026-06-28,ELEC-106,69,27.44,True,1893.36,1035.0,858.36
TXN-10459,2026-06-29,ELEC-106,30,30.28,False,908.4,450.0,458.4
TXN-10460,2026-06-30,ELEC-106,36,28.78,False,1036.08,540.0,496.08
TXN-10461,2026-07-01,ELEC-106,42,25.09,True,1053.78,630.0,423.78
TXN-10462,2026-07-02,ELEC-106,33,30.48,False,1005.84,495.0,510.84
TXN-10463,2026-07-03,ELEC-106,34,29.24,False,994.16,510.0,484.16
TXN-10464,2026-07-04,ELEC-106,46,31.47,False,1447.62,690.0,757.62
TXN-10465,2026-07-05,ELEC-106,33,31.33,False,1033.89,495.0,538.89
TXN-10466,2026-07-06,ELEC-106,36,30.3,False,1090.8,540.0,550.8
TXN-10467,2026-07-07,ELEC-106,32,30.03,False,960.96,480.0,480.96
TXN-10468,2026-07-08,ELEC-106,26,31.23,False,811.98,390.0,421.98
TXN-10469,2026-07-09,ELEC-106,26,29.89,False,777.14,390.0,387.14
TXN-10470,2026-07-10,ELEC-106,24,30.07,False,721.68,360.0,361.68
TXN-10471,2026-07-11,ELEC-106,35,32.0,False,1120.0,525.0,595.0
TXN-10472,2026-07-12,ELEC-106,36,28.61,False,1029.96,540.0,489.96
TXN-10473,2026-07-13,ELEC-106,29,31.21,False,905.09,435.0,470.09
TXN-10474,2026-07-14,ELEC-106,32,28.4,False,908.8,480.0,428.8
TXN-10475,2026-07-15,ELEC-106,42,26.24,True,1102.08,630.0,472.08
TXN-10476,2026-07-16,ELEC-106,38,30.49,False,1158.62,570.0,588.62
TXN-10477,2026-07-17,ELEC-106,34,28.06,False,954.04,510.0,444.04
TXN-10478,2026-07-18,ELEC-106,56,25.75,True,1442.0,840.0,602.0
TXN-10479,2026-07-19,ELEC-106,30,30.34,False,910.2,450.0,460.2
TXN-10480,2026-07-20,ELEC-106,37,28.99,False,1072.63,555.0,517.63
TXN-10481,2026-07-21,ELEC-106,33,29.29,False,966.57,495.0,471.57
TXN-10482,2026-07-22,ELEC-106,29,30.88,False,895.52,435.0,460.52
TXN-10483,2026-07-23,ELEC-106,37,29.07,False,1075.59,555.0,520.59
TXN-10484,2026-07-24,ELEC-106,36,32.83,False,1181.88,540.0,641.88
TXN-10485,2026-07-25,ELEC-106,36,29.71,False,1069.56,540.0,529.56
TXN-10486,2026-07-26,ELEC-106,48,32.05,False,1538.4,720.0,818.4
TXN-10487,2026-07-27,ELEC-106,31,29.53,False,915.43,465.0,450.43
TXN-10488,2026-07-28,ELEC-106,51,24.81,True,1265.31,765.0,500.31
TXN-10489,2026-07-29,ELEC-106,32,29.15,False,932.8,480.0,452.8
TXN-10490,2026-07-30,ELEC-106,28,30.19,False,845.32,420.0,425.32
TXN-10491,2026-07-31,ELEC-106,28,30.11,False,843.08,420.0,423.08
TXN-10492,2026-08-01,ELEC-106,56,25.22,True,1412.32,840.0,572.32
TXN-10493,2026-08-02,ELEC-106,37,30.09,False,1113.33,555.0,558.33
TXN-10494,2026-08-03,ELEC-106,23,33.57,False,772.11,345.0,427.11
TXN-10495,2026-08-04,ELEC-106,31,30.49,False,945.19,465.0,480.19
TXN-10496,2026-08-05,ELEC-106,32,28.88,False,924.16,480.0,444.16
TXN-10497,2026-08-06,ELEC-106,27,31.16,False,841.32,405.0,436.32
TXN-10498,2026-08-07,ELEC-106,31,28.48,False,882.88,465.0,417.88
TXN-10499,2026-08-08,ELEC-106,37,28.34,False,1048.58,555.0,493.58
TXN-10500,2026-08-09,ELEC-106,46,27.73,False,1275.58,690.0,585.58
TXN-10501,2026-08-10,ELEC-106,35,26.83,False,939.05,525.0,414.05
TXN-10502,2026-08-11,ELEC-106,33,30.09,False,992.97,495.0,497.97
TXN-10503,2026-08-12,ELEC-106,35,28.8,False,1008.0,525.0,483.0
TXN-10504,2026-08-13,ELEC-106,28,28.25,False,791.0,420.0,371.0
TXN-10505,2026-08-14,ELEC-106,31,31.75,False,984.25,465.0,519.25
TXN-10506,2026-08-15,ELEC-106,65,25.06,True,1628.9,975.0,653.9
TXN-10507,2026-08-16,ELEC-106,38,30.39,False,1154.82,570.0,584.82
TXN-10508,2026-08-17,ELEC-106,32,29.15,False,932.8,480.0,452.8
TXN-10509,2026-08-18,ELEC-106,30,30.22,False,906.6,450.0,456.6
TXN-10510,2026-08-19,ELEC-106,30,31.6,False,948.0,450.0,498.0
TXN-10511,2026-08-20,ELEC-106,33,29.77,False,982.41,495.0,487.41
TXN-10512,2026-08-21,ELEC-106,32,31.15,False,996.8,480.0,516.8
TXN-10513,2026-08-22,ELEC-106,58,25.34,True,1469.72,870.0,599.72
TXN-10514,2026-08-23,ELEC-106,43,28.96,False,1245.28,645.0,600.28
TXN-10515,2026-08-24,ELEC-106,46,30.35,False,1396.1,690.0,706.1
TXN-10516,2026-08-25,ELEC-106,31,31.28,False,969.68,465.0,504.68
TXN-10517,2026-08-26,ELEC-106,26,32.16,False,836.16,390.0,446.16
TXN-10518,2026-08-27,ELEC-106,36,29.05,False,1045.8,540.0,505.8
TXN-10519,2026-08-28,ELEC-106,46,25.13,True,1155.98,690.0,465.98
TXN-10520,2026-08-29,ELEC-106,45,28.67,False,1290.15,675.0,615.15
TXN-10521,2026-08-30,ELEC-106,37,29.01,False,1073.37,555.0,518.37
TXN-10522,2026-08-31,ELEC-106,29,30.73,False,891.17,435.0,456.17
TXN-10523,2026-09-01,ELEC-106,44,26.29,True,1156.76,660.0,496.76
TXN-10524,2026-09-02,ELEC-106,33,29.67,False,979.11,495.0,484.11
TXN-10525,2026-09-03,ELEC-106,31,30.39,False,942.09,465.0,477.09
TXN-10526,2026-09-04,ELEC-106,29,30.72,False,890.88,435.0,455.88
TXN-10527,2026-09-05,ELEC-106,38,30.39,False,1154.82,570.0,584.82
TXN-10528,2026-09-06,ELEC-106,37,31.58,False,1168.46,555.0,613.46
TXN-10529,2026-09-07,ELEC-106,29,30.29,False,878.41,435.0,443.41
TXN-10530,2026-09-08,ELEC-106,26,31.87,False,828.62,390.0,438.62
TXN-10531,2026-09-09,ELEC-106,36,30.43,False,1095.48,540.0,555.48
TXN-10532,2026-09-10,ELEC-106,36,30.14,False,1085.04,540.0,545.04
TXN-10533,2026-09-11,ELEC-106,24,32.34,False,776.16,360.0,416.16
TXN-10534,2026-09-12,ELEC-106,35,29.41,False,1029.35,525.0,504.35
TXN-10535,2026-09-13,ELEC-106,42,32.37,False,1359.54,630.0,729.54
TXN-10536,2026-09-14,ELEC-106,33,31.01,False,1023.33,495.0,528.33
TXN-10537,2026-09-15,ELEC-106,45,27.13,True,1220.85,675.0,545.85
TXN-10538,2026-09-16,ELEC-106,30,30.91,False,927.3,450.0,477.3
TXN-10539,2026-09-17,ELEC-106,38,31.11,False,1182.18,570.0,612.18
TXN-10540,2026-09-18,ELEC-106,43,29.58,False,1271.94,645.0,626.94
TXN-10541,2026-06-21,FMCG-201,80,19.21,False,1536.8,880.0,656.8
TXN-10542,2026-06-22,FMCG-201,70,18.62,False,1303.4,770.0,533.4
TXN-10543,2026-06-23,FMCG-201,61,18.49,False,1127.89,671.0,456.89
TXN-10544,2026-06-24,FMCG-201,66,18.64,False,1230.24,726.0,504.24
TXN-10545,2026-06-25,FMCG-201,61,18.7,False,1140.7,671.0,469.7
TXN-10546,2026-06-26,FMCG-201,79,19.24,False,1519.96,869.0,650.96
TXN-10547,2026-06-27,FMCG-201,71,20.02,False,1421.42,781.0,640.42
TXN-10548,2026-06-28,FMCG-201,102,16.29,True,1661.58,1122.0,539.58
TXN-10549,2026-06-29,FMCG-201,90,19.69,False,1772.1,990.0,782.1
TXN-10550,2026-06-30,FMCG-201,67,18.75,False,1256.25,737.0,519.25
TXN-10551,2026-07-01,FMCG-201,104,15.88,True,1651.52,1144.0,507.52
TXN-10552,2026-07-02,FMCG-201,72,18.93,False,1362.96,792.0,570.96
TXN-10553,2026-07-03,FMCG-201,80,18.78,False,1502.4,880.0,622.4
TXN-10554,2026-07-04,FMCG-201,100,19.25,False,1925.0,1100.0,825.0
TXN-10555,2026-07-05,FMCG-201,96,18.05,False,1732.8,1056.0,676.8
TXN-10556,2026-07-06,FMCG-201,76,19.3,False,1466.8,836.0,630.8
TXN-10557,2026-07-07,FMCG-201,66,19.33,False,1275.78,726.0,549.78
TXN-10558,2026-07-08,FMCG-201,72,19.33,False,1391.76,792.0,599.76
TXN-10559,2026-07-09,FMCG-201,70,19.08,False,1335.6,770.0,565.6
TXN-10560,2026-07-10,FMCG-201,88,18.25,False,1606.0,968.0,638.0
TXN-10561,2026-07-11,FMCG-201,76,19.21,False,1459.96,836.0,623.96
TXN-10562,2026-07-12,FMCG-201,87,18.09,False,1573.83,957.0,616.83
TXN-10563,2026-07-13,FMCG-201,78,18.49,False,1442.22,858.0,584.22
TXN-10564,2026-07-14,FMCG-201,75,18.83,False,1412.25,825.0,587.25
TXN-10565,2026-07-15,FMCG-201,111,17.15,True,1903.65,1221.0,682.65
TXN-10566,2026-07-16,FMCG-201,77,19.15,False,1474.55,847.0,627.55
TXN-10567,2026-07-17,FMCG-201,65,18.77,False,1220.05,715.0,505.05
TXN-10568,2026-07-18,FMCG-201,93,19.24,False,1789.32,1023.0,766.32
TXN-10569,2026-07-19,FMCG-201,82,18.65,False,1529.3,902.0,627.3
TXN-10570,2026-07-20,FMCG-201,70,19.57,False,1369.9,770.0,599.9
TXN-10571,2026-07-21,FMCG-201,68,19.06,False,1296.08,748.0,548.08
TXN-10572,2026-07-22,FMCG-201,87,18.94,False,1647.78,957.0,690.78
TXN-10573,2026-07-23,FMCG-201,61,20.19,False,1231.59,671.0,560.59
TXN-10574,2026-07-24,FMCG-201,65,19.72,False,1281.8,715.0,566.8
TXN-10575,2026-07-25,FMCG-201,95,17.74,False,1685.3,1045.0,640.3
TXN-10576,2026-07-26,FMCG-201,111,17.35,True,1925.85,1221.0,704.85
TXN-10577,2026-07-27,FMCG-201,77,17.74,False,1365.98,847.0,518.98
TXN-10578,2026-07-28,FMCG-201,90,16.37,True,1473.3,990.0,483.3
TXN-10579,2026-07-29,FMCG-201,63,19.85,False,1250.55,693.0,557.55
TXN-10580,2026-07-30,FMCG-201,69,18.19,False,1255.11,759.0,496.11
TXN-10581,2026-07-31,FMCG-201,63,17.61,False,1109.43,693.0,416.43
TXN-10582,2026-08-01,FMCG-201,116,17.16,True,1990.56,1276.0,714.56
TXN-10583,2026-08-02,FMCG-201,102,19.64,False,2003.28,1122.0,881.28
TXN-10584,2026-08-03,FMCG-201,64,19.64,False,1256.96,704.0,552.96
TXN-10585,2026-08-04,FMCG-201,75,18.21,False,1365.75,825.0,540.75
TXN-10586,2026-08-05,FMCG-201,65,20.57,False,1337.05,715.0,622.05
TXN-10587,2026-08-06,FMCG-201,62,18.66,False,1156.92,682.0,474.92
TXN-10588,2026-08-07,FMCG-201,74,18.81,False,1391.94,814.0,577.94
TXN-10589,2026-08-08,FMCG-201,91,19.32,False,1758.12,1001.0,757.12
TXN-10590,2026-08-09,FMCG-201,112,16.85,True,1887.2,1232.0,655.2
TXN-10591,2026-08-10,FMCG-201,68,19.9,False,1353.2,748.0,605.2
TXN-10592,2026-08-11,FMCG-201,69,18.69,False,1289.61,759.0,530.61
TXN-10593,2026-08-12,FMCG-201,68,17.1,False,1162.8,748.0,414.8
TXN-10594,2026-08-13,FMCG-201,65,19.33,False,1256.45,715.0,541.45
TXN-10595,2026-08-14,FMCG-201,86,19.45,False,1672.7,946.0,726.7
TXN-10596,2026-08-15,FMCG-201,120,16.71,True,2005.2,1320.0,685.2
TXN-10597,2026-08-16,FMCG-201,90,18.64,False,1677.6,990.0,687.6
TXN-10598,2026-08-17,FMCG-201,74,19.97,False,1477.78,814.0,663.78
TXN-10599,2026-08-18,FMCG-201,87,18.08,False,1572.96,957.0,615.96
TXN-10600,2026-08-19,FMCG-201,76,17.79,False,1352.04,836.0,516.04
TXN-10601,2026-08-20,FMCG-201,75,20.1,False,1507.5,825.0,682.5
TXN-10602,2026-08-21,FMCG-201,94,18.61,False,1749.34,1034.0,715.34
TXN-10603,2026-08-22,FMCG-201,92,18.81,False,1730.52,1012.0,718.52
TXN-10604,2026-08-23,FMCG-201,74,18.63,False,1378.62,814.0,564.62
TXN-10605,2026-08-24,FMCG-201,73,18.82,False,1373.86,803.0,570.86
TXN-10606,2026-08-25,FMCG-201,71,18.09,False,1284.39,781.0,503.39
TXN-10607,2026-08-26,FMCG-201,62,19.96,False,1237.52,682.0,555.52
TXN-10608,2026-08-27,FMCG-201,69,18.21,False,1256.49,759.0,497.49
TXN-10609,2026-08-28,FMCG-201,127,15.77,True,2002.79,1397.0,605.79
TXN-10610,2026-08-29,FMCG-201,79,20.25,False,1599.75,869.0,730.75
TXN-10611,2026-08-30,FMCG-201,86,18.88,False,1623.68,946.0,677.68
TXN-10612,2026-08-31,FMCG-201,78,18.68,False,1457.04,858.0,599.04
TXN-10613,2026-09-01,FMCG-201,85,16.95,True,1440.75,935.0,505.75
TXN-10614,2026-09-02,FMCG-201,65,19.58,False,1272.7,715.0,557.7
TXN-10615,2026-09-03,FMCG-201,60,18.54,False,1112.4,660.0,452.4
TXN-10616,2026-09-04,FMCG-201,63,18.53,False,1167.39,693.0,474.39
TXN-10617,2026-09-05,FMCG-201,92,17.52,False,1611.84,1012.0,599.84
TXN-10618,2026-09-06,FMCG-201,87,18.09,False,1573.83,957.0,616.83
TXN-10619,2026-09-07,FMCG-201,78,18.38,False,1433.64,858.0,575.64
TXN-10620,2026-09-08,FMCG-201,108,18.34,False,1980.72,1188.0,792.72
TXN-10621,2026-09-09,FMCG-201,72,18.75,False,1350.0,792.0,558.0
TXN-10622,2026-09-10,FMCG-201,77,18.12,False,1395.24,847.0,548.24
TXN-10623,2026-09-11,FMCG-201,63,19.36,False,1219.68,693.0,526.68
TXN-10624,2026-09-12,FMCG-201,87,18.83,False,1638.21,957.0,681.21
TXN-10625,2026-09-13,FMCG-201,75,18.78,False,1408.5,825.0,583.5
TXN-10626,2026-09-14,FMCG-201,70,18.39,False,1287.3,770.0,517.3
TXN-10627,2026-09-15,FMCG-201,76,17.44,True,1325.44,836.0,489.44
TXN-10628,2026-09-16,FMCG-201,63,19.62,False,1236.06,693.0,543.06
TXN-10629,2026-09-17,FMCG-201,59,20.26,False,1195.34,649.0,546.34
TXN-10630,2026-09-18,FMCG-201,77,18.59,False,1431.43,847.0,584.43
TXN-10631,2026-06-21,FMCG-202,76,55.61,False,4226.36,2432.0,1794.36
TXN-10632,2026-06-22,FMCG-202,64,54.9,False,3513.6,2048.0,1465.6
TXN-10633,2026-06-23,FMCG-202,62,52.17,False,3234.54,1984.0,1250.54
TXN-10634,2026-06-24,FMCG-202,105,57.05,False,5990.25,3360.0,2630.25
TXN-10635,2026-06-25,FMCG-202,68,54.61,False,3713.48,2176.0,1537.48
TXN-10636,2026-06-26,FMCG-202,82,50.9,False,4173.8,2624.0,1549.8
TXN-10637,2026-06-27,FMCG-202,75,55.8,False,4185.0,2400.0,1785.0
TXN-10638,2026-06-28,FMCG-202,96,47.33,True,4543.68,3072.0,1471.68
TXN-10639,2026-06-29,FMCG-202,53,53.32,False,2825.96,1696.0,1129.96
TXN-10640,2026-06-30,FMCG-202,52,55.6,False,2891.2,1664.0,1227.2
TXN-10641,2026-07-01,FMCG-202,79,50.12,True,3959.48,2528.0,1431.48
TXN-10642,2026-07-02,FMCG-202,51,58.3,False,2973.3,1632.0,1341.3
TXN-10643,2026-07-03,FMCG-202,43,58.11,False,2498.73,1376.0,1122.73
TXN-10644,2026-07-04,FMCG-202,80,52.62,False,4209.6,2560.0,1649.6
TXN-10645,2026-07-05,FMCG-202,103,49.89,True,5138.67,3296.0,1842.67
TXN-10646,2026-07-06,FMCG-202,81,56.79,False,4599.99,2592.0,2007.99
TXN-10647,2026-07-07,FMCG-202,58,53.98,False,3130.84,1856.0,1274.84
TXN-10648,2026-07-08,FMCG-202,60,54.46,False,3267.6,1920.0,1347.6
TXN-10649,2026-07-09,FMCG-202,63,57.59,False,3628.17,2016.0,1612.17
TXN-10650,2026-07-10,FMCG-202,61,54.95,False,3351.95,1952.0,1399.95
TXN-10651,2026-07-11,FMCG-202,71,55.75,False,3958.25,2272.0,1686.25
TXN-10652,2026-07-12,FMCG-202,86,59.75,False,5138.5,2752.0,2386.5
TXN-10653,2026-07-13,FMCG-202,57,54.17,False,3087.69,1824.0,1263.69
TXN-10654,2026-07-14,FMCG-202,66,52.41,False,3459.06,2112.0,1347.06
TXN-10655,2026-07-15,FMCG-202,84,45.26,True,3801.84,2688.0,1113.84
TXN-10656,2026-07-16,FMCG-202,45,50.31,False,2263.95,1440.0,823.95
TXN-10657,2026-07-17,FMCG-202,102,51.04,False,5206.08,3264.0,1942.08
TXN-10658,2026-07-18,FMCG-202,99,46.12,True,4565.88,3168.0,1397.88
TXN-10659,2026-07-19,FMCG-202,68,51.04,False,3470.72,2176.0,1294.72
TXN-10660,2026-07-20,FMCG-202,57,54.2,False,3089.4,1824.0,1265.4
TXN-10661,2026-07-21,FMCG-202,54,57.18,False,3087.72,1728.0,1359.72
TXN-10662,2026-07-22,FMCG-202,55,58.05,False,3192.75,1760.0,1432.75
TXN-10663,2026-07-23,FMCG-202,54,53.29,False,2877.66,1728.0,1149.66
TXN-10664,2026-07-24,FMCG-202,44,55.37,False,2436.28,1408.0,1028.28
TXN-10665,2026-07-25,FMCG-202,85,57.4,False,4879.0,2720.0,2159.0
TXN-10666,2026-07-26,FMCG-202,76,53.2,False,4043.2,2432.0,1611.2
TXN-10667,2026-07-27,FMCG-202,56,55.4,False,3102.4,1792.0,1310.4
TXN-10668,2026-07-28,FMCG-202,75,49.86,True,3739.5,2400.0,1339.5
TXN-10669,2026-07-29,FMCG-202,51,56.84,False,2898.84,1632.0,1266.84
TXN-10670,2026-07-30,FMCG-202,77,54.82,False,4221.14,2464.0,1757.14
TXN-10671,2026-07-31,FMCG-202,61,55.55,False,3388.55,1952.0,1436.55
TXN-10672,2026-08-01,FMCG-202,104,48.31,True,5024.24,3328.0,1696.24
TXN-10673,2026-08-02,FMCG-202,96,49.57,True,4758.72,3072.0,1686.72
TXN-10674,2026-08-03,FMCG-202,62,58.48,False,3625.76,1984.0,1641.76
TXN-10675,2026-08-04,FMCG-202,57,54.14,False,3085.98,1824.0,1261.98
TXN-10676,2026-08-05,FMCG-202,59,53.76,False,3171.84,1888.0,1283.84
TXN-10677,2026-08-06,FMCG-202,60,55.03,False,3301.8,1920.0,1381.8
TXN-10678,2026-08-07,FMCG-202,58,57.24,False,3319.92,1856.0,1463.92
TXN-10679,2026-08-08,FMCG-202,76,53.99,False,4103.24,2432.0,1671.24
TXN-10680,2026-08-09,FMCG-202,65,52.66,False,3422.9,2080.0,1342.9
TXN-10681,2026-08-10,FMCG-202,54,57.53,False,3106.62,1728.0,1378.62
TXN-10682,2026-08-11,FMCG-202,62,54.85,False,3400.7,1984.0,1416.7
TXN-10683,2026-08-12,FMCG-202,77,52.96,False,4077.92,2464.0,1613.92
TXN-10684,2026-08-13,FMCG-202,60,53.81,False,3228.6,1920.0,1308.6
TXN-10685,2026-08-14,FMCG-202,59,54.59,False,3220.81,1888.0,1332.81
TXN-10686,2026-08-15,FMCG-202,100,49.36,True,4936.0,3200.0,1736.0
TXN-10687,2026-08-16,FMCG-202,66,53.77,False,3548.82,2112.0,1436.82
TXN-10688,2026-08-17,FMCG-202,54,55.61,False,3002.94,1728.0,1274.94
TXN-10689,2026-08-18,FMCG-202,85,50.13,False,4261.05,2720.0,1541.05
TXN-10690,2026-08-19,FMCG-202,57,53.17,False,3030.69,1824.0,1206.69
TXN-10691,2026-08-20,FMCG-202,56,49.21,False,2755.76,1792.0,963.76
TXN-10692,2026-08-21,FMCG-202,58,55.57,False,3223.06,1856.0,1367.06
TXN-10693,2026-08-22,FMCG-202,88,57.64,False,5072.32,2816.0,2256.32
TXN-10694,2026-08-23,FMCG-202,82,58.9,False,4829.8,2624.0,2205.8
TXN-10695,2026-08-24,FMCG-202,49,54.11,False,2651.39,1568.0,1083.39
TXN-10696,2026-08-25,FMCG-202,54,55.25,False,2983.5,1728.0,1255.5
TXN-10697,2026-08-26,FMCG-202,53,55.13,False,2921.89,1696.0,1225.89
TXN-10698,2026-08-27,FMCG-202,66,59.65,False,3936.9,2112.0,1824.9
TXN-10699,2026-08-28,FMCG-202,125,47.31,True,5913.75,4000.0,1913.75
TXN-10700,2026-08-29,FMCG-202,67,55.42,False,3713.14,2144.0,1569.14
TXN-10701,2026-08-30,FMCG-202,88,53.2,False,4681.6,2816.0,1865.6
TXN-10702,2026-08-31,FMCG-202,58,52.3,False,3033.4,1856.0,1177.4
TXN-10703,2026-09-01,FMCG-202,74,50.51,True,3737.74,2368.0,1369.74
TXN-10704,2026-09-02,FMCG-202,63,57.19,False,3602.97,2016.0,1586.97
TXN-10705,2026-09-03,FMCG-202,58,56.42,False,3272.36,1856.0,1416.36
TXN-10706,2026-09-04,FMCG-202,67,54.19,False,3630.73,2144.0,1486.73
TXN-10707,2026-09-05,FMCG-202,61,56.73,False,3460.53,1952.0,1508.53
TXN-10708,2026-09-06,FMCG-202,93,48.92,True,4549.56,2976.0,1573.56
TXN-10709,2026-09-07,FMCG-202,57,57.62,False,3284.34,1824.0,1460.34
TXN-10710,2026-09-08,FMCG-202,61,55.09,False,3360.49,1952.0,1408.49
TXN-10711,2026-09-09,FMCG-202,73,51.6,False,3766.8,2336.0,1430.8
TXN-10712,2026-09-10,FMCG-202,56,56.63,False,3171.28,1792.0,1379.28
TXN-10713,2026-09-11,FMCG-202,68,54.72,False,3720.96,2176.0,1544.96
TXN-10714,2026-09-12,FMCG-202,99,49.22,True,4872.78,3168.0,1704.78
TXN-10715,2026-09-13,FMCG-202,85,46.79,True,3977.15,2720.0,1257.15
TXN-10716,2026-09-14,FMCG-202,61,50.4,False,3074.4,1952.0,1122.4
TXN-10717,2026-09-15,FMCG-202,85,49.84,True,4236.4,2720.0,1516.4
TXN-10718,2026-09-16,FMCG-202,55,56.7,False,3118.5,1760.0,1358.5
TXN-10719,2026-09-17,FMCG-202,56,56.85,False,3183.6,1792.0,1391.6
TXN-10720,2026-09-18,FMCG-202,49,58.96,False,2889.04,1568.0,1321.04
TXN-10721,2026-06-21,FMCG-203,66,14.47,False,955.02,561.0,394.02
TXN-10722,2026-06-22,FMCG-203,63,15.18,False,956.34,535.5,420.84
TXN-10723,2026-06-23,FMCG-203,56,15.21,False,851.76,476.0,375.76
TXN-10724,2026-06-24,FMCG-203,52,15.1,False,785.2,442.0,343.2
TXN-10725,2026-06-25,FMCG-203,59,14.38,False,848.42,501.5,346.92
TXN-10726,2026-06-26,FMCG-203,59,15.12,False,892.08,501.5,390.58
TXN-10727,2026-06-27,FMCG-203,70,15.0,False,1050.0,595.0,455.0
TXN-10728,2026-06-28,FMCG-203,94,12.9,True,1212.6,799.0,413.6
TXN-10729,2026-06-29,FMCG-203,66,15.29,False,1009.14,561.0,448.14
TXN-10730,2026-06-30,FMCG-203,56,14.49,False,811.44,476.0,335.44
TXN-10731,2026-07-01,FMCG-203,72,13.48,True,970.56,612.0,358.56
TXN-10732,2026-07-02,FMCG-203,57,15.4,False,877.8,484.5,393.3
TXN-10733,2026-07-03,FMCG-203,61,15.01,False,915.61,518.5,397.11
TXN-10734,2026-07-04,FMCG-203,72,15.47,False,1113.84,612.0,501.84
TXN-10735,2026-07-05,FMCG-203,64,16.13,False,1032.32,544.0,488.32
TXN-10736,2026-07-06,FMCG-203,47,15.89,False,746.83,399.5,347.33
TXN-10737,2026-07-07,FMCG-203,64,15.16,False,970.24,544.0,426.24
TXN-10738,2026-07-08,FMCG-203,48,15.61,False,749.28,408.0,341.28
TXN-10739,2026-07-09,FMCG-203,70,14.59,False,1021.3,595.0,426.3
TXN-10740,2026-07-10,FMCG-203,49,15.54,False,761.46,416.5,344.96
TXN-10741,2026-07-11,FMCG-203,65,14.44,False,938.6,552.5,386.1
TXN-10742,2026-07-12,FMCG-203,65,15.18,False,986.7,552.5,434.2
TXN-10743,2026-07-13,FMCG-203,53,14.87,False,788.11,450.5,337.61
TXN-10744,2026-07-14,FMCG-203,45,14.46,False,650.7,382.5,268.2
TXN-10745,2026-07-15,FMCG-203,83,13.54,True,1123.82,705.5,418.32
TXN-10746,2026-07-16,FMCG-203,54,15.48,False,835.92,459.0,376.92
TXN-10747,2026-07-17,FMCG-203,66,14.23,False,939.18,561.0,378.18
TXN-10748,2026-07-18,FMCG-203,71,14.28,False,1013.88,603.5,410.38
TXN-10749,2026-07-19,FMCG-203,77,14.59,False,1123.43,654.5,468.93
TXN-10750,2026-07-20,FMCG-203,49,15.28,False,748.72,416.5,332.22
TXN-10751,2026-07-21,FMCG-203,65,14.41,False,936.65,552.5,384.15
TXN-10752,2026-07-22,FMCG-203,49,14.8,False,725.2,416.5,308.7
TXN-10753,2026-07-23,FMCG-203,65,15.95,False,1036.75,552.5,484.25
TXN-10754,2026-07-24,FMCG-203,53,14.13,False,748.89,450.5,298.39
TXN-10755,2026-07-25,FMCG-203,109,12.88,True,1403.92,926.5,477.42
TXN-10756,2026-07-26,FMCG-203,67,14.83,False,993.61,569.5,424.11
TXN-10757,2026-07-27,FMCG-203,78,15.39,False,1200.42,663.0,537.42
TXN-10758,2026-07-28,FMCG-203,71,13.5,True,958.5,603.5,355.0
TXN-10759,2026-07-29,FMCG-203,52,15.56,False,809.12,442.0,367.12
TXN-10760,2026-07-30,FMCG-203,56,15.1,False,845.6,476.0,369.6
TXN-10761,2026-07-31,FMCG-203,61,13.67,False,833.87,518.5,315.37
TXN-10762,2026-08-01,FMCG-203,85,13.28,True,1128.8,722.5,406.3
TXN-10763,2026-08-02,FMCG-203,68,15.09,False,1026.12,578.0,448.12
TXN-10764,2026-08-03,FMCG-203,60,15.65,False,939.0,510.0,429.0
TXN-10765,2026-08-04,FMCG-203,58,14.55,False,843.9,493.0,350.9
TXN-10766,2026-08-05,FMCG-203,60,15.96,False,957.6,510.0,447.6
TXN-10767,2026-08-06,FMCG-203,52,14.46,False,751.92,442.0,309.92
TXN-10768,2026-08-07,FMCG-203,49,15.5,False,759.5,416.5,343.0
TXN-10769,2026-08-08,FMCG-203,79,15.1,False,1192.9,671.5,521.4
TXN-10770,2026-08-09,FMCG-203,83,12.64,True,1049.12,705.5,343.62
TXN-10771,2026-08-10,FMCG-203,54,14.78,False,798.12,459.0,339.12
TXN-10772,2026-08-11,FMCG-203,62,13.56,False,840.72,527.0,313.72
TXN-10773,2026-08-12,FMCG-203,66,14.82,False,978.12,561.0,417.12
TXN-10774,2026-08-13,FMCG-203,53,15.33,False,812.49,450.5,361.99
TXN-10775,2026-08-14,FMCG-203,85,15.66,False,1331.1,722.5,608.6
TXN-10776,2026-08-15,FMCG-203,97,13.4,True,1299.8,824.5,475.3
TXN-10777,2026-08-16,FMCG-203,73,14.3,False,1043.9,620.5,423.4
TXN-10778,2026-08-17,FMCG-203,80,15.06,False,1204.8,680.0,524.8
TXN-10779,2026-08-18,FMCG-203,51,14.84,False,756.84,433.5,323.34
TXN-10780,2026-08-19,FMCG-203,50,15.04,False,752.0,425.0,327.0
TXN-10781,2026-08-20,FMCG-203,58,14.53,False,842.74,493.0,349.74
TXN-10782,2026-08-21,FMCG-203,54,14.87,False,802.98,459.0,343.98
TXN-10783,2026-08-22,FMCG-203,86,13.29,True,1142.94,731.0,411.94
TXN-10784,2026-08-23,FMCG-203,75,14.97,False,1122.75,637.5,485.25
TXN-10785,2026-08-24,FMCG-203,63,13.37,False,842.31,535.5,306.81
TXN-10786,2026-08-25,FMCG-203,56,14.15,False,792.4,476.0,316.4
TXN-10787,2026-08-26,FMCG-203,69,14.7,False,1014.3,586.5,427.8
TXN-10788,2026-08-27,FMCG-203,57,14.14,False,805.98,484.5,321.48
TXN-10789,2026-08-28,FMCG-203,68,12.64,True,859.52,578.0,281.52
TXN-10790,2026-08-29,FMCG-203,67,15.59,False,1044.53,569.5,475.03
TXN-10791,2026-08-30,FMCG-203,93,14.41,False,1340.13,790.5,549.63
TXN-10792,2026-08-31,FMCG-203,57,16.31,False,929.67,484.5,445.17
TXN-10793,2026-09-01,FMCG-203,64,13.77,True,881.28,544.0,337.28
TXN-10794,2026-09-02,FMCG-203,71,15.1,False,1072.1,603.5,468.6
TXN-10795,2026-09-03,FMCG-203,72,15.87,False,1142.64,612.0,530.64
TXN-10796,2026-09-04,FMCG-203,53,15.16,False,803.48,450.5,352.98
TXN-10797,2026-09-05,FMCG-203,70,15.1,False,1057.0,595.0,462.0
TXN-10798,2026-09-06,FMCG-203,71,14.57,False,1034.47,603.5,430.97
TXN-10799,2026-09-07,FMCG-203,58,14.77,False,856.66,493.0,363.66
TXN-10800,2026-09-08,FMCG-203,56,14.57,False,815.92,476.0,339.92
TXN-10801,2026-09-09,FMCG-203,50,15.51,False,775.5,425.0,350.5
TXN-10802,2026-09-10,FMCG-203,50,15.84,False,792.0,425.0,367.0
TXN-10803,2026-09-11,FMCG-203,57,15.35,False,874.95,484.5,390.45
TXN-10804,2026-09-12,FMCG-203,91,14.52,False,1321.32,773.5,547.82
TXN-10805,2026-09-13,FMCG-203,97,14.81,False,1436.57,824.5,612.07
TXN-10806,2026-09-14,FMCG-203,55,14.52,False,798.6,467.5,331.1
TXN-10807,2026-09-15,FMCG-203,71,13.54,True,961.34,603.5,357.84
TXN-10808,2026-09-16,FMCG-203,55,14.61,False,803.55,467.5,336.05
TXN-10809,2026-09-17,FMCG-203,57,15.07,False,858.99,484.5,374.49
TXN-10810,2026-09-18,FMCG-203,57,14.96,False,852.72,484.5,368.22
TXN-10811,2026-06-21,FMCG-204,82,10.86,False,890.52,492.0,398.52
TXN-10812,2026-06-22,FMCG-204,62,12.62,False,782.44,372.0,410.44
TXN-10813,2026-06-23,FMCG-204,53,11.1,False,588.3,318.0,270.3
TXN-10814,2026-06-24,FMCG-204,68,11.7,False,795.6,408.0,387.6
TXN-10815,2026-06-25,FMCG-204,66,11.7,False,772.2,396.0,376.2
TXN-10816,2026-06-26,FMCG-204,63,11.96,False,753.48,378.0,375.48
TXN-10817,2026-06-27,FMCG-204,71,11.94,False,847.74,426.0,421.74
TXN-10818,2026-06-28,FMCG-204,72,10.39,True,748.08,432.0,316.08
TXN-10819,2026-06-29,FMCG-204,53,10.55,False,559.15,318.0,241.15
TXN-10820,2026-06-30,FMCG-204,47,11.52,False,541.44,282.0,259.44
TXN-10821,2026-07-01,FMCG-204,92,10.93,True,1005.56,552.0,453.56
TXN-10822,2026-07-02,FMCG-204,49,12.06,False,590.94,294.0,296.94
TXN-10823,2026-07-03,FMCG-204,50,12.51,False,625.5,300.0,325.5
TXN-10824,2026-07-04,FMCG-204,61,11.83,False,721.63,366.0,355.63
TXN-10825,2026-07-05,FMCG-204,73,12.06,False,880.38,438.0,442.38
TXN-10826,2026-07-06,FMCG-204,70,11.45,False,801.5,420.0,381.5
TXN-10827,2026-07-07,FMCG-204,55,12.16,False,668.8,330.0,338.8
TXN-10828,2026-07-08,FMCG-204,61,11.64,False,710.04,366.0,344.04
TXN-10829,2026-07-09,FMCG-204,65,12.02,False,781.3,390.0,391.3
TXN-10830,2026-07-10,FMCG-204,49,12.29,False,602.21,294.0,308.21
TXN-10831,2026-07-11,FMCG-204,59,11.81,False,696.79,354.0,342.79
TXN-10832,2026-07-12,FMCG-204,66,11.7,False,772.2,396.0,376.2
TXN-10833,2026-07-13,FMCG-204,53,11.24,False,595.72,318.0,277.72
TXN-10834,2026-07-14,FMCG-204,51,11.71,False,597.21,306.0,291.21
TXN-10835,2026-07-15,FMCG-204,73,10.17,True,742.41,438.0,304.41
TXN-10836,2026-07-16,FMCG-204,50,12.08,False,604.0,300.0,304.0
TXN-10837,2026-07-17,FMCG-204,54,11.28,False,609.12,324.0,285.12
TXN-10838,2026-07-18,FMCG-204,76,12.05,False,915.8,456.0,459.8
TXN-10839,2026-07-19,FMCG-204,67,11.52,False,771.84,402.0,369.84
TXN-10840,2026-07-20,FMCG-204,59,12.34,False,728.06,354.0,374.06
TXN-10841,2026-07-21,FMCG-204,51,12.23,False,623.73,306.0,317.73
TXN-10842,2026-07-22,FMCG-204,51,12.53,False,639.03,306.0,333.03
TXN-10843,2026-07-23,FMCG-204,51,12.58,False,641.58,306.0,335.58
TXN-10844,2026-07-24,FMCG-204,50,12.42,False,621.0,300.0,321.0
TXN-10845,2026-07-25,FMCG-204,74,12.35,False,913.9,444.0,469.9
TXN-10846,2026-07-26,FMCG-204,71,12.23,False,868.33,426.0,442.33
TXN-10847,2026-07-27,FMCG-204,53,12.92,False,684.76,318.0,366.76
TXN-10848,2026-07-28,FMCG-204,67,10.66,True,714.22,402.0,312.22
TXN-10849,2026-07-29,FMCG-204,61,11.46,False,699.06,366.0,333.06
TXN-10850,2026-07-30,FMCG-204,57,12.27,False,699.39,342.0,357.39
TXN-10851,2026-07-31,FMCG-204,54,12.88,False,695.52,324.0,371.52
TXN-10852,2026-08-01,FMCG-204,83,10.93,True,907.19,498.0,409.19
TXN-10853,2026-08-02,FMCG-204,104,10.83,True,1126.32,624.0,502.32
TXN-10854,2026-08-03,FMCG-204,64,11.95,False,764.8,384.0,380.8
TXN-10855,2026-08-04,FMCG-204,60,11.8,False,708.0,360.0,348.0
TXN-10856,2026-08-05,FMCG-204,56,12.17,False,681.52,336.0,345.52
TXN-10857,2026-08-06,FMCG-204,65,11.32,False,735.8,390.0,345.8
TXN-10858,2026-08-07,FMCG-204,48,12.24,False,587.52,288.0,299.52
TXN-10859,2026-08-08,FMCG-204,91,10.6,True,964.6,546.0,418.6
TXN-10860,2026-08-09,FMCG-204,77,11.96,False,920.92,462.0,458.92
TXN-10861,2026-08-10,FMCG-204,63,12.12,False,763.56,378.0,385.56
TXN-10862,2026-08-11,FMCG-204,54,11.47,False,619.38,324.0,295.38
TXN-10863,2026-08-12,FMCG-204,48,12.16,False,583.68,288.0,295.68
TXN-10864,2026-08-13,FMCG-204,64,10.92,False,698.88,384.0,314.88
TXN-10865,2026-08-14,FMCG-204,45,12.55,False,564.75,270.0,294.75
TXN-10866,2026-08-15,FMCG-204,71,10.91,True,774.61,426.0,348.61
TXN-10867,2026-08-16,FMCG-204,69,12.09,False,834.21,414.0,420.21
TXN-10868,2026-08-17,FMCG-204,56,11.76,False,658.56,336.0,322.56
TXN-10869,2026-08-18,FMCG-204,56,11.73,False,656.88,336.0,320.88
TXN-10870,2026-08-19,FMCG-204,73,12.66,False,924.18,438.0,486.18
TXN-10871,2026-08-20,FMCG-204,52,11.57,False,601.64,312.0,289.64
TXN-10872,2026-08-21,FMCG-204,61,12.21,False,744.81,366.0,378.81
TXN-10873,2026-08-22,FMCG-204,69,12.3,False,848.7,414.0,434.7
TXN-10874,2026-08-23,FMCG-204,67,11.95,False,800.65,402.0,398.65
TXN-10875,2026-08-24,FMCG-204,56,11.73,False,656.88,336.0,320.88
TXN-10876,2026-08-25,FMCG-204,60,11.81,False,708.6,360.0,348.6
TXN-10877,2026-08-26,FMCG-204,54,12.22,False,659.88,324.0,335.88
TXN-10878,2026-08-27,FMCG-204,56,11.1,False,621.6,336.0,285.6
TXN-10879,2026-08-28,FMCG-204,78,10.73,True,836.94,468.0,368.94
TXN-10880,2026-08-29,FMCG-204,75,12.12,False,909.0,450.0,459.0
TXN-10881,2026-08-30,FMCG-204,62,11.71,False,726.02,372.0,354.02
TXN-10882,2026-08-31,FMCG-204,60,12.16,False,729.6,360.0,369.6
TXN-10883,2026-09-01,FMCG-204,84,10.22,True,858.48,504.0,354.48
TXN-10884,2026-09-02,FMCG-204,82,11.94,False,979.08,492.0,487.08
TXN-10885,2026-09-03,FMCG-204,62,11.47,False,711.14,372.0,339.14
TXN-10886,2026-09-04,FMCG-204,49,12.03,False,589.47,294.0,295.47
TXN-10887,2026-09-05,FMCG-204,64,12.5,False,800.0,384.0,416.0
TXN-10888,2026-09-06,FMCG-204,82,12.4,False,1016.8,492.0,524.8
TXN-10889,2026-09-07,FMCG-204,60,11.53,False,691.8,360.0,331.8
TXN-10890,2026-09-08,FMCG-204,47,11.84,False,556.48,282.0,274.48
TXN-10891,2026-09-09,FMCG-204,94,11.87,False,1115.78,564.0,551.78
TXN-10892,2026-09-10,FMCG-204,59,12.03,False,709.77,354.0,355.77
TXN-10893,2026-09-11,FMCG-204,56,11.75,False,658.0,336.0,322.0
TXN-10894,2026-09-12,FMCG-204,69,12.55,False,865.95,414.0,451.95
TXN-10895,2026-09-13,FMCG-204,80,11.42,False,913.6,480.0,433.6
TXN-10896,2026-09-14,FMCG-204,68,12.06,False,820.08,408.0,412.08
TXN-10897,2026-09-15,FMCG-204,74,10.6,True,784.4,444.0,340.4
TXN-10898,2026-09-16,FMCG-204,66,10.95,False,722.7,396.0,326.7
TXN-10899,2026-09-17,FMCG-204,65,12.19,False,792.35,390.0,402.35
TXN-10900,2026-09-18,FMCG-204,73,12.62,False,921.26,438.0,483.26
TXN-10901,2026-06-21,FMCG-205,63,28.55,False,1798.65,882.0,916.65
TXN-10902,2026-06-22,FMCG-205,52,23.93,False,1244.36,728.0,516.36
TXN-10903,2026-06-23,FMCG-205,40,26.03,False,1041.2,560.0,481.2
TXN-10904,2026-06-24,FMCG-205,34,26.2,False,890.8,476.0,414.8
TXN-10905,2026-06-25,FMCG-205,50,27.41,False,1370.5,700.0,670.5
TXN-10906,2026-06-26,FMCG-205,40,25.67,False,1026.8,560.0,466.8
TXN-10907,2026-06-27,FMCG-205,43,26.75,False,1150.25,602.0,548.25
TXN-10908,2026-06-28,FMCG-205,64,23.58,True,1509.12,896.0,613.12
TXN-10909,2026-06-29,FMCG-205,32,29.38,False,940.16,448.0,492.16
TXN-10910,2026-06-30,FMCG-205,43,26.72,False,1148.96,602.0,546.96
TXN-10911,2026-07-01,FMCG-205,65,22.33,True,1451.45,910.0,541.45
TXN-10912,2026-07-02,FMCG-205,35,27.03,False,946.05,490.0,456.05
TXN-10913,2026-07-03,FMCG-205,41,27.88,False,1143.08,574.0,569.08
TXN-10914,2026-07-04,FMCG-205,45,27.26,False,1226.7,630.0,596.7
TXN-10915,2026-07-05,FMCG-205,45,25.87,False,1164.15,630.0,534.15
TXN-10916,2026-07-06,FMCG-205,72,26.47,False,1905.84,1008.0,897.84
TXN-10917,2026-07-07,FMCG-205,36,26.78,False,964.08,504.0,460.08
TXN-10918,2026-07-08,FMCG-205,36,26.48,False,953.28,504.0,449.28
TXN-10919,2026-07-09,FMCG-205,41,27.61,False,1132.01,574.0,558.01
TXN-10920,2026-07-10,FMCG-205,37,26.95,False,997.15,518.0,479.15
TXN-10921,2026-07-11,FMCG-205,51,27.08,False,1381.08,714.0,667.08
TXN-10922,2026-07-12,FMCG-205,64,27.11,False,1735.04,896.0,839.04
TXN-10923,2026-07-13,FMCG-205,52,26.9,False,1398.8,728.0,670.8
TXN-10924,2026-07-14,FMCG-205,38,27.01,False,1026.38,532.0,494.38
TXN-10925,2026-07-15,FMCG-205,50,24.41,True,1220.5,700.0,520.5
TXN-10926,2026-07-16,FMCG-205,40,26.29,False,1051.6,560.0,491.6
TXN-10927,2026-07-17,FMCG-205,40,26.39,False,1055.6,560.0,495.6
TXN-10928,2026-07-18,FMCG-205,50,26.1,False,1305.0,700.0,605.0
TXN-10929,2026-07-19,FMCG-205,52,27.26,False,1417.52,728.0,689.52
TXN-10930,2026-07-20,FMCG-205,42,25.62,False,1076.04,588.0,488.04
TXN-10931,2026-07-21,FMCG-205,39,26.77,False,1044.03,546.0,498.03
TXN-10932,2026-07-22,FMCG-205,42,27.28,False,1145.76,588.0,557.76
TXN-10933,2026-07-23,FMCG-205,31,27.04,False,838.24,434.0,404.24
TXN-10934,2026-07-24,FMCG-205,43,26.11,False,1122.73,602.0,520.73
TXN-10935,2026-07-25,FMCG-205,50,26.88,False,1344.0,700.0,644.0
TXN-10936,2026-07-26,FMCG-205,44,28.56,False,1256.64,616.0,640.64
TXN-10937,2026-07-27,FMCG-205,62,24.95,False,1546.9,868.0,678.9
TXN-10938,2026-07-28,FMCG-205,48,23.87,True,1145.76,672.0,473.76
TXN-10939,2026-07-29,FMCG-205,40,26.71,False,1068.4,560.0,508.4
TXN-10940,2026-07-30,FMCG-205,32,26.54,False,849.28,448.0,401.28
TXN-10941,2026-07-31,FMCG-205,41,27.32,False,1120.12,574.0,546.12
TXN-10942,2026-08-01,FMCG-205,77,24.49,True,1885.73,1078.0,807.73
TXN-10943,2026-08-02,FMCG-205,52,25.15,False,1307.8,728.0,579.8
TXN-10944,2026-08-03,FMCG-205,39,27.15,False,1058.85,546.0,512.85
TXN-10945,2026-08-04,FMCG-205,40,26.09,False,1043.6,560.0,483.6
TXN-10946,2026-08-05,FMCG-205,43,26.04,False,1119.72,602.0,517.72
TXN-10947,2026-08-06,FMCG-205,38,26.11,False,992.18,532.0,460.18
TXN-10948,2026-08-07,FMCG-205,46,25.61,False,1178.06,644.0,534.06
TXN-10949,2026-08-08,FMCG-205,51,26.3,False,1341.3,714.0,627.3
TXN-10950,2026-08-09,FMCG-205,46,27.28,False,1254.88,644.0,610.88
TXN-10951,2026-08-10,FMCG-205,45,24.21,False,1089.45,630.0,459.45
TXN-10952,2026-08-11,FMCG-205,37,28.35,False,1048.95,518.0,530.95
TXN-10953,2026-08-12,FMCG-205,40,27.93,False,1117.2,560.0,557.2
TXN-10954,2026-08-13,FMCG-205,37,27.65,False,1023.05,518.0,505.05
TXN-10955,2026-08-14,FMCG-205,45,28.29,False,1273.05,630.0,643.05
TXN-10956,2026-08-15,FMCG-205,82,22.56,True,1849.92,1148.0,701.92
TXN-10957,2026-08-16,FMCG-205,46,26.1,False,1200.6,644.0,556.6
TXN-10958,2026-08-17,FMCG-205,39,26.98,False,1052.22,546.0,506.22
TXN-10959,2026-08-18,FMCG-205,40,26.57,False,1062.8,560.0,502.8
TXN-10960,2026-08-19,FMCG-205,33,27.99,False,923.67,462.0,461.67
TXN-10961,2026-08-20,FMCG-205,31,26.43,False,819.33,434.0,385.33
TXN-10962,2026-08-21,FMCG-205,43,27.22,False,1170.46,602.0,568.46
TXN-10963,2026-08-22,FMCG-205,48,28.79,False,1381.92,672.0,709.92
TXN-10964,2026-08-23,FMCG-205,50,26.45,False,1322.5,700.0,622.5
TXN-10965,2026-08-24,FMCG-205,47,28.17,False,1323.99,658.0,665.99
TXN-10966,2026-08-25,FMCG-205,33,27.58,False,910.14,462.0,448.14
TXN-10967,2026-08-26,FMCG-205,43,27.62,False,1187.66,602.0,585.66
TXN-10968,2026-08-27,FMCG-205,36,28.11,False,1011.96,504.0,507.96
TXN-10969,2026-08-28,FMCG-205,61,22.77,True,1388.97,854.0,534.97
TXN-10970,2026-08-29,FMCG-205,60,27.2,False,1632.0,840.0,792.0
TXN-10971,2026-08-30,FMCG-205,43,27.55,False,1184.65,602.0,582.65
TXN-10972,2026-08-31,FMCG-205,32,27.89,False,892.48,448.0,444.48
TXN-10973,2026-09-01,FMCG-205,41,22.73,True,931.93,574.0,357.93
TXN-10974,2026-09-02,FMCG-205,35,25.51,False,892.85,490.0,402.85
TXN-10975,2026-09-03,FMCG-205,44,25.7,False,1130.8,616.0,514.8
TXN-10976,2026-09-04,FMCG-205,45,28.76,False,1294.2,630.0,664.2
TXN-10977,2026-09-05,FMCG-205,62,24.61,True,1525.82,868.0,657.82
TXN-10978,2026-09-06,FMCG-205,62,23.46,True,1454.52,868.0,586.52
TXN-10979,2026-09-07,FMCG-205,44,25.05,False,1102.2,616.0,486.2
TXN-10980,2026-09-08,FMCG-205,41,27.52,False,1128.32,574.0,554.32
TXN-10981,2026-09-09,FMCG-205,30,27.0,False,810.0,420.0,390.0
TXN-10982,2026-09-10,FMCG-205,34,29.19,False,992.46,476.0,516.46
TXN-10983,2026-09-11,FMCG-205,35,26.79,False,937.65,490.0,447.65
TXN-10984,2026-09-12,FMCG-205,65,23.47,True,1525.55,910.0,615.55
TXN-10985,2026-09-13,FMCG-205,74,23.4,True,1731.6,1036.0,695.6
TXN-10986,2026-09-14,FMCG-205,36,27.4,False,986.4,504.0,482.4
TXN-10987,2026-09-15,FMCG-205,51,22.16,True,1130.16,714.0,416.16
TXN-10988,2026-09-16,FMCG-205,42,24.93,False,1047.06,588.0,459.06
TXN-10989,2026-09-17,FMCG-205,39,26.64,False,1038.96,546.0,492.96
TXN-10990,2026-09-18,FMCG-205,32,26.57,False,850.24,448.0,402.24
TXN-10991,2026-06-21,FMCG-206,86,5.82,False,500.52,189.2,311.32
TXN-10992,2026-06-22,FMCG-206,75,6.2,False,465.0,165.0,300.0
TXN-10993,2026-06-23,FMCG-206,70,6.41,False,448.7,154.0,294.7
TXN-10994,2026-06-24,FMCG-206,92,5.89,False,541.88,202.4,339.48
TXN-10995,2026-06-25,FMCG-206,76,6.28,False,477.28,167.2,310.08
TXN-10996,2026-06-26,FMCG-206,72,5.7,False,410.4,158.4,252.0
TXN-10997,2026-06-27,FMCG-206,93,6.07,False,564.51,204.6,359.91
TXN-10998,2026-06-28,FMCG-206,144,5.47,True,787.68,316.8,470.88
TXN-10999,2026-06-29,FMCG-206,83,6.09,False,505.47,182.6,322.87
TXN-11000,2026-06-30,FMCG-206,67,6.01,False,402.67,147.4,255.27
TXN-11001,2026-07-01,FMCG-206,91,5.26,True,478.66,200.2,278.46
TXN-11002,2026-07-02,FMCG-206,80,5.59,False,447.2,176.0,271.2
TXN-11003,2026-07-03,FMCG-206,74,5.98,False,442.52,162.8,279.72
TXN-11004,2026-07-04,FMCG-206,106,6.02,False,638.12,233.2,404.92
TXN-11005,2026-07-05,FMCG-206,98,6.13,False,600.74,215.6,385.14
TXN-11006,2026-07-06,FMCG-206,103,5.84,False,601.52,226.6,374.92
TXN-11007,2026-07-07,FMCG-206,66,6.18,False,407.88,145.2,262.68
TXN-11008,2026-07-08,FMCG-206,66,6.09,False,401.94,145.2,256.74
TXN-11009,2026-07-09,FMCG-206,94,5.71,False,536.74,206.8,329.94
TXN-11010,2026-07-10,FMCG-206,67,6.15,False,412.05,147.4,264.65
TXN-11011,2026-07-11,FMCG-206,81,5.71,False,462.51,178.2,284.31
TXN-11012,2026-07-12,FMCG-206,93,6.25,False,581.25,204.6,376.65
TXN-11013,2026-07-13,FMCG-206,78,5.8,False,452.4,171.6,280.8
TXN-11014,2026-07-14,FMCG-206,80,5.84,False,467.2,176.0,291.2
TXN-11015,2026-07-15,FMCG-206,94,5.0,True,470.0,206.8,263.2
TXN-11016,2026-07-16,FMCG-206,80,5.87,False,469.6,176.0,293.6
TXN-11017,2026-07-17,FMCG-206,69,6.27,False,432.63,151.8,280.83
TXN-11018,2026-07-18,FMCG-206,160,4.95,True,792.0,352.0,440.0
TXN-11019,2026-07-19,FMCG-206,90,5.79,False,521.1,198.0,323.1
TXN-11020,2026-07-20,FMCG-206,73,6.07,False,443.11,160.6,282.51
TXN-11021,2026-07-21,FMCG-206,69,6.1,False,420.9,151.8,269.1
TXN-11022,2026-07-22,FMCG-206,72,6.39,False,460.08,158.4,301.68
TXN-11023,2026-07-23,FMCG-206,81,6.15,False,498.15,178.2,319.95
TXN-11024,2026-07-24,FMCG-206,78,5.92,False,461.76,171.6,290.16
TXN-11025,2026-07-25,FMCG-206,88,6.2,False,545.6,193.6,352.0
TXN-11026,2026-07-26,FMCG-206,107,6.19,False,662.33,235.4,426.93
TXN-11027,2026-07-27,FMCG-206,65,5.79,False,376.35,143.0,233.35
TXN-11028,2026-07-28,FMCG-206,91,5.06,True,460.46,200.2,260.26
TXN-11029,2026-07-29,FMCG-206,81,6.25,False,506.25,178.2,328.05
TXN-11030,2026-07-30,FMCG-206,74,6.61,False,489.14,162.8,326.34
TXN-11031,2026-07-31,FMCG-206,89,5.64,False,501.96,195.8,306.16
TXN-11032,2026-08-01,FMCG-206,131,5.11,True,669.41,288.2,381.21
TXN-11033,2026-08-02,FMCG-206,85,6.26,False,532.1,187.0,345.1
TXN-11034,2026-08-03,FMCG-206,91,6.32,False,575.12,200.2,374.92
TXN-11035,2026-08-04,FMCG-206,68,6.17,False,419.56,149.6,269.96
TXN-11036,2026-08-05,FMCG-206,69,5.95,False,410.55,151.8,258.75
TXN-11037,2026-08-06,FMCG-206,68,6.45,False,438.6,149.6,289.0
TXN-11038,2026-08-07,FMCG-206,70,6.32,False,442.4,154.0,288.4
TXN-11039,2026-08-08,FMCG-206,78,6.03,False,470.34,171.6,298.74
TXN-11040,2026-08-09,FMCG-206,89,5.82,False,517.98,195.8,322.18
TXN-11041,2026-08-10,FMCG-206,79,5.75,False,454.25,173.8,280.45
TXN-11042,2026-08-11,FMCG-206,72,5.83,False,419.76,158.4,261.36
TXN-11043,2026-08-12,FMCG-206,79,6.07,False,479.53,173.8,305.73
TXN-11044,2026-08-13,FMCG-206,73,5.77,False,421.21,160.6,260.61
TXN-11045,2026-08-14,FMCG-206,73,6.14,False,448.22,160.6,287.62
TXN-11046,2026-08-15,FMCG-206,104,5.18,True,538.72,228.8,309.92
TXN-11047,2026-08-16,FMCG-206,95,5.56,False,528.2,209.0,319.2
TXN-11048,2026-08-17,FMCG-206,92,5.77,False,530.84,202.4,328.44
TXN-11049,2026-08-18,FMCG-206,66,5.87,False,387.42,145.2,242.22
TXN-11050,2026-08-19,FMCG-206,63,5.97,False,376.11,138.6,237.51
TXN-11051,2026-08-20,FMCG-206,68,6.14,False,417.52,149.6,267.92
TXN-11052,2026-08-21,FMCG-206,62,6.39,False,396.18,136.4,259.78
TXN-11053,2026-08-22,FMCG-206,96,5.67,False,544.32,211.2,333.12
TXN-11054,2026-08-23,FMCG-206,96,6.03,False,578.88,211.2,367.68
TXN-11055,2026-08-24,FMCG-206,80,5.54,False,443.2,176.0,267.2
TXN-11056,2026-08-25,FMCG-206,100,6.01,False,601.0,220.0,381.0
TXN-11057,2026-08-26,FMCG-206,86,5.94,False,510.84,189.2,321.64
TXN-11058,2026-08-27,FMCG-206,62,6.2,False,384.4,136.4,248.0
TXN-11059,2026-08-28,FMCG-206,89,5.42,True,482.38,195.8,286.58
TXN-11060,2026-08-29,FMCG-206,103,5.41,False,557.23,226.6,330.63
TXN-11061,2026-08-30,FMCG-206,82,6.09,False,499.38,180.4,318.98
TXN-11062,2026-08-31,FMCG-206,78,5.76,False,449.28,171.6,277.68
TXN-11063,2026-09-01,FMCG-206,82,5.48,True,449.36,180.4,268.96
TXN-11064,2026-09-02,FMCG-206,80,6.02,False,481.6,176.0,305.6
TXN-11065,2026-09-03,FMCG-206,88,5.84,False,513.92,193.6,320.32
TXN-11066,2026-09-04,FMCG-206,71,6.15,False,436.65,156.2,280.45
TXN-11067,2026-09-05,FMCG-206,101,6.06,False,612.06,222.2,389.86
TXN-11068,2026-09-06,FMCG-206,102,6.08,False,620.16,224.4,395.76
TXN-11069,2026-09-07,FMCG-206,85,5.95,False,505.75,187.0,318.75
TXN-11070,2026-09-08,FMCG-206,77,6.1,False,469.7,169.4,300.3
TXN-11071,2026-09-09,FMCG-206,70,6.02,False,421.4,154.0,267.4
TXN-11072,2026-09-10,FMCG-206,65,6.23,False,404.95,143.0,261.95
TXN-11073,2026-09-11,FMCG-206,78,5.96,False,464.88,171.6,293.28
TXN-11074,2026-09-12,FMCG-206,91,6.12,False,556.92,200.2,356.72
TXN-11075,2026-09-13,FMCG-206,95,5.74,False,545.3,209.0,336.3
TXN-11076,2026-09-14,FMCG-206,64,6.16,False,394.24,140.8,253.44
TXN-11077,2026-09-15,FMCG-206,89,5.3,True,471.7,195.8,275.9
TXN-11078,2026-09-16,FMCG-206,68,5.8,False,394.4,149.6,244.8
TXN-11079,2026-09-17,FMCG-206,94,5.9,False,554.6,206.8,347.8
TXN-11080,2026-09-18,FMCG-206,71,6.38,False,452.98,156.2,296.78
TXN-11081,2026-06-21,BEAU-301,80,23.59,False,1887.2,760.0,1127.2
TXN-11082,2026-06-22,BEAU-301,142,23.66,False,3359.72,1349.0,2010.72
TXN-11083,2026-06-23,BEAU-301,67,24.5,False,1641.5,636.5,1005.0
TXN-11084,2026-06-24,BEAU-301,47,22.96,False,1079.12,446.5,632.62
TXN-11085,2026-06-25,BEAU-301,87,23.18,False,2016.66,826.5,1190.16
TXN-11086,2026-06-26,BEAU-301,71,23.2,False,1647.2,674.5,972.7
TXN-11087,2026-06-27,BEAU-301,119,21.87,False,2602.53,1130.5,1472.03
TXN-11088,2026-06-28,BEAU-301,140,20.98,True,2937.2,1330.0,1607.2
TXN-11089,2026-06-29,BEAU-301,61,24.5,False,1494.5,579.5,915.0
TXN-11090,2026-06-30,BEAU-301,97,20.47,False,1985.59,921.5,1064.09
TXN-11091,2026-07-01,BEAU-301,130,20.33,True,2642.9,1235.0,1407.9
TXN-11092,2026-07-02,BEAU-301,74,23.62,False,1747.88,703.0,1044.88
TXN-11093,2026-07-03,BEAU-301,81,22.83,False,1849.23,769.5,1079.73
TXN-11094,2026-07-04,BEAU-301,94,22.61,False,2125.34,893.0,1232.34
TXN-11095,2026-07-05,BEAU-301,93,22.78,False,2118.54,883.5,1235.04
TXN-11096,2026-07-06,BEAU-301,114,21.9,False,2496.6,1083.0,1413.6
TXN-11097,2026-07-07,BEAU-301,93,22.94,False,2133.42,883.5,1249.92
TXN-11098,2026-07-08,BEAU-301,73,24.01,False,1752.73,693.5,1059.23
TXN-11099,2026-07-09,BEAU-301,67,23.87,False,1599.29,636.5,962.79
TXN-11100,2026-07-10,BEAU-301,84,23.53,False,1976.52,798.0,1178.52
TXN-11101,2026-07-11,BEAU-301,221,19.82,True,4380.22,2099.5,2280.72
TXN-11102,2026-07-12,BEAU-301,138,19.52,True,2693.76,1311.0,1382.76
TXN-11103,2026-07-13,BEAU-301,80,22.74,False,1819.2,760.0,1059.2
TXN-11104,2026-07-14,BEAU-301,76,22.98,False,1746.48,722.0,1024.48
TXN-11105,2026-07-15,BEAU-301,154,19.38,True,2984.52,1463.0,1521.52
TXN-11106,2026-07-16,BEAU-301,73,23.03,False,1681.19,693.5,987.69
TXN-11107,2026-07-17,BEAU-301,69,23.16,False,1598.04,655.5,942.54
TXN-11108,2026-07-18,BEAU-301,154,19.96,True,3073.84,1463.0,1610.84
TXN-11109,2026-07-19,BEAU-301,79,22.8,False,1801.2,750.5,1050.7
TXN-11110,2026-07-20,BEAU-301,67,23.02,False,1542.34,636.5,905.84
TXN-11111,2026-07-21,BEAU-301,74,22.49,False,1664.26,703.0,961.26
TXN-11112,2026-07-22,BEAU-301,65,22.97,False,1493.05,617.5,875.55
TXN-11113,2026-07-23,BEAU-301,63,25.15,False,1584.45,598.5,985.95
TXN-11114,2026-07-24,BEAU-301,55,22.75,False,1251.25,522.5,728.75
TXN-11115,2026-07-25,BEAU-301,91,22.87,False,2081.17,864.5,1216.67
TXN-11116,2026-07-26,BEAU-301,83,23.34,False,1937.22,788.5,1148.72
TXN-11117,2026-07-27,BEAU-301,61,21.5,False,1311.5,579.5,732.0
TXN-11118,2026-07-28,BEAU-301,104,20.33,True,2114.32,988.0,1126.32
TXN-11119,2026-07-29,BEAU-301,68,23.93,False,1627.24,646.0,981.24
TXN-11120,2026-07-30,BEAU-301,59,24.29,False,1433.11,560.5,872.61
TXN-11121,2026-07-31,BEAU-301,66,23.01,False,1518.66,627.0,891.66
TXN-11122,2026-08-01,BEAU-301,116,20.91,True,2425.56,1102.0,1323.56
TXN-11123,2026-08-02,BEAU-301,99,22.16,False,2193.84,940.5,1253.34
TXN-11124,2026-08-03,BEAU-301,67,22.37,False,1498.79,636.5,862.29
TXN-11125,2026-08-04,BEAU-301,71,22.32,False,1584.72,674.5,910.22
TXN-11126,2026-08-05,BEAU-301,70,23.16,False,1621.2,665.0,956.2
TXN-11127,2026-08-06,BEAU-301,75,21.69,False,1626.75,712.5,914.25
TXN-11128,2026-08-07,BEAU-301,83,21.82,False,1811.06,788.5,1022.56
TXN-11129,2026-08-08,BEAU-301,117,20.54,True,2403.18,1111.5,1291.68
TXN-11130,2026-08-09,BEAU-301,64,23.12,False,1479.68,608.0,871.68
TXN-11131,2026-08-10,BEAU-301,61,23.46,False,1431.06,579.5,851.56
TXN-11132,2026-08-11,BEAU-301,57,24.66,False,1405.62,541.5,864.12
TXN-11133,2026-08-12,BEAU-301,60,25.48,False,1528.8,570.0,958.8
TXN-11134,2026-08-13,BEAU-301,72,22.22,False,1599.84,684.0,915.84
TXN-11135,2026-08-14,BEAU-301,69,21.84,False,1506.96,655.5,851.46
TXN-11136,2026-08-15,BEAU-301,133,20.93,True,2783.69,1263.5,1520.19
TXN-11137,2026-08-16,BEAU-301,94,20.58,True,1934.52,893.0,1041.52
TXN-11138,2026-08-17,BEAU-301,46,24.32,False,1118.72,437.0,681.72
TXN-11139,2026-08-18,BEAU-301,98,21.62,False,2118.76,931.0,1187.76
TXN-11140,2026-08-19,BEAU-301,124,22.08,False,2737.92,1178.0,1559.92
TXN-11141,2026-08-20,BEAU-301,51,23.55,False,1201.05,484.5,716.55
TXN-11142,2026-08-21,BEAU-301,76,22.51,False,1710.76,722.0,988.76
TXN-11143,2026-08-22,BEAU-301,80,22.68,False,1814.4,760.0,1054.4
TXN-11144,2026-08-23,BEAU-301,83,22.35,False,1855.05,788.5,1066.55
TXN-11145,2026-08-24,BEAU-301,45,23.32,False,1049.4,427.5,621.9
TXN-11146,2026-08-25,BEAU-301,65,23.34,False,1517.1,617.5,899.6
TXN-11147,2026-08-26,BEAU-301,52,23.61,False,1227.72,494.0,733.72
TXN-11148,2026-08-27,BEAU-301,61,22.22,False,1355.42,579.5,775.92
TXN-11149,2026-08-28,BEAU-301,99,19.23,True,1903.77,940.5,963.27
TXN-11150,2026-08-29,BEAU-301,81,21.06,True,1705.86,769.5,936.36
TXN-11151,2026-08-30,BEAU-301,78,22.85,False,1782.3,741.0,1041.3
TXN-11152,2026-08-31,BEAU-301,120,20.32,False,2438.4,1140.0,1298.4
TXN-11153,2026-09-01,BEAU-301,109,20.9,True,2278.1,1035.5,1242.6
TXN-11154,2026-09-02,BEAU-301,83,23.18,False,1923.94,788.5,1135.44
TXN-11155,2026-09-03,BEAU-301,75,23.14,False,1735.5,712.5,1023.0
TXN-11156,2026-09-04,BEAU-301,85,21.5,False,1827.5,807.5,1020.0
TXN-11157,2026-09-05,BEAU-301,104,23.68,False,2462.72,988.0,1474.72
TXN-11158,2026-09-06,BEAU-301,133,23.25,False,3092.25,1263.5,1828.75
TXN-11159,2026-09-07,BEAU-301,59,24.91,False,1469.69,560.5,909.19
TXN-11160,2026-09-08,BEAU-301,81,22.62,False,1832.22,769.5,1062.72
TXN-11161,2026-09-09,BEAU-301,81,21.98,False,1780.38,769.5,1010.88
TXN-11162,2026-09-10,BEAU-301,77,22.39,False,1724.03,731.5,992.53
TXN-11163,2026-09-11,BEAU-301,56,24.58,False,1376.48,532.0,844.48
TXN-11164,2026-09-12,BEAU-301,111,22.79,False,2529.69,1054.5,1475.19
TXN-11165,2026-09-13,BEAU-301,182,19.49,True,3547.18,1729.0,1818.18
TXN-11166,2026-09-14,BEAU-301,108,21.01,False,2269.08,1026.0,1243.08
TXN-11167,2026-09-15,BEAU-301,129,19.61,True,2529.69,1225.5,1304.19
TXN-11168,2026-09-16,BEAU-301,61,24.61,False,1501.21,579.5,921.71
TXN-11169,2026-09-17,BEAU-301,70,23.85,False,1669.5,665.0,1004.5
TXN-11170,2026-09-18,BEAU-301,72,23.58,False,1697.76,684.0,1013.76
TXN-11171,2026-06-21,BEAU-302,68,14.87,True,1011.16,476.0,535.16
TXN-11172,2026-06-22,BEAU-302,36,17.29,False,622.44,252.0,370.44
TXN-11173,2026-06-23,BEAU-302,37,18.47,False,683.39,259.0,424.39
TXN-11174,2026-06-24,BEAU-302,37,17.26,False,638.62,259.0,379.62
TXN-11175,2026-06-25,BEAU-302,40,17.72,False,708.8,280.0,428.8
TXN-11176,2026-06-26,BEAU-302,34,16.7,False,567.8,238.0,329.8
TXN-11177,2026-06-27,BEAU-302,51,17.58,False,896.58,357.0,539.58
TXN-11178,2026-06-28,BEAU-302,87,14.82,True,1289.34,609.0,680.34
TXN-11179,2026-06-29,BEAU-302,47,15.47,False,727.09,329.0,398.09
TXN-11180,2026-06-30,BEAU-302,40,17.26,False,690.4,280.0,410.4
TXN-11181,2026-07-01,BEAU-302,52,14.65,True,761.8,364.0,397.8
TXN-11182,2026-07-02,BEAU-302,39,18.61,False,725.79,273.0,452.79
TXN-11183,2026-07-03,BEAU-302,38,17.58,False,668.04,266.0,402.04
TXN-11184,2026-07-04,BEAU-302,37,17.3,False,640.1,259.0,381.1
TXN-11185,2026-07-05,BEAU-302,57,16.08,False,916.56,399.0,517.56
TXN-11186,2026-07-06,BEAU-302,34,17.08,False,580.72,238.0,342.72
TXN-11187,2026-07-07,BEAU-302,38,17.17,False,652.46,266.0,386.46
TXN-11188,2026-07-08,BEAU-302,35,16.4,False,574.0,245.0,329.0
TXN-11189,2026-07-09,BEAU-302,33,17.15,False,565.95,231.0,334.95
TXN-11190,2026-07-10,BEAU-302,37,17.23,False,637.51,259.0,378.51
TXN-11191,2026-07-11,BEAU-302,61,17.35,False,1058.35,427.0,631.35
TXN-11192,2026-07-12,BEAU-302,61,16.4,False,1000.4,427.0,573.4
TXN-11193,2026-07-13,BEAU-302,44,17.37,False,764.28,308.0,456.28
TXN-11194,2026-07-14,BEAU-302,40,17.13,False,685.2,280.0,405.2
TXN-11195,2026-07-15,BEAU-302,48,15.46,True,742.08,336.0,406.08
TXN-11196,2026-07-16,BEAU-302,37,17.56,False,649.72,259.0,390.72
TXN-11197,2026-07-17,BEAU-302,48,15.07,False,723.36,336.0,387.36
TXN-11198,2026-07-18,BEAU-302,41,18.49,False,758.09,287.0,471.09
TXN-11199,2026-07-19,BEAU-302,62,15.18,True,941.16,434.0,507.16
TXN-11200,2026-07-20,BEAU-302,41,16.37,False,671.17,287.0,384.17
TXN-11201,2026-07-21,BEAU-302,44,16.14,False,710.16,308.0,402.16
TXN-11202,2026-07-22,BEAU-302,39,16.89,False,658.71,273.0,385.71
TXN-11203,2026-07-23,BEAU-302,49,16.73,False,819.77,343.0,476.77
TXN-11204,2026-07-24,BEAU-302,41,16.17,False,662.97,287.0,375.97
TXN-11205,2026-07-25,BEAU-302,74,15.52,True,1148.48,518.0,630.48
TXN-11206,2026-07-26,BEAU-302,52,17.25,False,897.0,364.0,533.0
TXN-11207,2026-07-27,BEAU-302,37,16.96,False,627.52,259.0,368.52
TXN-11208,2026-07-28,BEAU-302,72,15.3,True,1101.6,504.0,597.6
TXN-11209,2026-07-29,BEAU-302,41,16.2,False,664.2,287.0,377.2
TXN-11210,2026-07-30,BEAU-302,36,16.54,False,595.44,252.0,343.44
TXN-11211,2026-07-31,BEAU-302,49,16.38,False,802.62,343.0,459.62
TXN-11212,2026-08-01,BEAU-302,66,14.8,True,976.8,462.0,514.8
TXN-11213,2026-08-02,BEAU-302,65,15.26,True,991.9,455.0,536.9
TXN-11214,2026-08-03,BEAU-302,42,16.74,False,703.08,294.0,409.08
TXN-11215,2026-08-04,BEAU-302,39,16.56,False,645.84,273.0,372.84
TXN-11216,2026-08-05,BEAU-302,52,16.35,False,850.2,364.0,486.2
TXN-11217,2026-08-06,BEAU-302,35,17.36,False,607.6,245.0,362.6
TXN-11218,2026-08-07,BEAU-302,40,16.75,False,670.0,280.0,390.0
TXN-11219,2026-08-08,BEAU-302,49,17.93,False,878.57,343.0,535.57
TXN-11220,2026-08-09,BEAU-302,47,17.52,False,823.44,329.0,494.44
TXN-11221,2026-08-10,BEAU-302,47,17.04,False,800.88,329.0,471.88
TXN-11222,2026-08-11,BEAU-302,38,17.49,False,664.62,266.0,398.62
TXN-11223,2026-08-12,BEAU-302,44,17.61,False,774.84,308.0,466.84
TXN-11224,2026-08-13,BEAU-302,32,17.12,False,547.84,224.0,323.84
TXN-11225,2026-08-14,BEAU-302,40,16.28,False,651.2,280.0,371.2
TXN-11226,2026-08-15,BEAU-302,65,14.28,True,928.2,455.0,473.2
TXN-11227,2026-08-16,BEAU-302,67,15.17,True,1016.39,469.0,547.39
TXN-11228,2026-08-17,BEAU-302,37,17.76,False,657.12,259.0,398.12
TXN-11229,2026-08-18,BEAU-302,35,16.94,False,592.9,245.0,347.9
TXN-11230,2026-08-19,BEAU-302,39,17.4,False,678.6,273.0,405.6
TXN-11231,2026-08-20,BEAU-302,38,17.64,False,670.32,266.0,404.32
TXN-11232,2026-08-21,BEAU-302,40,17.88,False,715.2,280.0,435.2
TXN-11233,2026-08-22,BEAU-302,38,17.94,False,681.72,266.0,415.72
TXN-11234,2026-08-23,BEAU-302,49,16.79,False,822.71,343.0,479.71
TXN-11235,2026-08-24,BEAU-302,39,17.08,False,666.12,273.0,393.12
TXN-11236,2026-08-25,BEAU-302,39,16.88,False,658.32,273.0,385.32
TXN-11237,2026-08-26,BEAU-302,33,16.2,False,534.6,231.0,303.6
TXN-11238,2026-08-27,BEAU-302,32,17.49,False,559.68,224.0,335.68
TXN-11239,2026-08-28,BEAU-302,55,14.39,True,791.45,385.0,406.45
TXN-11240,2026-08-29,BEAU-302,40,16.02,False,640.8,280.0,360.8
TXN-11241,2026-08-30,BEAU-302,57,16.74,False,954.18,399.0,555.18
TXN-11242,2026-08-31,BEAU-302,40,17.09,False,683.6,280.0,403.6
TXN-11243,2026-09-01,BEAU-302,54,14.64,True,790.56,378.0,412.56
TXN-11244,2026-09-02,BEAU-302,38,17.85,False,678.3,266.0,412.3
TXN-11245,2026-09-03,BEAU-302,39,15.67,False,611.13,273.0,338.13
TXN-11246,2026-09-04,BEAU-302,32,17.54,False,561.28,224.0,337.28
TXN-11247,2026-09-05,BEAU-302,41,17.21,False,705.61,287.0,418.61
TXN-11248,2026-09-06,BEAU-302,65,13.98,True,908.7,455.0,453.7
TXN-11249,2026-09-07,BEAU-302,39,17.02,False,663.78,273.0,390.78
TXN-11250,2026-09-08,BEAU-302,36,17.91,False,644.76,252.0,392.76
TXN-11251,2026-09-09,BEAU-302,34,17.14,False,582.76,238.0,344.76
TXN-11252,2026-09-10,BEAU-302,39,15.86,False,618.54,273.0,345.54
TXN-11253,2026-09-11,BEAU-302,40,16.66,False,666.4,280.0,386.4
TXN-11254,2026-09-12,BEAU-302,48,16.65,False,799.2,336.0,463.2
TXN-11255,2026-09-13,BEAU-302,51,16.33,False,832.83,357.0,475.83
TXN-11256,2026-09-14,BEAU-302,42,17.49,False,734.58,294.0,440.58
TXN-11257,2026-09-15,BEAU-302,48,15.09,True,724.32,336.0,388.32
TXN-11258,2026-09-16,BEAU-302,38,17.07,False,648.66,266.0,382.66
TXN-11259,2026-09-17,BEAU-302,50,16.17,False,808.5,350.0,458.5
TXN-11260,2026-09-18,BEAU-302,31,16.54,False,512.74,217.0,295.74
TXN-11261,2026-06-21,BEAU-303,55,19.79,False,1088.45,440.0,648.45
TXN-11262,2026-06-22,BEAU-303,50,19.72,False,986.0,400.0,586.0
TXN-11263,2026-06-23,BEAU-303,56,20.31,False,1137.36,448.0,689.36
TXN-11264,2026-06-24,BEAU-303,48,20.52,False,984.96,384.0,600.96
TXN-11265,2026-06-25,BEAU-303,56,19.94,False,1116.64,448.0,668.64
TXN-11266,2026-06-26,BEAU-303,66,18.89,False,1246.74,528.0,718.74
TXN-11267,2026-06-27,BEAU-303,145,17.17,True,2489.65,1160.0,1329.65
TXN-11268,2026-06-28,BEAU-303,108,16.91,True,1826.28,864.0,962.28
TXN-11269,2026-06-29,BEAU-303,71,19.7,False,1398.7,568.0,830.7
TXN-11270,2026-06-30,BEAU-303,61,19.96,False,1217.56,488.0,729.56
TXN-11271,2026-07-01,BEAU-303,89,18.33,True,1631.37,712.0,919.37
TXN-11272,2026-07-02,BEAU-303,45,19.18,False,863.1,360.0,503.1
TXN-11273,2026-07-03,BEAU-303,75,17.39,False,1304.25,600.0,704.25
TXN-11274,2026-07-04,BEAU-303,59,19.67,False,1160.53,472.0,688.53
TXN-11275,2026-07-05,BEAU-303,74,19.21,False,1421.54,592.0,829.54
TXN-11276,2026-07-06,BEAU-303,57,20.09,False,1145.13,456.0,689.13
TXN-11277,2026-07-07,BEAU-303,41,21.12,False,865.92,328.0,537.92
TXN-11278,2026-07-08,BEAU-303,63,19.12,False,1204.56,504.0,700.56
TXN-11279,2026-07-09,BEAU-303,47,20.39,False,958.33,376.0,582.33
TXN-11280,2026-07-10,BEAU-303,59,19.58,False,1155.22,472.0,683.22
TXN-11281,2026-07-11,BEAU-303,83,17.33,True,1438.39,664.0,774.39
TXN-11282,2026-07-12,BEAU-303,82,18.76,False,1538.32,656.0,882.32
TXN-11283,2026-07-13,BEAU-303,68,19.29,False,1311.72,544.0,767.72
TXN-11284,2026-07-14,BEAU-303,72,19.49,False,1403.28,576.0,827.28
TXN-11285,2026-07-15,BEAU-303,63,17.36,True,1093.68,504.0,589.68
TXN-11286,2026-07-16,BEAU-303,48,20.51,False,984.48,384.0,600.48
TXN-11287,2026-07-17,BEAU-303,61,20.15,False,1229.15,488.0,741.15
TXN-11288,2026-07-18,BEAU-303,60,21.31,False,1278.6,480.0,798.6
TXN-11289,2026-07-19,BEAU-303,70,20.1,False,1407.0,560.0,847.0
TXN-11290,2026-07-20,BEAU-303,58,18.69,False,1084.02,464.0,620.02
TXN-11291,2026-07-21,BEAU-303,39,21.2,False,826.8,312.0,514.8
TXN-11292,2026-07-22,BEAU-303,49,19.39,False,950.11,392.0,558.11
TXN-11293,2026-07-23,BEAU-303,56,19.45,False,1089.2,448.0,641.2
TXN-11294,2026-07-24,BEAU-303,49,19.9,False,975.1,392.0,583.1
TXN-11295,2026-07-25,BEAU-303,79,19.0,False,1501.0,632.0,869.0
TXN-11296,2026-07-26,BEAU-303,62,20.86,False,1293.32,496.0,797.32
TXN-11297,2026-07-27,BEAU-303,54,20.29,False,1095.66,432.0,663.66
TXN-11298,2026-07-28,BEAU-303,70,16.59,True,1161.3,560.0,601.3
TXN-11299,2026-07-29,BEAU-303,57,19.41,False,1106.37,456.0,650.37
TXN-11300,2026-07-30,BEAU-303,50,20.55,False,1027.5,400.0,627.5
TXN-11301,2026-07-31,BEAU-303,47,20.74,False,974.78,376.0,598.78
TXN-11302,2026-08-01,BEAU-303,101,16.77,True,1693.77,808.0,885.77
TXN-11303,2026-08-02,BEAU-303,92,17.77,True,1634.84,736.0,898.84
TXN-11304,2026-08-03,BEAU-303,60,20.36,False,1221.6,480.0,741.6
TXN-11305,2026-08-04,BEAU-303,49,19.09,False,935.41,392.0,543.41
TXN-11306,2026-08-05,BEAU-303,59,18.87,False,1113.33,472.0,641.33
TXN-11307,2026-08-06,BEAU-303,55,21.16,False,1163.8,440.0,723.8
TXN-11308,2026-08-07,BEAU-303,49,20.22,False,990.78,392.0,598.78
TXN-11309,2026-08-08,BEAU-303,61,21.38,False,1304.18,488.0,816.18
TXN-11310,2026-08-09,BEAU-303,78,18.0,False,1404.0,624.0,780.0
TXN-11311,2026-08-10,BEAU-303,57,19.15,False,1091.55,456.0,635.55
TXN-11312,2026-08-11,BEAU-303,64,19.45,False,1244.8,512.0,732.8
TXN-11313,2026-08-12,BEAU-303,41,22.34,False,915.94,328.0,587.94
TXN-11314,2026-08-13,BEAU-303,63,18.8,False,1184.4,504.0,680.4
TXN-11315,2026-08-14,BEAU-303,56,19.59,False,1097.04,448.0,649.04
TXN-11316,2026-08-15,BEAU-303,116,17.46,True,2025.36,928.0,1097.36
TXN-11317,2026-08-16,BEAU-303,82,20.72,False,1699.04,656.0,1043.04
TXN-11318,2026-08-17,BEAU-303,47,20.32,False,955.04,376.0,579.04
TXN-11319,2026-08-18,BEAU-303,56,19.23,False,1076.88,448.0,628.88
TXN-11320,2026-08-19,BEAU-303,72,19.04,False,1370.88,576.0,794.88
TXN-11321,2026-08-20,BEAU-303,60,19.82,False,1189.2,480.0,709.2
TXN-11322,2026-08-21,BEAU-303,67,18.92,False,1267.64,536.0,731.64
TXN-11323,2026-08-22,BEAU-303,86,20.88,False,1795.68,688.0,1107.68
TXN-11324,2026-08-23,BEAU-303,69,20.43,False,1409.67,552.0,857.67
TXN-11325,2026-08-24,BEAU-303,42,18.68,False,784.56,336.0,448.56
TXN-11326,2026-08-25,BEAU-303,72,18.58,False,1337.76,576.0,761.76
TXN-11327,2026-08-26,BEAU-303,66,18.85,False,1244.1,528.0,716.1
TXN-11328,2026-08-27,BEAU-303,67,18.13,False,1214.71,536.0,678.71
TXN-11329,2026-08-28,BEAU-303,79,17.4,True,1374.6,632.0,742.6
TXN-11330,2026-08-29,BEAU-303,75,17.89,True,1341.75,600.0,741.75
TXN-11331,2026-08-30,BEAU-303,47,20.22,False,950.34,376.0,574.34
TXN-11332,2026-08-31,BEAU-303,52,20.84,False,1083.68,416.0,667.68
TXN-11333,2026-09-01,BEAU-303,86,17.07,True,1468.02,688.0,780.02
TXN-11334,2026-09-02,BEAU-303,52,20.37,False,1059.24,416.0,643.24
TXN-11335,2026-09-03,BEAU-303,50,20.02,False,1001.0,400.0,601.0
TXN-11336,2026-09-04,BEAU-303,67,19.76,False,1323.92,536.0,787.92
TXN-11337,2026-09-05,BEAU-303,69,21.54,False,1486.26,552.0,934.26
TXN-11338,2026-09-06,BEAU-303,78,19.35,False,1509.3,624.0,885.3
TXN-11339,2026-09-07,BEAU-303,76,18.91,False,1437.16,608.0,829.16
TXN-11340,2026-09-08,BEAU-303,54,19.4,False,1047.6,432.0,615.6
TXN-11341,2026-09-09,BEAU-303,40,19.41,False,776.4,320.0,456.4
TXN-11342,2026-09-10,BEAU-303,63,21.43,False,1350.09,504.0,846.09
TXN-11343,2026-09-11,BEAU-303,54,18.99,False,1025.46,432.0,593.46
TXN-11344,2026-09-12,BEAU-303,68,19.09,False,1298.12,544.0,754.12
TXN-11345,2026-09-13,BEAU-303,54,20.33,False,1097.82,432.0,665.82
TXN-11346,2026-09-14,BEAU-303,51,19.7,False,1004.7,408.0,596.7
TXN-11347,2026-09-15,BEAU-303,73,18.1,True,1321.3,584.0,737.3
TXN-11348,2026-09-16,BEAU-303,39,21.51,False,838.89,312.0,526.89
TXN-11349,2026-09-17,BEAU-303,39,20.56,False,801.84,312.0,489.84
TXN-11350,2026-09-18,BEAU-303,38,19.77,False,751.26,304.0,447.26
TXN-11351,2026-06-21,BEAU-304,75,11.8,True,885.0,412.5,472.5
TXN-11352,2026-06-22,BEAU-304,42,14.53,False,610.26,231.0,379.26
TXN-11353,2026-06-23,BEAU-304,41,12.96,False,531.36,225.5,305.86
TXN-11354,2026-06-24,BEAU-304,33,14.65,False,483.45,181.5,301.95
TXN-11355,2026-06-25,BEAU-304,45,14.04,False,631.8,247.5,384.3
TXN-11356,2026-06-26,BEAU-304,43,14.12,False,607.16,236.5,370.66
TXN-11357,2026-06-27,BEAU-304,50,13.67,False,683.5,275.0,408.5
TXN-11358,2026-06-28,BEAU-304,87,12.57,True,1093.59,478.5,615.09
TXN-11359,2026-06-29,BEAU-304,49,14.16,False,693.84,269.5,424.34
TXN-11360,2026-06-30,BEAU-304,46,14.47,False,665.62,253.0,412.62
TXN-11361,2026-07-01,BEAU-304,71,12.57,True,892.47,390.5,501.97
TXN-11362,2026-07-02,BEAU-304,46,13.96,False,642.16,253.0,389.16
TXN-11363,2026-07-03,BEAU-304,45,13.64,False,613.8,247.5,366.3
TXN-11364,2026-07-04,BEAU-304,50,14.21,False,710.5,275.0,435.5
TXN-11365,2026-07-05,BEAU-304,83,12.02,True,997.66,456.5,541.16
TXN-11366,2026-07-06,BEAU-304,28,15.16,False,424.48,154.0,270.48
TXN-11367,2026-07-07,BEAU-304,45,13.87,False,624.15,247.5,376.65
TXN-11368,2026-07-08,BEAU-304,52,13.75,False,715.0,286.0,429.0
TXN-11369,2026-07-09,BEAU-304,47,13.96,False,656.12,258.5,397.62
TXN-11370,2026-07-10,BEAU-304,43,14.89,False,640.27,236.5,403.77
TXN-11371,2026-07-11,BEAU-304,53,13.77,False,729.81,291.5,438.31
TXN-11372,2026-07-12,BEAU-304,54,14.23,False,768.42,297.0,471.42
TXN-11373,2026-07-13,BEAU-304,49,12.92,False,633.08,269.5,363.58
TXN-11374,2026-07-14,BEAU-304,54,14.58,False,787.32,297.0,490.32
TXN-11375,2026-07-15,BEAU-304,71,11.95,True,848.45,390.5,457.95
TXN-11376,2026-07-16,BEAU-304,40,14.06,False,562.4,220.0,342.4
TXN-11377,2026-07-17,BEAU-304,33,14.89,False,491.37,181.5,309.87
TXN-11378,2026-07-18,BEAU-304,90,14.65,False,1318.5,495.0,823.5
TXN-11379,2026-07-19,BEAU-304,47,14.3,False,672.1,258.5,413.6
TXN-11380,2026-07-20,BEAU-304,47,13.63,False,640.61,258.5,382.11
TXN-11381,2026-07-21,BEAU-304,38,14.02,False,532.76,209.0,323.76
TXN-11382,2026-07-22,BEAU-304,39,14.66,False,571.74,214.5,357.24
TXN-11383,2026-07-23,BEAU-304,44,13.5,False,594.0,242.0,352.0
TXN-11384,2026-07-24,BEAU-304,42,13.82,False,580.44,231.0,349.44
TXN-11385,2026-07-25,BEAU-304,66,12.08,True,797.28,363.0,434.28
TXN-11386,2026-07-26,BEAU-304,44,14.77,False,649.88,242.0,407.88
TXN-11387,2026-07-27,BEAU-304,34,14.26,False,484.84,187.0,297.84
TXN-11388,2026-07-28,BEAU-304,54,12.83,True,692.82,297.0,395.82
TXN-11389,2026-07-29,BEAU-304,41,14.1,False,578.1,225.5,352.6
TXN-11390,2026-07-30,BEAU-304,39,14.05,False,547.95,214.5,333.45
TXN-11391,2026-07-31,BEAU-304,39,13.69,False,533.91,214.5,319.41
TXN-11392,2026-08-01,BEAU-304,82,12.83,True,1052.06,451.0,601.06
TXN-11393,2026-08-02,BEAU-304,45,14.45,False,650.25,247.5,402.75
TXN-11394,2026-08-03,BEAU-304,42,13.37,False,561.54,231.0,330.54
TXN-11395,2026-08-04,BEAU-304,41,13.83,False,567.03,225.5,341.53
TXN-11396,2026-08-05,BEAU-304,57,13.55,False,772.35,313.5,458.85
TXN-11397,2026-08-06,BEAU-304,36,14.65,False,527.4,198.0,329.4
TXN-11398,2026-08-07,BEAU-304,41,14.22,False,583.02,225.5,357.52
TXN-11399,2026-08-08,BEAU-304,43,14.1,False,606.3,236.5,369.8
TXN-11400,2026-08-09,BEAU-304,54,13.74,False,741.96,297.0,444.96
TXN-11401,2026-08-10,BEAU-304,50,13.86,False,693.0,275.0,418.0
TXN-11402,2026-08-11,BEAU-304,36,14.41,False,518.76,198.0,320.76
TXN-11403,2026-08-12,BEAU-304,31,15.1,False,468.1,170.5,297.6
TXN-11404,2026-08-13,BEAU-304,35,14.94,False,522.9,192.5,330.4
TXN-11405,2026-08-14,BEAU-304,39,13.08,False,510.12,214.5,295.62
TXN-11406,2026-08-15,BEAU-304,99,12.18,True,1205.82,544.5,661.32
TXN-11407,2026-08-16,BEAU-304,87,11.6,True,1009.2,478.5,530.7
TXN-11408,2026-08-17,BEAU-304,37,13.93,False,515.41,203.5,311.91
TXN-11409,2026-08-18,BEAU-304,44,13.43,False,590.92,242.0,348.92
TXN-11410,2026-08-19,BEAU-304,55,13.6,False,748.0,302.5,445.5
TXN-11411,2026-08-20,BEAU-304,50,13.47,False,673.5,275.0,398.5
TXN-11412,2026-08-21,BEAU-304,40,14.51,False,580.4,220.0,360.4
TXN-11413,2026-08-22,BEAU-304,65,14.04,False,912.6,357.5,555.1
TXN-11414,2026-08-23,BEAU-304,55,13.31,False,732.05,302.5,429.55
TXN-11415,2026-08-24,BEAU-304,41,14.56,False,596.96,225.5,371.46
TXN-11416,2026-08-25,BEAU-304,47,13.95,False,655.65,258.5,397.15
TXN-11417,2026-08-26,BEAU-304,42,14.26,False,598.92,231.0,367.92
TXN-11418,2026-08-27,BEAU-304,41,14.48,False,593.68,225.5,368.18
TXN-11419,2026-08-28,BEAU-304,64,12.73,True,814.72,352.0,462.72
TXN-11420,2026-08-29,BEAU-304,59,13.4,False,790.6,324.5,466.1
TXN-11421,2026-08-30,BEAU-304,66,12.34,False,814.44,363.0,451.44
TXN-11422,2026-08-31,BEAU-304,75,13.76,False,1032.0,412.5,619.5
TXN-11423,2026-09-01,BEAU-304,90,11.79,True,1061.1,495.0,566.1
TXN-11424,2026-09-02,BEAU-304,42,14.03,False,589.26,231.0,358.26
TXN-11425,2026-09-03,BEAU-304,62,13.58,False,841.96,341.0,500.96
TXN-11426,2026-09-04,BEAU-304,34,14.15,False,481.1,187.0,294.1
TXN-11427,2026-09-05,BEAU-304,61,13.75,False,838.75,335.5,503.25
TXN-11428,2026-09-06,BEAU-304,71,12.75,True,905.25,390.5,514.75
TXN-11429,2026-09-07,BEAU-304,56,13.22,False,740.32,308.0,432.32
TXN-11430,2026-09-08,BEAU-304,42,14.77,False,620.34,231.0,389.34
TXN-11431,2026-09-09,BEAU-304,42,14.0,False,588.0,231.0,357.0
TXN-11432,2026-09-10,BEAU-304,40,13.48,False,539.2,220.0,319.2
TXN-11433,2026-09-11,BEAU-304,43,13.49,False,580.07,236.5,343.57
TXN-11434,2026-09-12,BEAU-304,83,11.96,True,992.68,456.5,536.18
TXN-11435,2026-09-13,BEAU-304,59,13.27,False,782.93,324.5,458.43
TXN-11436,2026-09-14,BEAU-304,50,14.52,False,726.0,275.0,451.0
TXN-11437,2026-09-15,BEAU-304,58,11.51,True,667.58,319.0,348.58
TXN-11438,2026-09-16,BEAU-304,35,15.09,False,528.15,192.5,335.65
TXN-11439,2026-09-17,BEAU-304,43,14.51,False,623.93,236.5,387.43
TXN-11440,2026-09-18,BEAU-304,43,14.17,False,609.31,236.5,372.81
TXN-11441,2026-06-21,BEAU-305,104,9.53,True,991.12,468.0,523.12
TXN-11442,2026-06-22,BEAU-305,53,11.17,False,592.01,238.5,353.51
TXN-11443,2026-06-23,BEAU-305,51,11.29,False,575.79,229.5,346.29
TXN-11444,2026-06-24,BEAU-305,65,10.24,False,665.6,292.5,373.1
TXN-11445,2026-06-25,BEAU-305,50,10.6,False,530.0,225.0,305.0
TXN-11446,2026-06-26,BEAU-305,52,10.76,False,559.52,234.0,325.52
TXN-11447,2026-06-27,BEAU-305,83,9.37,True,777.71,373.5,404.21
TXN-11448,2026-06-28,BEAU-305,90,9.45,True,850.5,405.0,445.5
TXN-11449,2026-06-29,BEAU-305,46,11.96,False,550.16,207.0,343.16
TXN-11450,2026-06-30,BEAU-305,54,11.4,False,615.6,243.0,372.6
TXN-11451,2026-07-01,BEAU-305,80,9.79,True,783.2,360.0,423.2
TXN-11452,2026-07-02,BEAU-305,51,11.32,False,577.32,229.5,347.82
TXN-11453,2026-07-03,BEAU-305,54,10.47,False,565.38,243.0,322.38
TXN-11454,2026-07-04,BEAU-305,60,10.83,False,649.8,270.0,379.8
TXN-11455,2026-07-05,BEAU-305,56,10.45,False,585.2,252.0,333.2
TXN-11456,2026-07-06,BEAU-305,57,11.08,False,631.56,256.5,375.06
TXN-11457,2026-07-07,BEAU-305,63,10.74,False,676.62,283.5,393.12
TXN-11458,2026-07-08,BEAU-305,64,11.19,False,716.16,288.0,428.16
TXN-11459,2026-07-09,BEAU-305,48,10.73,False,515.04,216.0,299.04
TXN-11460,2026-07-10,BEAU-305,60,11.92,False,715.2,270.0,445.2
TXN-11461,2026-07-11,BEAU-305,66,11.32,False,747.12,297.0,450.12
TXN-11462,2026-07-12,BEAU-305,83,10.65,False,883.95,373.5,510.45
TXN-11463,2026-07-13,BEAU-305,60,11.09,False,665.4,270.0,395.4
TXN-11464,2026-07-14,BEAU-305,45,10.88,False,489.6,202.5,287.1
TXN-11465,2026-07-15,BEAU-305,80,10.03,True,802.4,360.0,442.4
TXN-11466,2026-07-16,BEAU-305,42,11.25,False,472.5,189.0,283.5
TXN-11467,2026-07-17,BEAU-305,48,10.44,False,501.12,216.0,285.12
TXN-11468,2026-07-18,BEAU-305,74,10.82,False,800.68,333.0,467.68
TXN-11469,2026-07-19,BEAU-305,63,11.84,False,745.92,283.5,462.42
TXN-11470,2026-07-20,BEAU-305,47,10.78,False,506.66,211.5,295.16
TXN-11471,2026-07-21,BEAU-305,50,10.99,False,549.5,225.0,324.5
TXN-11472,2026-07-22,BEAU-305,53,10.76,False,570.28,238.5,331.78
TXN-11473,2026-07-23,BEAU-305,50,10.49,False,524.5,225.0,299.5
TXN-11474,2026-07-24,BEAU-305,56,10.5,False,588.0,252.0,336.0
TXN-11475,2026-07-25,BEAU-305,67,10.34,False,692.78,301.5,391.28
TXN-11476,2026-07-26,BEAU-305,74,10.67,False,789.58,333.0,456.58
TXN-11477,2026-07-27,BEAU-305,44,11.04,False,485.76,198.0,287.76
TXN-11478,2026-07-28,BEAU-305,76,9.3,True,706.8,342.0,364.8
TXN-11479,2026-07-29,BEAU-305,64,10.62,False,679.68,288.0,391.68
TXN-11480,2026-07-30,BEAU-305,71,10.7,False,759.7,319.5,440.2
TXN-11481,2026-07-31,BEAU-305,54,10.93,False,590.22,243.0,347.22
TXN-11482,2026-08-01,BEAU-305,108,9.8,True,1058.4,486.0,572.4
TXN-11483,2026-08-02,BEAU-305,80,10.1,False,808.0,360.0,448.0
TXN-11484,2026-08-03,BEAU-305,49,11.28,False,552.72,220.5,332.22
TXN-11485,2026-08-04,BEAU-305,57,10.77,False,613.89,256.5,357.39
TXN-11486,2026-08-05,BEAU-305,59,11.03,False,650.77,265.5,385.27
TXN-11487,2026-08-06,BEAU-305,54,10.61,False,572.94,243.0,329.94
TXN-11488,2026-08-07,BEAU-305,44,11.64,False,512.16,198.0,314.16
TXN-11489,2026-08-08,BEAU-305,64,11.26,False,720.64,288.0,432.64
TXN-11490,2026-08-09,BEAU-305,67,10.08,False,675.36,301.5,373.86
TXN-11491,2026-08-10,BEAU-305,51,10.61,False,541.11,229.5,311.61
TXN-11492,2026-08-11,BEAU-305,56,11.5,False,644.0,252.0,392.0
TXN-11493,2026-08-12,BEAU-305,47,11.24,False,528.28,211.5,316.78
TXN-11494,2026-08-13,BEAU-305,45,11.48,False,516.6,202.5,314.1
TXN-11495,2026-08-14,BEAU-305,40,10.8,False,432.0,180.0,252.0
TXN-11496,2026-08-15,BEAU-305,91,9.81,True,892.71,409.5,483.21
TXN-11497,2026-08-16,BEAU-305,78,11.43,False,891.54,351.0,540.54
TXN-11498,2026-08-17,BEAU-305,50,10.9,False,545.0,225.0,320.0
TXN-11499,2026-08-18,BEAU-305,53,11.26,False,596.78,238.5,358.28
TXN-11500,2026-08-19,BEAU-305,55,11.36,False,624.8,247.5,377.3
TXN-11501,2026-08-20,BEAU-305,52,10.66,False,554.32,234.0,320.32
TXN-11502,2026-08-21,BEAU-305,57,10.6,False,604.2,256.5,347.7
TXN-11503,2026-08-22,BEAU-305,62,11.56,False,716.72,279.0,437.72
TXN-11504,2026-08-23,BEAU-305,65,10.45,False,679.25,292.5,386.75
TXN-11505,2026-08-24,BEAU-305,48,11.71,False,562.08,216.0,346.08
TXN-11506,2026-08-25,BEAU-305,49,11.06,False,541.94,220.5,321.44
TXN-11507,2026-08-26,BEAU-305,55,11.04,False,607.2,247.5,359.7
TXN-11508,2026-08-27,BEAU-305,67,11.26,False,754.42,301.5,452.92
TXN-11509,2026-08-28,BEAU-305,69,9.5,True,655.5,310.5,345.0
TXN-11510,2026-08-29,BEAU-305,74,11.03,False,816.22,333.0,483.22
TXN-11511,2026-08-30,BEAU-305,80,10.04,False,803.2,360.0,443.2
TXN-11512,2026-08-31,BEAU-305,58,11.49,False,666.42,261.0,405.42
TXN-11513,2026-09-01,BEAU-305,74,9.38,True,694.12,333.0,361.12
TXN-11514,2026-09-02,BEAU-305,62,11.19,False,693.78,279.0,414.78
TXN-11515,2026-09-03,BEAU-305,56,10.89,False,609.84,252.0,357.84
TXN-11516,2026-09-04,BEAU-305,47,12.14,False,570.58,211.5,359.08
TXN-11517,2026-09-05,BEAU-305,81,10.96,False,887.76,364.5,523.26
TXN-11518,2026-09-06,BEAU-305,108,9.18,True,991.44,486.0,505.44
TXN-11519,2026-09-07,BEAU-305,59,10.75,False,634.25,265.5,368.75
TXN-11520,2026-09-08,BEAU-305,58,10.41,False,603.78,261.0,342.78
TXN-11521,2026-09-09,BEAU-305,58,10.12,False,586.96,261.0,325.96
TXN-11522,2026-09-10,BEAU-305,57,11.21,False,638.97,256.5,382.47
TXN-11523,2026-09-11,BEAU-305,51,11.12,False,567.12,229.5,337.62
TXN-11524,2026-09-12,BEAU-305,69,10.83,False,747.27,310.5,436.77
TXN-11525,2026-09-13,BEAU-305,72,10.55,False,759.6,324.0,435.6
TXN-11526,2026-09-14,BEAU-305,49,11.42,False,559.58,220.5,339.08
TXN-11527,2026-09-15,BEAU-305,84,10.11,True,849.24,378.0,471.24
TXN-11528,2026-09-16,BEAU-305,52,10.85,False,564.2,234.0,330.2
TXN-11529,2026-09-17,BEAU-305,66,10.46,False,690.36,297.0,393.36
TXN-11530,2026-09-18,BEAU-305,48,11.05,False,530.4,216.0,314.4
TXN-11531,2026-06-21,HOME-401,97,31.82,False,3086.54,1552.0,1534.54
TXN-11532,2026-06-22,HOME-401,68,29.57,False,2010.76,1088.0,922.76
TXN-11533,2026-06-23,HOME-401,66,28.41,False,1875.06,1056.0,819.06
TXN-11534,2026-06-24,HOME-401,64,30.56,False,1955.84,1024.0,931.84
TXN-11535,2026-06-25,HOME-401,70,30.19,False,2113.3,1120.0,993.3
TXN-11536,2026-06-26,HOME-401,63,29.33,False,1847.79,1008.0,839.79
TXN-11537,2026-06-27,HOME-401,91,28.21,False,2567.11,1456.0,1111.11
TXN-11538,2026-06-28,HOME-401,102,27.49,True,2803.98,1632.0,1171.98
TXN-11539,2026-06-29,HOME-401,61,30.36,False,1851.96,976.0,875.96
TXN-11540,2026-06-30,HOME-401,64,29.7,False,1900.8,1024.0,876.8
TXN-11541,2026-07-01,HOME-401,77,26.56,True,2045.12,1232.0,813.12
TXN-11542,2026-07-02,HOME-401,73,30.16,False,2201.68,1168.0,1033.68
TXN-11543,2026-07-03,HOME-401,55,29.78,False,1637.9,880.0,757.9
TXN-11544,2026-07-04,HOME-401,98,26.25,True,2572.5,1568.0,1004.5
TXN-11545,2026-07-05,HOME-401,86,30.1,False,2588.6,1376.0,1212.6
TXN-11546,2026-07-06,HOME-401,71,31.33,False,2224.43,1136.0,1088.43
TXN-11547,2026-07-07,HOME-401,83,28.96,False,2403.68,1328.0,1075.68
TXN-11548,2026-07-08,HOME-401,65,30.38,False,1974.7,1040.0,934.7
TXN-11549,2026-07-09,HOME-401,60,31.8,False,1908.0,960.0,948.0
TXN-11550,2026-07-10,HOME-401,69,29.15,False,2011.35,1104.0,907.35
TXN-11551,2026-07-11,HOME-401,76,31.6,False,2401.6,1216.0,1185.6
TXN-11552,2026-07-12,HOME-401,77,30.04,False,2313.08,1232.0,1081.08
TXN-11553,2026-07-13,HOME-401,65,27.58,False,1792.7,1040.0,752.7
TXN-11554,2026-07-14,HOME-401,79,29.97,False,2367.63,1264.0,1103.63
TXN-11555,2026-07-15,HOME-401,115,25.13,True,2889.95,1840.0,1049.95
TXN-11556,2026-07-16,HOME-401,75,31.08,False,2331.0,1200.0,1131.0
TXN-11557,2026-07-17,HOME-401,63,31.97,False,2014.11,1008.0,1006.11
TXN-11558,2026-07-18,HOME-401,110,25.72,True,2829.2,1760.0,1069.2
TXN-11559,2026-07-19,HOME-401,72,31.06,False,2236.32,1152.0,1084.32
TXN-11560,2026-07-20,HOME-401,75,29.46,False,2209.5,1200.0,1009.5
TXN-11561,2026-07-21,HOME-401,67,29.37,False,1967.79,1072.0,895.79
TXN-11562,2026-07-22,HOME-401,54,28.78,False,1554.12,864.0,690.12
TXN-11563,2026-07-23,HOME-401,77,30.04,False,2313.08,1232.0,1081.08
TXN-11564,2026-07-24,HOME-401,78,28.67,False,2236.26,1248.0,988.26
TXN-11565,2026-07-25,HOME-401,78,31.77,False,2478.06,1248.0,1230.06
TXN-11566,2026-07-26,HOME-401,102,30.07,False,3067.14,1632.0,1435.14
TXN-11567,2026-07-27,HOME-401,76,30.2,False,2295.2,1216.0,1079.2
TXN-11568,2026-07-28,HOME-401,74,27.07,True,2003.18,1184.0,819.18
TXN-11569,2026-07-29,HOME-401,63,29.34,False,1848.42,1008.0,840.42
TXN-11570,2026-07-30,HOME-401,72,28.8,False,2073.6,1152.0,921.6
TXN-11571,2026-07-31,HOME-401,109,28.93,False,3153.37,1744.0,1409.37
TXN-11572,2026-08-01,HOME-401,94,25.47,True,2394.18,1504.0,890.18
TXN-11573,2026-08-02,HOME-401,84,31.03,False,2606.52,1344.0,1262.52
TXN-11574,2026-08-03,HOME-401,57,30.5,False,1738.5,912.0,826.5
TXN-11575,2026-08-04,HOME-401,70,29.84,False,2088.8,1120.0,968.8
TXN-11576,2026-08-05,HOME-401,67,29.81,False,1997.27,1072.0,925.27
TXN-11577,2026-08-06,HOME-401,65,30.29,False,1968.85,1040.0,928.85
TXN-11578,2026-08-07,HOME-401,69,29.29,False,2021.01,1104.0,917.01
TXN-11579,2026-08-08,HOME-401,96,30.42,False,2920.32,1536.0,1384.32
TXN-11580,2026-08-09,HOME-401,76,31.26,False,2375.76,1216.0,1159.76
TXN-11581,2026-08-10,HOME-401,64,29.78,False,1905.92,1024.0,881.92
TXN-11582,2026-08-11,HOME-401,65,28.6,False,1859.0,1040.0,819.0
TXN-11583,2026-08-12,HOME-401,66,29.75,False,1963.5,1056.0,907.5
TXN-11584,2026-08-13,HOME-401,80,29.77,False,2381.6,1280.0,1101.6
TXN-11585,2026-08-14,HOME-401,73,30.86,False,2252.78,1168.0,1084.78
TXN-11586,2026-08-15,HOME-401,116,26.89,True,3119.24,1856.0,1263.24
TXN-11587,2026-08-16,HOME-401,77,30.31,False,2333.87,1232.0,1101.87
TXN-11588,2026-08-17,HOME-401,63,28.17,False,1774.71,1008.0,766.71
TXN-11589,2026-08-18,HOME-401,69,30.51,False,2105.19,1104.0,1001.19
TXN-11590,2026-08-19,HOME-401,68,29.96,False,2037.28,1088.0,949.28
TXN-11591,2026-08-20,HOME-401,68,29.09,False,1978.12,1088.0,890.12
TXN-11592,2026-08-21,HOME-401,75,29.05,False,2178.75,1200.0,978.75
TXN-11593,2026-08-22,HOME-401,76,30.9,False,2348.4,1216.0,1132.4
TXN-11594,2026-08-23,HOME-401,85,30.16,False,2563.6,1360.0,1203.6
TXN-11595,2026-08-24,HOME-401,60,30.81,False,1848.6,960.0,888.6
TXN-11596,2026-08-25,HOME-401,73,30.1,False,2197.3,1168.0,1029.3
TXN-11597,2026-08-26,HOME-401,58,32.64,False,1893.12,928.0,965.12
TXN-11598,2026-08-27,HOME-401,56,29.03,False,1625.68,896.0,729.68
TXN-11599,2026-08-28,HOME-401,110,25.21,True,2773.1,1760.0,1013.1
TXN-11600,2026-08-29,HOME-401,71,29.82,False,2117.22,1136.0,981.22
TXN-11601,2026-08-30,HOME-401,95,28.41,False,2698.95,1520.0,1178.95
TXN-11602,2026-08-31,HOME-401,70,29.18,False,2042.6,1120.0,922.6
TXN-11603,2026-09-01,HOME-401,79,26.18,True,2068.22,1264.0,804.22
TXN-11604,2026-09-02,HOME-401,88,27.77,False,2443.76,1408.0,1035.76
TXN-11605,2026-09-03,HOME-401,78,31.09,False,2425.02,1248.0,1177.02
TXN-11606,2026-09-04,HOME-401,54,29.98,False,1618.92,864.0,754.92
TXN-11607,2026-09-05,HOME-401,100,30.01,False,3001.0,1600.0,1401.0
TXN-11608,2026-09-06,HOME-401,112,26.32,True,2947.84,1792.0,1155.84
TXN-11609,2026-09-07,HOME-401,53,30.4,False,1611.2,848.0,763.2
TXN-11610,2026-09-08,HOME-401,78,29.33,False,2287.74,1248.0,1039.74
TXN-11611,2026-09-09,HOME-401,68,31.23,False,2123.64,1088.0,1035.64
TXN-11612,2026-09-10,HOME-401,62,29.04,False,1800.48,992.0,808.48
TXN-11613,2026-09-11,HOME-401,63,28.01,False,1764.63,1008.0,756.63
TXN-11614,2026-09-12,HOME-401,86,27.34,False,2351.24,1376.0,975.24
TXN-11615,2026-09-13,HOME-401,104,27.69,False,2879.76,1664.0,1215.76
TXN-11616,2026-09-14,HOME-401,77,29.85,False,2298.45,1232.0,1066.45
TXN-11617,2026-09-15,HOME-401,80,26.29,True,2103.2,1280.0,823.2
TXN-11618,2026-09-16,HOME-401,70,30.16,False,2111.2,1120.0,991.2
TXN-11619,2026-09-17,HOME-401,70,29.22,False,2045.4,1120.0,925.4
TXN-11620,2026-09-18,HOME-401,71,28.97,False,2056.87,1136.0,920.87
TXN-11621,2026-06-21,HOME-402,158,17.24,True,2723.92,1343.0,1380.92
TXN-11622,2026-06-22,HOME-402,78,20.01,False,1560.78,663.0,897.78
TXN-11623,2026-06-23,HOME-402,84,20.59,False,1729.56,714.0,1015.56
TXN-11624,2026-06-24,HOME-402,81,20.64,False,1671.84,688.5,983.34
TXN-11625,2026-06-25,HOME-402,75,19.98,False,1498.5,637.5,861.0
TXN-11626,2026-06-26,HOME-402,94,19.81,False,1862.14,799.0,1063.14
TXN-11627,2026-06-27,HOME-402,172,17.88,True,3075.36,1462.0,1613.36
TXN-11628,2026-06-28,HOME-402,121,18.21,True,2203.41,1028.5,1174.91
TXN-11629,2026-06-29,HOME-402,84,19.84,False,1666.56,714.0,952.56
TXN-11630,2026-06-30,HOME-402,66,20.44,False,1349.04,561.0,788.04
TXN-11631,2026-07-01,HOME-402,99,17.37,True,1719.63,841.5,878.13
TXN-11632,2026-07-02,HOME-402,85,19.25,False,1636.25,722.5,913.75
TXN-11633,2026-07-03,HOME-402,76,20.06,False,1524.56,646.0,878.56
TXN-11634,2026-07-04,HOME-402,136,17.95,True,2441.2,1156.0,1285.2
TXN-11635,2026-07-05,HOME-402,69,20.64,False,1424.16,586.5,837.66
TXN-11636,2026-07-06,HOME-402,71,20.76,False,1473.96,603.5,870.46
TXN-11637,2026-07-07,HOME-402,72,18.42,False,1326.24,612.0,714.24
TXN-11638,2026-07-08,HOME-402,64,21.32,False,1364.48,544.0,820.48
TXN-11639,2026-07-09,HOME-402,75,20.64,False,1548.0,637.5,910.5
TXN-11640,2026-07-10,HOME-402,62,20.25,False,1255.5,527.0,728.5
TXN-11641,2026-07-11,HOME-402,83,19.64,False,1630.12,705.5,924.62
TXN-11642,2026-07-12,HOME-402,103,19.25,False,1982.75,875.5,1107.25
TXN-11643,2026-07-13,HOME-402,78,19.07,False,1487.46,663.0,824.46
TXN-11644,2026-07-14,HOME-402,67,20.99,False,1406.33,569.5,836.83
TXN-11645,2026-07-15,HOME-402,106,16.87,True,1788.22,901.0,887.22
TXN-11646,2026-07-16,HOME-402,81,20.58,False,1666.98,688.5,978.48
TXN-11647,2026-07-17,HOME-402,82,19.39,False,1589.98,697.0,892.98
TXN-11648,2026-07-18,HOME-402,85,19.69,False,1673.65,722.5,951.15
TXN-11649,2026-07-19,HOME-402,90,19.93,False,1793.7,765.0,1028.7
TXN-11650,2026-07-20,HOME-402,57,19.53,False,1113.21,484.5,628.71
TXN-11651,2026-07-21,HOME-402,107,19.73,False,2111.11,909.5,1201.61
TXN-11652,2026-07-22,HOME-402,68,20.6,False,1400.8,578.0,822.8
TXN-11653,2026-07-23,HOME-402,63,21.0,False,1323.0,535.5,787.5
TXN-11654,2026-07-24,HOME-402,88,20.58,False,1811.04,748.0,1063.04
TXN-11655,2026-07-25,HOME-402,67,21.99,False,1473.33,569.5,903.83
TXN-11656,2026-07-26,HOME-402,127,17.96,True,2280.92,1079.5,1201.42
TXN-11657,2026-07-27,HOME-402,74,20.82,False,1540.68,629.0,911.68
TXN-11658,2026-07-28,HOME-402,85,18.13,True,1541.05,722.5,818.55
TXN-11659,2026-07-29,HOME-402,65,19.73,False,1282.45,552.5,729.95
TXN-11660,2026-07-30,HOME-402,85,18.84,False,1601.4,722.5,878.9
TXN-11661,2026-07-31,HOME-402,71,20.5,False,1455.5,603.5,852.0
TXN-11662,2026-08-01,HOME-402,135,17.4,True,2349.0,1147.5,1201.5
TXN-11663,2026-08-02,HOME-402,139,18.75,False,2606.25,1181.5,1424.75
TXN-11664,2026-08-03,HOME-402,73,18.64,False,1360.72,620.5,740.22
TXN-11665,2026-08-04,HOME-402,60,20.92,False,1255.2,510.0,745.2
TXN-11666,2026-08-05,HOME-402,73,19.68,False,1436.64,620.5,816.14
TXN-11667,2026-08-06,HOME-402,82,21.14,False,1733.48,697.0,1036.48
TXN-11668,2026-08-07,HOME-402,77,20.37,False,1568.49,654.5,913.99
TXN-11669,2026-08-08,HOME-402,103,19.39,False,1997.17,875.5,1121.67
TXN-11670,2026-08-09,HOME-402,99,21.3,False,2108.7,841.5,1267.2
TXN-11671,2026-08-10,HOME-402,56,20.37,False,1140.72,476.0,664.72
TXN-11672,2026-08-11,HOME-402,71,20.07,False,1424.97,603.5,821.47
TXN-11673,2026-08-12,HOME-402,99,20.26,False,2005.74,841.5,1164.24
TXN-11674,2026-08-13,HOME-402,71,19.53,False,1386.63,603.5,783.13
TXN-11675,2026-08-14,HOME-402,84,20.11,False,1689.24,714.0,975.24
TXN-11676,2026-08-15,HOME-402,134,17.57,True,2354.38,1139.0,1215.38
TXN-11677,2026-08-16,HOME-402,79,20.16,False,1592.64,671.5,921.14
TXN-11678,2026-08-17,HOME-402,73,20.57,False,1501.61,620.5,881.11
TXN-11679,2026-08-18,HOME-402,73,19.76,False,1442.48,620.5,821.98
TXN-11680,2026-08-19,HOME-402,65,20.76,False,1349.4,552.5,796.9
TXN-11681,2026-08-20,HOME-402,69,21.2,False,1462.8,586.5,876.3
TXN-11682,2026-08-21,HOME-402,75,19.08,False,1431.0,637.5,793.5
TXN-11683,2026-08-22,HOME-402,67,20.9,False,1400.3,569.5,830.8
TXN-11684,2026-08-23,HOME-402,109,19.81,False,2159.29,926.5,1232.79
TXN-11685,2026-08-24,HOME-402,62,20.44,False,1267.28,527.0,740.28
TXN-11686,2026-08-25,HOME-402,60,21.31,False,1278.6,510.0,768.6
TXN-11687,2026-08-26,HOME-402,67,20.63,False,1382.21,569.5,812.71
TXN-11688,2026-08-27,HOME-402,93,19.44,False,1807.92,790.5,1017.42
TXN-11689,2026-08-28,HOME-402,113,16.65,True,1881.45,960.5,920.95
TXN-11690,2026-08-29,HOME-402,87,20.68,False,1799.16,739.5,1059.66
TXN-11691,2026-08-30,HOME-402,119,16.49,True,1962.31,1011.5,950.81
TXN-11692,2026-08-31,HOME-402,76,21.09,False,1602.84,646.0,956.84
TXN-11693,2026-09-01,HOME-402,130,16.99,True,2208.7,1105.0,1103.7
TXN-11694,2026-09-02,HOME-402,80,20.16,False,1612.8,680.0,932.8
TXN-11695,2026-09-03,HOME-402,97,20.1,False,1949.7,824.5,1125.2
TXN-11696,2026-09-04,HOME-402,78,21.15,False,1649.7,663.0,986.7
TXN-11697,2026-09-05,HOME-402,111,18.86,False,2093.46,943.5,1149.96
TXN-11698,2026-09-06,HOME-402,88,18.64,False,1640.32,748.0,892.32
TXN-11699,2026-09-07,HOME-402,86,18.61,False,1600.46,731.0,869.46
TXN-11700,2026-09-08,HOME-402,74,19.87,False,1470.38,629.0,841.38
TXN-11701,2026-09-09,HOME-402,81,19.13,False,1549.53,688.5,861.03
TXN-11702,2026-09-10,HOME-402,70,19.82,False,1387.4,595.0,792.4
TXN-11703,2026-09-11,HOME-402,69,19.7,False,1359.3,586.5,772.8
TXN-11704,2026-09-12,HOME-402,92,20.61,False,1896.12,782.0,1114.12
TXN-11705,2026-09-13,HOME-402,93,20.12,False,1871.16,790.5,1080.66
TXN-11706,2026-09-14,HOME-402,70,21.09,False,1476.3,595.0,881.3
TXN-11707,2026-09-15,HOME-402,99,17.98,True,1780.02,841.5,938.52
TXN-11708,2026-09-16,HOME-402,78,20.9,False,1630.2,663.0,967.2
TXN-11709,2026-09-17,HOME-402,73,20.94,False,1528.62,620.5,908.12
TXN-11710,2026-09-18,HOME-402,62,19.75,False,1224.5,527.0,697.5
TXN-11711,2026-06-21,HOME-403,133,20.91,True,2781.03,1463.0,1318.03
TXN-11712,2026-06-22,HOME-403,70,23.97,False,1677.9,770.0,907.9
TXN-11713,2026-06-23,HOME-403,74,24.24,False,1793.76,814.0,979.76
TXN-11714,2026-06-24,HOME-403,79,23.52,False,1858.08,869.0,989.08
TXN-11715,2026-06-25,HOME-403,76,27.12,False,2061.12,836.0,1225.12
TXN-11716,2026-06-26,HOME-403,79,25.85,False,2042.15,869.0,1173.15
TXN-11717,2026-06-27,HOME-403,96,24.59,False,2360.64,1056.0,1304.64
TXN-11718,2026-06-28,HOME-403,133,22.17,True,2948.61,1463.0,1485.61
TXN-11719,2026-06-29,HOME-403,66,26.41,False,1743.06,726.0,1017.06
TXN-11720,2026-06-30,HOME-403,72,24.7,False,1778.4,792.0,986.4
TXN-11721,2026-07-01,HOME-403,89,21.91,True,1949.99,979.0,970.99
TXN-11722,2026-07-02,HOME-403,73,24.89,False,1816.97,803.0,1013.97
TXN-11723,2026-07-03,HOME-403,80,26.7,False,2136.0,880.0,1256.0
TXN-11724,2026-07-04,HOME-403,98,25.24,False,2473.52,1078.0,1395.52
TXN-11725,2026-07-05,HOME-403,137,22.29,True,3053.73,1507.0,1546.73
TXN-11726,2026-07-06,HOME-403,91,23.77,False,2163.07,1001.0,1162.07
TXN-11727,2026-07-07,HOME-403,64,25.97,False,1662.08,704.0,958.08
TXN-11728,2026-07-08,HOME-403,78,24.86,False,1939.08,858.0,1081.08
TXN-11729,2026-07-09,HOME-403,96,24.05,False,2308.8,1056.0,1252.8
TXN-11730,2026-07-10,HOME-403,61,25.29,False,1542.69,671.0,871.69
TXN-11731,2026-07-11,HOME-403,124,24.01,False,2977.24,1364.0,1613.24
TXN-11732,2026-07-12,HOME-403,81,23.45,False,1899.45,891.0,1008.45
TXN-11733,2026-07-13,HOME-403,85,24.77,False,2105.45,935.0,1170.45
TXN-11734,2026-07-14,HOME-403,74,24.48,False,1811.52,814.0,997.52
TXN-11735,2026-07-15,HOME-403,100,21.33,True,2133.0,1100.0,1033.0
TXN-11736,2026-07-16,HOME-403,94,23.61,False,2219.34,1034.0,1185.34
TXN-11737,2026-07-17,HOME-403,66,25.48,False,1681.68,726.0,955.68
TXN-11738,2026-07-18,HOME-403,113,21.54,True,2434.02,1243.0,1191.02
TXN-11739,2026-07-19,HOME-403,87,24.79,False,2156.73,957.0,1199.73
TXN-11740,2026-07-20,HOME-403,68,23.78,False,1617.04,748.0,869.04
TXN-11741,2026-07-21,HOME-403,75,23.83,False,1787.25,825.0,962.25
TXN-11742,2026-07-22,HOME-403,63,24.85,False,1565.55,693.0,872.55
TXN-11743,2026-07-23,HOME-403,88,24.63,False,2167.44,968.0,1199.44
TXN-11744,2026-07-24,HOME-403,62,26.47,False,1641.14,682.0,959.14
TXN-11745,2026-07-25,HOME-403,86,25.3,False,2175.8,946.0,1229.8
TXN-11746,2026-07-26,HOME-403,156,20.7,True,3229.2,1716.0,1513.2
TXN-11747,2026-07-27,HOME-403,67,24.66,False,1652.22,737.0,915.22
TXN-11748,2026-07-28,HOME-403,97,21.79,True,2113.63,1067.0,1046.63
TXN-11749,2026-07-29,HOME-403,80,24.31,False,1944.8,880.0,1064.8
TXN-11750,2026-07-30,HOME-403,108,23.05,False,2489.4,1188.0,1301.4
TXN-11751,2026-07-31,HOME-403,59,25.3,False,1492.7,649.0,843.7
TXN-11752,2026-08-01,HOME-403,111,22.69,True,2518.59,1221.0,1297.59
TXN-11753,2026-08-02,HOME-403,124,25.46,False,3157.04,1364.0,1793.04
TXN-11754,2026-08-03,HOME-403,68,25.27,False,1718.36,748.0,970.36
TXN-11755,2026-08-04,HOME-403,85,23.6,False,2006.0,935.0,1071.0
TXN-11756,2026-08-05,HOME-403,93,24.84,False,2310.12,1023.0,1287.12
TXN-11757,2026-08-06,HOME-403,68,23.49,False,1597.32,748.0,849.32
TXN-11758,2026-08-07,HOME-403,66,24.94,False,1646.04,726.0,920.04
TXN-11759,2026-08-08,HOME-403,84,25.16,False,2113.44,924.0,1189.44
TXN-11760,2026-08-09,HOME-403,125,20.82,True,2602.5,1375.0,1227.5
TXN-11761,2026-08-10,HOME-403,66,24.89,False,1642.74,726.0,916.74
TXN-11762,2026-08-11,HOME-403,73,24.62,False,1797.26,803.0,994.26
TXN-11763,2026-08-12,HOME-403,79,25.91,False,2046.89,869.0,1177.89
TXN-11764,2026-08-13,HOME-403,57,26.53,False,1512.21,627.0,885.21
TXN-11765,2026-08-14,HOME-403,97,24.88,False,2413.36,1067.0,1346.36
TXN-11766,2026-08-15,HOME-403,111,21.63,True,2400.93,1221.0,1179.93
TXN-11767,2026-08-16,HOME-403,97,22.14,True,2147.58,1067.0,1080.58
TXN-11768,2026-08-17,HOME-403,80,23.76,False,1900.8,880.0,1020.8
TXN-11769,2026-08-18,HOME-403,71,25.72,False,1826.12,781.0,1045.12
TXN-11770,2026-08-19,HOME-403,74,25.44,False,1882.56,814.0,1068.56
TXN-11771,2026-08-20,HOME-403,78,26.05,False,2031.9,858.0,1173.9
TXN-11772,2026-08-21,HOME-403,79,25.72,False,2031.88,869.0,1162.88
TXN-11773,2026-08-22,HOME-403,90,25.67,False,2310.3,990.0,1320.3
TXN-11774,2026-08-23,HOME-403,143,24.18,False,3457.74,1573.0,1884.74
TXN-11775,2026-08-24,HOME-403,61,25.23,False,1539.03,671.0,868.03
TXN-11776,2026-08-25,HOME-403,68,26.04,False,1770.72,748.0,1022.72
TXN-11777,2026-08-26,HOME-403,67,25.24,False,1691.08,737.0,954.08
TXN-11778,2026-08-27,HOME-403,74,24.51,False,1813.74,814.0,999.74
TXN-11779,2026-08-28,HOME-403,99,22.72,True,2249.28,1089.0,1160.28
TXN-11780,2026-08-29,HOME-403,93,26.36,False,2451.48,1023.0,1428.48
TXN-11781,2026-08-30,HOME-403,89,24.7,False,2198.3,979.0,1219.3
TXN-11782,2026-08-31,HOME-403,73,26.43,False,1929.39,803.0,1126.39
TXN-11783,2026-09-01,HOME-403,97,21.02,True,2038.94,1067.0,971.94
TXN-11784,2026-09-02,HOME-403,92,24.6,False,2263.2,1012.0,1251.2
TXN-11785,2026-09-03,HOME-403,73,23.28,False,1699.44,803.0,896.44
TXN-11786,2026-09-04,HOME-403,83,23.18,False,1923.94,913.0,1010.94
TXN-11787,2026-09-05,HOME-403,113,26.53,False,2997.89,1243.0,1754.89
TXN-11788,2026-09-06,HOME-403,76,24.51,False,1862.76,836.0,1026.76
TXN-11789,2026-09-07,HOME-403,52,26.04,False,1354.08,572.0,782.08
TXN-11790,2026-09-08,HOME-403,80,24.07,False,1925.6,880.0,1045.6
TXN-11791,2026-09-09,HOME-403,59,26.2,False,1545.8,649.0,896.8
TXN-11792,2026-09-10,HOME-403,60,24.8,False,1488.0,660.0,828.0
TXN-11793,2026-09-11,HOME-403,66,24.5,False,1617.0,726.0,891.0
TXN-11794,2026-09-12,HOME-403,72,25.64,False,1846.08,792.0,1054.08
TXN-11795,2026-09-13,HOME-403,85,25.53,False,2170.05,935.0,1235.05
TXN-11796,2026-09-14,HOME-403,61,24.92,False,1520.12,671.0,849.12
TXN-11797,2026-09-15,HOME-403,102,20.62,True,2103.24,1122.0,981.24
TXN-11798,2026-09-16,HOME-403,69,24.28,False,1675.32,759.0,916.32
TXN-11799,2026-09-17,HOME-403,71,23.92,False,1698.32,781.0,917.32
TXN-11800,2026-09-18,HOME-403,62,26.11,False,1618.82,682.0,936.82
TXN-11801,2026-06-21,HOME-404,84,38.93,False,3270.12,1596.0,1674.12
TXN-11802,2026-06-22,HOME-404,53,42.33,False,2243.49,1007.0,1236.49
TXN-11803,2026-06-23,HOME-404,72,37.09,False,2670.48,1368.0,1302.48
TXN-11804,2026-06-24,HOME-404,59,41.03,False,2420.77,1121.0,1299.77
TXN-11805,2026-06-25,HOME-404,54,43.1,False,2327.4,1026.0,1301.4
TXN-11806,2026-06-26,HOME-404,67,37.5,False,2512.5,1273.0,1239.5
TXN-11807,2026-06-27,HOME-404,94,38.81,False,3648.14,1786.0,1862.14
TXN-11808,2026-06-28,HOME-404,104,34.54,True,3592.16,1976.0,1616.16
TXN-11809,2026-06-29,HOME-404,67,40.34,False,2702.78,1273.0,1429.78
TXN-11810,2026-06-30,HOME-404,60,39.85,False,2391.0,1140.0,1251.0
TXN-11811,2026-07-01,HOME-404,86,35.3,True,3035.8,1634.0,1401.8
TXN-11812,2026-07-02,HOME-404,64,38.98,False,2494.72,1216.0,1278.72
TXN-11813,2026-07-03,HOME-404,60,40.8,False,2448.0,1140.0,1308.0
TXN-11814,2026-07-04,HOME-404,76,40.83,False,3103.08,1444.0,1659.08
TXN-11815,2026-07-05,HOME-404,80,40.97,False,3277.6,1520.0,1757.6
TXN-11816,2026-07-06,HOME-404,71,38.6,False,2740.6,1349.0,1391.6
TXN-11817,2026-07-07,HOME-404,70,39.08,False,2735.6,1330.0,1405.6
TXN-11818,2026-07-08,HOME-404,61,38.33,False,2338.13,1159.0,1179.13
TXN-11819,2026-07-09,HOME-404,69,40.06,False,2764.14,1311.0,1453.14
TXN-11820,2026-07-10,HOME-404,66,40.68,False,2684.88,1254.0,1430.88
TXN-11821,2026-07-11,HOME-404,102,39.08,False,3986.16,1938.0,2048.16
TXN-11822,2026-07-12,HOME-404,84,37.14,False,3119.76,1596.0,1523.76
TXN-11823,2026-07-13,HOME-404,73,39.39,False,2875.47,1387.0,1488.47
TXN-11824,2026-07-14,HOME-404,60,38.89,False,2333.4,1140.0,1193.4
TXN-11825,2026-07-15,HOME-404,90,33.11,True,2979.9,1710.0,1269.9
TXN-11826,2026-07-16,HOME-404,68,41.01,False,2788.68,1292.0,1496.68
TXN-11827,2026-07-17,HOME-404,55,40.99,False,2254.45,1045.0,1209.45
TXN-11828,2026-07-18,HOME-404,69,42.16,False,2909.04,1311.0,1598.04
TXN-11829,2026-07-19,HOME-404,103,34.59,True,3562.77,1957.0,1605.77
TXN-11830,2026-07-20,HOME-404,64,41.41,False,2650.24,1216.0,1434.24
TXN-11831,2026-07-21,HOME-404,61,40.34,False,2460.74,1159.0,1301.74
TXN-11832,2026-07-22,HOME-404,56,39.28,False,2199.68,1064.0,1135.68
TXN-11833,2026-07-23,HOME-404,59,38.29,False,2259.11,1121.0,1138.11
TXN-11834,2026-07-24,HOME-404,61,41.34,False,2521.74,1159.0,1362.74
TXN-11835,2026-07-25,HOME-404,84,39.61,False,3327.24,1596.0,1731.24
TXN-11836,2026-07-26,HOME-404,75,39.01,False,2925.75,1425.0,1500.75
TXN-11837,2026-07-27,HOME-404,56,39.79,False,2228.24,1064.0,1164.24
TXN-11838,2026-07-28,HOME-404,102,33.31,True,3397.62,1938.0,1459.62
TXN-11839,2026-07-29,HOME-404,59,40.85,False,2410.15,1121.0,1289.15
TXN-11840,2026-07-30,HOME-404,61,39.84,False,2430.24,1159.0,1271.24
TXN-11841,2026-07-31,HOME-404,76,36.59,False,2780.84,1444.0,1336.84
TXN-11842,2026-08-01,HOME-404,103,35.84,True,3691.52,1957.0,1734.52
TXN-11843,2026-08-02,HOME-404,76,41.59,False,3160.84,1444.0,1716.84
TXN-11844,2026-08-03,HOME-404,61,38.68,False,2359.48,1159.0,1200.48
TXN-11845,2026-08-04,HOME-404,74,41.28,False,3054.72,1406.0,1648.72
TXN-11846,2026-08-05,HOME-404,77,39.72,False,3058.44,1463.0,1595.44
TXN-11847,2026-08-06,HOME-404,63,40.92,False,2577.96,1197.0,1380.96
TXN-11848,2026-08-07,HOME-404,68,36.83,False,2504.44,1292.0,1212.44
TXN-11849,2026-08-08,HOME-404,87,39.66,False,3450.42,1653.0,1797.42
TXN-11850,2026-08-09,HOME-404,67,42.35,False,2837.45,1273.0,1564.45
TXN-11851,2026-08-10,HOME-404,55,43.19,False,2375.45,1045.0,1330.45
TXN-11852,2026-08-11,HOME-404,66,39.35,False,2597.1,1254.0,1343.1
TXN-11853,2026-08-12,HOME-404,51,40.59,False,2070.09,969.0,1101.09
TXN-11854,2026-08-13,HOME-404,55,41.53,False,2284.15,1045.0,1239.15
TXN-11855,2026-08-14,HOME-404,64,39.96,False,2557.44,1216.0,1341.44
TXN-11856,2026-08-15,HOME-404,90,33.58,True,3022.2,1710.0,1312.2
TXN-11857,2026-08-16,HOME-404,69,40.57,False,2799.33,1311.0,1488.33
TXN-11858,2026-08-17,HOME-404,49,43.2,False,2116.8,931.0,1185.8
TXN-11859,2026-08-18,HOME-404,69,39.48,False,2724.12,1311.0,1413.12
TXN-11860,2026-08-19,HOME-404,61,40.16,False,2449.76,1159.0,1290.76
TXN-11861,2026-08-20,HOME-404,67,39.39,False,2639.13,1273.0,1366.13
TXN-11862,2026-08-21,HOME-404,61,38.64,False,2357.04,1159.0,1198.04
TXN-11863,2026-08-22,HOME-404,70,42.34,False,2963.8,1330.0,1633.8
TXN-11864,2026-08-23,HOME-404,103,33.35,True,3435.05,1957.0,1478.05
TXN-11865,2026-08-24,HOME-404,61,39.73,False,2423.53,1159.0,1264.53
TXN-11866,2026-08-25,HOME-404,78,39.11,False,3050.58,1482.0,1568.58
TXN-11867,2026-08-26,HOME-404,72,41.59,False,2994.48,1368.0,1626.48
TXN-11868,2026-08-27,HOME-404,67,37.74,False,2528.58,1273.0,1255.58
TXN-11869,2026-08-28,HOME-404,94,34.07,True,3202.58,1786.0,1416.58
TXN-11870,2026-08-29,HOME-404,76,39.17,False,2976.92,1444.0,1532.92
TXN-11871,2026-08-30,HOME-404,99,40.29,False,3988.71,1881.0,2107.71
TXN-11872,2026-08-31,HOME-404,61,39.83,False,2429.63,1159.0,1270.63
TXN-11873,2026-09-01,HOME-404,102,35.45,True,3615.9,1938.0,1677.9
TXN-11874,2026-09-02,HOME-404,97,37.65,False,3652.05,1843.0,1809.05
TXN-11875,2026-09-03,HOME-404,71,39.73,False,2820.83,1349.0,1471.83
TXN-11876,2026-09-04,HOME-404,67,41.11,False,2754.37,1273.0,1481.37
TXN-11877,2026-09-05,HOME-404,75,42.15,False,3161.25,1425.0,1736.25
TXN-11878,2026-09-06,HOME-404,112,35.31,True,3954.72,2128.0,1826.72
TXN-11879,2026-09-07,HOME-404,63,40.29,False,2538.27,1197.0,1341.27
TXN-11880,2026-09-08,HOME-404,57,42.36,False,2414.52,1083.0,1331.52
TXN-11881,2026-09-09,HOME-404,59,39.35,False,2321.65,1121.0,1200.65
TXN-11882,2026-09-10,HOME-404,51,41.58,False,2120.58,969.0,1151.58
TXN-11883,2026-09-11,HOME-404,73,40.77,False,2976.21,1387.0,1589.21
TXN-11884,2026-09-12,HOME-404,119,33.01,True,3928.19,2261.0,1667.19
TXN-11885,2026-09-13,HOME-404,66,40.05,False,2643.3,1254.0,1389.3
TXN-11886,2026-09-14,HOME-404,51,42.14,False,2149.14,969.0,1180.14
TXN-11887,2026-09-15,HOME-404,104,32.91,True,3422.64,1976.0,1446.64
TXN-11888,2026-09-16,HOME-404,66,39.01,False,2574.66,1254.0,1320.66
TXN-11889,2026-09-17,HOME-404,64,38.79,False,2482.56,1216.0,1266.56
TXN-11890,2026-09-18,HOME-404,54,40.61,False,2192.94,1026.0,1166.94
TXN-11891,2026-06-21,HOME-405,69,15.54,False,1072.26,414.0,658.26
TXN-11892,2026-06-22,HOME-405,43,15.1,False,649.3,258.0,391.3
TXN-11893,2026-06-23,HOME-405,49,14.58,False,714.42,294.0,420.42
TXN-11894,2026-06-24,HOME-405,51,15.19,False,774.69,306.0,468.69
TXN-11895,2026-06-25,HOME-405,53,14.91,False,790.23,318.0,472.23
TXN-11896,2026-06-26,HOME-405,51,15.19,False,774.69,306.0,468.69
TXN-11897,2026-06-27,HOME-405,51,15.41,False,785.91,306.0,479.91
TXN-11898,2026-06-28,HOME-405,76,12.66,True,962.16,456.0,506.16
TXN-11899,2026-06-29,HOME-405,54,15.09,False,814.86,324.0,490.86
TXN-11900,2026-06-30,HOME-405,49,13.98,False,685.02,294.0,391.02
TXN-11901,2026-07-01,HOME-405,64,13.39,True,856.96,384.0,472.96
TXN-11902,2026-07-02,HOME-405,56,14.42,False,807.52,336.0,471.52
TXN-11903,2026-07-03,HOME-405,63,14.92,False,939.96,378.0,561.96
TXN-11904,2026-07-04,HOME-405,73,14.38,False,1049.74,438.0,611.74
TXN-11905,2026-07-05,HOME-405,72,13.75,False,990.0,432.0,558.0
TXN-11906,2026-07-06,HOME-405,61,15.66,False,955.26,366.0,589.26
TXN-11907,2026-07-07,HOME-405,46,14.34,False,659.64,276.0,383.64
TXN-11908,2026-07-08,HOME-405,49,14.71,False,720.79,294.0,426.79
TXN-11909,2026-07-09,HOME-405,47,15.3,False,719.1,282.0,437.1
TXN-11910,2026-07-10,HOME-405,58,14.78,False,857.24,348.0,509.24
TXN-11911,2026-07-11,HOME-405,77,14.39,False,1108.03,462.0,646.03
TXN-11912,2026-07-12,HOME-405,68,14.24,False,968.32,408.0,560.32
TXN-11913,2026-07-13,HOME-405,55,14.49,False,796.95,330.0,466.95
TXN-11914,2026-07-14,HOME-405,51,14.61,False,745.11,306.0,439.11
TXN-11915,2026-07-15,HOME-405,65,12.64,True,821.6,390.0,431.6
TXN-11916,2026-07-16,HOME-405,51,15.89,False,810.39,306.0,504.39
TXN-11917,2026-07-17,HOME-405,52,14.28,False,742.56,312.0,430.56
TXN-11918,2026-07-18,HOME-405,65,15.07,False,979.55,390.0,589.55
TXN-11919,2026-07-19,HOME-405,64,14.88,False,952.32,384.0,568.32
TXN-11920,2026-07-20,HOME-405,55,15.08,False,829.4,330.0,499.4
TXN-11921,2026-07-21,HOME-405,52,14.42,False,749.84,312.0,437.84
TXN-11922,2026-07-22,HOME-405,61,14.5,False,884.5,366.0,518.5
TXN-11923,2026-07-23,HOME-405,57,14.96,False,852.72,342.0,510.72
TXN-11924,2026-07-24,HOME-405,51,15.94,False,812.94,306.0,506.94
TXN-11925,2026-07-25,HOME-405,118,13.42,True,1583.56,708.0,875.56
TXN-11926,2026-07-26,HOME-405,70,14.67,False,1026.9,420.0,606.9
TXN-11927,2026-07-27,HOME-405,66,13.96,False,921.36,396.0,525.36
TXN-11928,2026-07-28,HOME-405,77,12.59,True,969.43,462.0,507.43
TXN-11929,2026-07-29,HOME-405,50,14.49,False,724.5,300.0,424.5
TXN-11930,2026-07-30,HOME-405,43,15.94,False,685.42,258.0,427.42
TXN-11931,2026-07-31,HOME-405,61,13.97,False,852.17,366.0,486.17
TXN-11932,2026-08-01,HOME-405,79,13.11,True,1035.69,474.0,561.69
TXN-11933,2026-08-02,HOME-405,80,13.67,True,1093.6,480.0,613.6
TXN-11934,2026-08-03,HOME-405,58,14.4,False,835.2,348.0,487.2
TXN-11935,2026-08-04,HOME-405,57,14.95,False,852.15,342.0,510.15
TXN-11936,2026-08-05,HOME-405,62,14.45,False,895.9,372.0,523.9
TXN-11937,2026-08-06,HOME-405,65,15.66,False,1017.9,390.0,627.9
TXN-11938,2026-08-07,HOME-405,51,14.4,False,734.4,306.0,428.4
TXN-11939,2026-08-08,HOME-405,108,13.91,False,1502.28,648.0,854.28
TXN-11940,2026-08-09,HOME-405,73,14.86,False,1084.78,438.0,646.78
TXN-11941,2026-08-10,HOME-405,51,14.57,False,743.07,306.0,437.07
TXN-11942,2026-08-11,HOME-405,49,15.66,False,767.34,294.0,473.34
TXN-11943,2026-08-12,HOME-405,59,14.5,False,855.5,354.0,501.5
TXN-11944,2026-08-13,HOME-405,50,14.44,False,722.0,300.0,422.0
TXN-11945,2026-08-14,HOME-405,61,15.12,False,922.32,366.0,556.32
TXN-11946,2026-08-15,HOME-405,126,12.69,True,1598.94,756.0,842.94
TXN-11947,2026-08-16,HOME-405,63,15.14,False,953.82,378.0,575.82
TXN-11948,2026-08-17,HOME-405,47,15.56,False,731.32,282.0,449.32
TXN-11949,2026-08-18,HOME-405,55,14.81,False,814.55,330.0,484.55
TXN-11950,2026-08-19,HOME-405,54,14.86,False,802.44,324.0,478.44
TXN-11951,2026-08-20,HOME-405,46,15.26,False,701.96,276.0,425.96
TXN-11952,2026-08-21,HOME-405,64,15.37,False,983.68,384.0,599.68
TXN-11953,2026-08-22,HOME-405,64,14.86,False,951.04,384.0,567.04
TXN-11954,2026-08-23,HOME-405,61,15.13,False,922.93,366.0,556.93
TXN-11955,2026-08-24,HOME-405,49,14.82,False,726.18,294.0,432.18
TXN-11956,2026-08-25,HOME-405,52,14.32,False,744.64,312.0,432.64
TXN-11957,2026-08-26,HOME-405,60,14.6,False,876.0,360.0,516.0
TXN-11958,2026-08-27,HOME-405,67,14.21,False,952.07,402.0,550.07
TXN-11959,2026-08-28,HOME-405,74,12.71,True,940.54,444.0,496.54
TXN-11960,2026-08-29,HOME-405,63,13.63,False,858.69,378.0,480.69
TXN-11961,2026-08-30,HOME-405,58,16.19,False,939.02,348.0,591.02
TXN-11962,2026-08-31,HOME-405,47,15.19,False,713.93,282.0,431.93
TXN-11963,2026-09-01,HOME-405,78,12.36,True,964.08,468.0,496.08
TXN-11964,2026-09-02,HOME-405,47,16.11,False,757.17,282.0,475.17
TXN-11965,2026-09-03,HOME-405,62,15.26,False,946.12,372.0,574.12
TXN-11966,2026-09-04,HOME-405,51,14.7,False,749.7,306.0,443.7
TXN-11967,2026-09-05,HOME-405,62,15.27,False,946.74,372.0,574.74
TXN-11968,2026-09-06,HOME-405,61,14.37,False,876.57,366.0,510.57
TXN-11969,2026-09-07,HOME-405,49,14.27,False,699.23,294.0,405.23
TXN-11970,2026-09-08,HOME-405,51,15.44,False,787.44,306.0,481.44
TXN-11971,2026-09-09,HOME-405,47,14.29,False,671.63,282.0,389.63
TXN-11972,2026-09-10,HOME-405,55,14.48,False,796.4,330.0,466.4
TXN-11973,2026-09-11,HOME-405,42,14.33,False,601.86,252.0,349.86
TXN-11974,2026-09-12,HOME-405,58,14.89,False,863.62,348.0,515.62
TXN-11975,2026-09-13,HOME-405,108,13.28,True,1434.24,648.0,786.24
TXN-11976,2026-09-14,HOME-405,45,15.57,False,700.65,270.0,430.65
TXN-11977,2026-09-15,HOME-405,59,13.48,True,795.32,354.0,441.32
TXN-11978,2026-09-16,HOME-405,60,16.74,False,1004.4,360.0,644.4
TXN-11979,2026-09-17,HOME-405,52,14.49,False,753.48,312.0,441.48
TXN-11980,2026-09-18,HOME-405,49,15.33,False,751.17,294.0,457.17
