record_date,sku,competitor_name,competitor_price,in_stock,shipping_fee
2026-06-21,ELEC-101,MegaRetail_HQ,52.2,True,0.0
2026-06-21,ELEC-101,SwiftBlink_Prime,63.78,True,0.0
2026-06-21,ELEC-101,ApexMarket_Direct,61.77,True,0.0
2026-06-22,ELEC-101,MegaRetail_HQ,60.36,True,0.0
2026-06-22,ELEC-101,SwiftBlink_Prime,53.01,True,0.0
2026-06-22,ELEC-101,ApexMarket_Direct,61.94,False,0.0
2026-06-23,ELEC-101,MegaRetail_HQ,59.29,True,0.0
2026-06-23,ELEC-101,SwiftBlink_Prime,60.19,True,0.0
2026-06-23,ELEC-101,ApexMarket_Direct,62.21,True,0.0
2026-06-24,ELEC-101,MegaRetail_HQ,52.73,True,0.0
2026-06-24,ELEC-101,SwiftBlink_Prime,59.75,True,0.0
2026-06-24,ELEC-101,ApexMarket_Direct,62.0,True,0.0
2026-06-25,ELEC-101,MegaRetail_HQ,61.92,True,0.0
2026-06-25,ELEC-101,SwiftBlink_Prime,57.71,True,0.0
2026-06-25,ELEC-101,ApexMarket_Direct,62.37,True,0.0
2026-06-26,ELEC-101,MegaRetail_HQ,60.55,True,0.0
2026-06-26,ELEC-101,SwiftBlink_Prime,61.39,True,0.0
2026-06-26,ELEC-101,ApexMarket_Direct,61.99,True,0.0
2026-06-27,ELEC-101,MegaRetail_HQ,58.27,True,0.0
2026-06-27,ELEC-101,SwiftBlink_Prime,61.56,False,0.0
2026-06-27,ELEC-101,ApexMarket_Direct,58.16,True,0.0
2026-06-28,ELEC-101,MegaRetail_HQ,50.08,True,0.0
2026-06-28,ELEC-101,SwiftBlink_Prime,62.91,True,0.0
2026-06-28,ELEC-101,ApexMarket_Direct,56.62,True,0.0
2026-06-29,ELEC-101,MegaRetail_HQ,58.11,True,0.0
2026-06-29,ELEC-101,SwiftBlink_Prime,60.05,True,0.0
2026-06-29,ELEC-101,ApexMarket_Direct,55.54,True,0.0
2026-06-30,ELEC-101,MegaRetail_HQ,59.44,True,0.0
2026-06-30,ELEC-101,SwiftBlink_Prime,61.64,True,0.0
2026-06-30,ELEC-101,ApexMarket_Direct,57.82,True,0.0
2026-07-01,ELEC-101,MegaRetail_HQ,58.4,True,0.0
2026-07-01,ELEC-101,SwiftBlink_Prime,61.99,True,0.0
2026-07-01,ELEC-101,ApexMarket_Direct,59.9,False,0.0
2026-07-02,ELEC-101,MegaRetail_HQ,56.65,True,0.0
2026-07-02,ELEC-101,SwiftBlink_Prime,59.54,True,0.0
2026-07-02,ELEC-101,ApexMarket_Direct,61.38,True,0.0
2026-07-03,ELEC-101,MegaRetail_HQ,58.96,True,0.0
2026-07-03,ELEC-101,SwiftBlink_Prime,60.26,True,0.0
2026-07-03,ELEC-101,ApexMarket_Direct,60.01,True,0.0
2026-07-04,ELEC-101,MegaRetail_HQ,59.05,True,0.0
2026-07-04,ELEC-101,SwiftBlink_Prime,63.04,True,0.0
2026-07-04,ELEC-101,ApexMarket_Direct,55.29,True,0.0
2026-07-05,ELEC-101,MegaRetail_HQ,58.65,False,0.0
2026-07-05,ELEC-101,SwiftBlink_Prime,62.75,True,0.0
2026-07-05,ELEC-101,ApexMarket_Direct,52.42,True,0.0
2026-07-06,ELEC-101,MegaRetail_HQ,52.28,True,0.0
2026-07-06,ELEC-101,SwiftBlink_Prime,61.4,True,0.0
2026-07-06,ELEC-101,ApexMarket_Direct,52.1,True,0.0
2026-07-07,ELEC-101,MegaRetail_HQ,52.59,True,0.0
2026-07-07,ELEC-101,SwiftBlink_Prime,60.24,True,0.0
2026-07-07,ELEC-101,ApexMarket_Direct,54.21,True,0.0
2026-07-08,ELEC-101,MegaRetail_HQ,60.32,True,0.0
2026-07-08,ELEC-101,SwiftBlink_Prime,59.61,True,0.0
2026-07-08,ELEC-101,ApexMarket_Direct,54.37,True,0.0
2026-07-09,ELEC-101,MegaRetail_HQ,60.74,True,0.0
2026-07-09,ELEC-101,SwiftBlink_Prime,59.68,True,0.0
2026-07-09,ELEC-101,ApexMarket_Direct,54.79,True,0.0
2026-07-10,ELEC-101,MegaRetail_HQ,60.01,True,0.0
2026-07-10,ELEC-101,SwiftBlink_Prime,58.28,True,0.0
2026-07-10,ELEC-101,ApexMarket_Direct,55.28,True,0.0
2026-07-11,ELEC-101,MegaRetail_HQ,60.32,False,0.0
2026-07-11,ELEC-101,SwiftBlink_Prime,58.5,True,0.0
2026-07-11,ELEC-101,ApexMarket_Direct,52.97,True,0.0
2026-07-12,ELEC-101,MegaRetail_HQ,60.38,True,0.0
2026-07-12,ELEC-101,SwiftBlink_Prime,63.16,True,0.0
2026-07-12,ELEC-101,ApexMarket_Direct,45.63,True,0.0
2026-07-13,ELEC-101,MegaRetail_HQ,58.22,True,0.0
2026-07-13,ELEC-101,SwiftBlink_Prime,64.74,True,0.0
2026-07-13,ELEC-101,ApexMarket_Direct,55.98,True,0.0
2026-07-14,ELEC-101,MegaRetail_HQ,61.01,True,0.0
2026-07-14,ELEC-101,SwiftBlink_Prime,61.5,True,0.0
2026-07-14,ELEC-101,ApexMarket_Direct,57.64,True,0.0
2026-07-15,ELEC-101,MegaRetail_HQ,59.84,True,0.0
2026-07-15,ELEC-101,SwiftBlink_Prime,64.34,True,0.0
2026-07-15,ELEC-101,ApexMarket_Direct,59.56,True,0.0
2026-07-16,ELEC-101,MegaRetail_HQ,61.03,True,0.0
2026-07-16,ELEC-101,SwiftBlink_Prime,61.49,True,0.0
2026-07-16,ELEC-101,ApexMarket_Direct,51.5,True,0.0
2026-07-17,ELEC-101,MegaRetail_HQ,60.58,True,0.0
2026-07-17,ELEC-101,SwiftBlink_Prime,60.57,True,0.0
2026-07-17,ELEC-101,ApexMarket_Direct,58.91,True,0.0
2026-07-18,ELEC-101,MegaRetail_HQ,62.37,True,0.0
2026-07-18,ELEC-101,SwiftBlink_Prime,61.43,True,0.0
2026-07-18,ELEC-101,ApexMarket_Direct,61.53,True,0.0
2026-07-19,ELEC-101,MegaRetail_HQ,61.64,True,0.0
2026-07-19,ELEC-101,SwiftBlink_Prime,61.68,True,0.0
2026-07-19,ELEC-101,ApexMarket_Direct,62.71,True,0.0
2026-07-20,ELEC-101,MegaRetail_HQ,62.33,True,0.0
2026-07-20,ELEC-101,SwiftBlink_Prime,61.96,True,0.0
2026-07-20,ELEC-101,ApexMarket_Direct,62.75,True,0.0
2026-07-21,ELEC-101,MegaRetail_HQ,62.4,True,0.0
2026-07-21,ELEC-101,SwiftBlink_Prime,62.19,True,0.0
2026-07-21,ELEC-101,ApexMarket_Direct,61.05,True,0.0
2026-07-22,ELEC-101,MegaRetail_HQ,59.89,True,0.0
2026-07-22,ELEC-101,SwiftBlink_Prime,63.04,False,0.0
2026-07-22,ELEC-101,ApexMarket_Direct,59.14,True,0.0
2026-07-23,ELEC-101,MegaRetail_HQ,58.43,True,0.0
2026-07-23,ELEC-101,SwiftBlink_Prime,64.32,True,0.0
2026-07-23,ELEC-101,ApexMarket_Direct,60.01,True,0.0
2026-07-24,ELEC-101,MegaRetail_HQ,58.22,False,0.0
2026-07-24,ELEC-101,SwiftBlink_Prime,62.31,True,0.0
2026-07-24,ELEC-101,ApexMarket_Direct,58.41,True,0.0
2026-07-25,ELEC-101,MegaRetail_HQ,59.1,True,0.0
2026-07-25,ELEC-101,SwiftBlink_Prime,62.46,True,0.0
2026-07-25,ELEC-101,ApexMarket_Direct,60.14,True,0.0
2026-07-26,ELEC-101,MegaRetail_HQ,58.76,True,0.0
2026-07-26,ELEC-101,SwiftBlink_Prime,66.98,True,0.0
2026-07-26,ELEC-101,ApexMarket_Direct,52.05,True,0.0
2026-07-27,ELEC-101,MegaRetail_HQ,59.81,True,0.0
2026-07-27,ELEC-101,SwiftBlink_Prime,65.53,True,0.0
2026-07-27,ELEC-101,ApexMarket_Direct,62.34,True,0.0
2026-07-28,ELEC-101,MegaRetail_HQ,59.02,True,0.0
2026-07-28,ELEC-101,SwiftBlink_Prime,66.1,True,0.0
2026-07-28,ELEC-101,ApexMarket_Direct,63.87,True,0.0
2026-07-29,ELEC-101,MegaRetail_HQ,58.24,True,0.0
2026-07-29,ELEC-101,SwiftBlink_Prime,66.46,True,0.0
2026-07-29,ELEC-101,ApexMarket_Direct,63.45,True,0.0
2026-07-30,ELEC-101,MegaRetail_HQ,58.92,True,0.0
2026-07-30,ELEC-101,SwiftBlink_Prime,64.03,True,0.0
2026-07-30,ELEC-101,ApexMarket_Direct,64.83,True,0.0
2026-07-31,ELEC-101,MegaRetail_HQ,61.0,True,0.0
2026-07-31,ELEC-101,SwiftBlink_Prime,52.45,True,0.0
2026-07-31,ELEC-101,ApexMarket_Direct,66.59,True,0.0
2026-08-01,ELEC-101,MegaRetail_HQ,52.51,True,0.0
2026-08-01,ELEC-101,SwiftBlink_Prime,68.38,True,0.0
2026-08-01,ELEC-101,ApexMarket_Direct,66.63,True,0.0
2026-08-02,ELEC-101,MegaRetail_HQ,62.68,True,0.0
2026-08-02,ELEC-101,SwiftBlink_Prime,66.55,True,0.0
2026-08-02,ELEC-101,ApexMarket_Direct,67.0,True,0.0
2026-08-03,ELEC-101,MegaRetail_HQ,52.19,True,0.0
2026-08-03,ELEC-101,SwiftBlink_Prime,65.71,True,0.0
2026-08-03,ELEC-101,ApexMarket_Direct,70.11,True,0.0
2026-08-04,ELEC-101,MegaRetail_HQ,58.29,True,0.0
2026-08-04,ELEC-101,SwiftBlink_Prime,64.0,True,0.0
2026-08-04,ELEC-101,ApexMarket_Direct,70.55,True,0.0
2026-08-05,ELEC-101,MegaRetail_HQ,57.26,True,0.0
2026-08-05,ELEC-101,SwiftBlink_Prime,64.62,True,0.0
2026-08-05,ELEC-101,ApexMarket_Direct,67.65,True,0.0
2026-08-06,ELEC-101,MegaRetail_HQ,56.5,True,0.0
2026-08-06,ELEC-101,SwiftBlink_Prime,67.78,False,0.0
2026-08-06,ELEC-101,ApexMarket_Direct,67.64,True,0.0
2026-08-07,ELEC-101,MegaRetail_HQ,55.83,True,0.0
2026-08-07,ELEC-101,SwiftBlink_Prime,68.15,True,0.0
2026-08-07,ELEC-101,ApexMarket_Direct,55.31,True,0.0
2026-08-08,ELEC-101,MegaRetail_HQ,58.01,True,0.0
2026-08-08,ELEC-101,SwiftBlink_Prime,64.77,True,0.0
2026-08-08,ELEC-101,ApexMarket_Direct,63.71,True,0.0
2026-08-09,ELEC-101,MegaRetail_HQ,61.48,True,0.0
2026-08-09,ELEC-101,SwiftBlink_Prime,64.78,True,0.0
2026-08-09,ELEC-101,ApexMarket_Direct,60.88,True,0.0
2026-08-10,ELEC-101,MegaRetail_HQ,63.11,True,0.0
2026-08-10,ELEC-101,SwiftBlink_Prime,61.33,True,0.0
2026-08-10,ELEC-101,ApexMarket_Direct,59.88,True,0.0
2026-08-11,ELEC-101,MegaRetail_HQ,63.44,True,0.0
2026-08-11,ELEC-101,SwiftBlink_Prime,62.52,True,0.0
2026-08-11,ELEC-101,ApexMarket_Direct,58.23,False,0.0
2026-08-12,ELEC-101,MegaRetail_HQ,61.08,True,0.0
2026-08-12,ELEC-101,SwiftBlink_Prime,61.69,True,0.0
2026-08-12,ELEC-101,ApexMarket_Direct,56.25,True,0.0
2026-08-13,ELEC-101,MegaRetail_HQ,60.12,True,0.0
2026-08-13,ELEC-101,SwiftBlink_Prime,61.67,True,0.0
2026-08-13,ELEC-101,ApexMarket_Direct,59.4,True,0.0
2026-08-14,ELEC-101,MegaRetail_HQ,60.12,True,0.0
2026-08-14,ELEC-101,SwiftBlink_Prime,59.65,True,0.0
2026-08-14,ELEC-101,ApexMarket_Direct,60.32,False,0.0
2026-08-15,ELEC-101,MegaRetail_HQ,61.27,True,0.0
2026-08-15,ELEC-101,SwiftBlink_Prime,59.93,True,0.0
2026-08-15,ELEC-101,ApexMarket_Direct,56.86,True,0.0
2026-08-16,ELEC-101,MegaRetail_HQ,64.88,True,0.0
2026-08-16,ELEC-101,SwiftBlink_Prime,61.18,True,0.0
2026-08-16,ELEC-101,ApexMarket_Direct,57.46,True,0.0
2026-08-17,ELEC-101,MegaRetail_HQ,63.27,True,0.0
2026-08-17,ELEC-101,SwiftBlink_Prime,61.38,True,0.0
2026-08-17,ELEC-101,ApexMarket_Direct,59.43,True,0.0
2026-08-18,ELEC-101,MegaRetail_HQ,62.14,True,0.0
2026-08-18,ELEC-101,SwiftBlink_Prime,62.88,True,0.0
2026-08-18,ELEC-101,ApexMarket_Direct,62.13,True,0.0
2026-08-19,ELEC-101,MegaRetail_HQ,51.58,True,0.0
2026-08-19,ELEC-101,SwiftBlink_Prime,64.02,True,0.0
2026-08-19,ELEC-101,ApexMarket_Direct,62.8,True,0.0
2026-08-20,ELEC-101,MegaRetail_HQ,58.38,True,0.0
2026-08-20,ELEC-101,SwiftBlink_Prime,62.21,True,0.0
2026-08-20,ELEC-101,ApexMarket_Direct,64.47,True,0.0
2026-08-21,ELEC-101,MegaRetail_HQ,57.89,True,0.0
2026-08-21,ELEC-101,SwiftBlink_Prime,62.35,True,0.0
2026-08-21,ELEC-101,ApexMarket_Direct,63.82,True,0.0
2026-08-22,ELEC-101,MegaRetail_HQ,59.91,True,0.0
2026-08-22,ELEC-101,SwiftBlink_Prime,62.58,True,0.0
2026-08-22,ELEC-101,ApexMarket_Direct,63.01,True,0.0
2026-08-23,ELEC-101,MegaRetail_HQ,49.68,True,0.0
2026-08-23,ELEC-101,SwiftBlink_Prime,65.96,True,0.0
2026-08-23,ELEC-101,ApexMarket_Direct,60.75,True,0.0
2026-08-24,ELEC-101,MegaRetail_HQ,60.11,True,0.0
2026-08-24,ELEC-101,SwiftBlink_Prime,66.19,True,0.0
2026-08-24,ELEC-101,ApexMarket_Direct,61.77,True,0.0
2026-08-25,ELEC-101,MegaRetail_HQ,60.23,True,0.0
2026-08-25,ELEC-101,SwiftBlink_Prime,64.04,True,0.0
2026-08-25,ELEC-101,ApexMarket_Direct,63.26,True,0.0
2026-08-26,ELEC-101,MegaRetail_HQ,59.62,True,0.0
2026-08-26,ELEC-101,SwiftBlink_Prime,64.18,False,0.0
2026-08-26,ELEC-101,ApexMarket_Direct,61.75,True,0.0
2026-08-27,ELEC-101,MegaRetail_HQ,60.12,True,0.0
2026-08-27,ELEC-101,SwiftBlink_Prime,62.64,True,0.0
2026-08-27,ELEC-101,ApexMarket_Direct,60.64,True,0.0
2026-08-28,ELEC-101,MegaRetail_HQ,57.57,True,0.0
2026-08-28,ELEC-101,SwiftBlink_Prime,61.05,False,0.0
2026-08-28,ELEC-101,ApexMarket_Direct,62.99,True,0.0
2026-08-29,ELEC-101,MegaRetail_HQ,57.9,True,0.0
2026-08-29,ELEC-101,SwiftBlink_Prime,59.09,True,0.0
2026-08-29,ELEC-101,ApexMarket_Direct,53.13,True,0.0
2026-08-30,ELEC-101,MegaRetail_HQ,56.72,True,0.0
2026-08-30,ELEC-101,SwiftBlink_Prime,60.16,True,0.0
2026-08-30,ELEC-101,ApexMarket_Direct,64.89,True,0.0
2026-08-31,ELEC-101,MegaRetail_HQ,58.45,True,0.0
2026-08-31,ELEC-101,SwiftBlink_Prime,59.41,True,0.0
2026-08-31,ELEC-101,ApexMarket_Direct,64.56,True,0.0
2026-09-01,ELEC-101,MegaRetail_HQ,57.29,True,0.0
2026-09-01,ELEC-101,SwiftBlink_Prime,63.59,True,0.0
2026-09-01,ELEC-101,ApexMarket_Direct,64.61,True,0.0
2026-09-02,ELEC-101,MegaRetail_HQ,59.86,True,0.0
2026-09-02,ELEC-101,SwiftBlink_Prime,66.32,True,0.0
2026-09-02,ELEC-101,ApexMarket_Direct,54.16,True,0.0
2026-09-03,ELEC-101,MegaRetail_HQ,61.29,True,0.0
2026-09-03,ELEC-101,SwiftBlink_Prime,65.09,True,0.0
2026-09-03,ELEC-101,ApexMarket_Direct,60.72,True,0.0
2026-09-04,ELEC-101,MegaRetail_HQ,57.65,True,0.0
2026-09-04,ELEC-101,SwiftBlink_Prime,64.98,True,0.0
2026-09-04,ELEC-101,ApexMarket_Direct,61.64,True,0.0
2026-09-05,ELEC-101,MegaRetail_HQ,60.66,True,0.0
2026-09-05,ELEC-101,SwiftBlink_Prime,65.49,True,0.0
2026-09-05,ELEC-101,ApexMarket_Direct,61.15,True,0.0
2026-09-06,ELEC-101,MegaRetail_HQ,57.48,True,0.0
2026-09-06,ELEC-101,SwiftBlink_Prime,67.1,True,0.0
2026-09-06,ELEC-101,ApexMarket_Direct,60.77,True,0.0
2026-09-07,ELEC-101,MegaRetail_HQ,56.78,True,0.0
2026-09-07,ELEC-101,SwiftBlink_Prime,66.04,True,0.0
2026-09-07,ELEC-101,ApexMarket_Direct,60.74,False,0.0
2026-09-08,ELEC-101,MegaRetail_HQ,55.34,True,0.0
2026-09-08,ELEC-101,SwiftBlink_Prime,64.88,True,0.0
2026-09-08,ELEC-101,ApexMarket_Direct,60.84,True,0.0
2026-09-09,ELEC-101,MegaRetail_HQ,54.01,False,0.0
2026-09-09,ELEC-101,SwiftBlink_Prime,61.39,True,0.0
2026-09-09,ELEC-101,ApexMarket_Direct,53.56,True,0.0
2026-09-10,ELEC-101,MegaRetail_HQ,57.7,True,0.0
2026-09-10,ELEC-101,SwiftBlink_Prime,52.18,True,0.0
2026-09-10,ELEC-101,ApexMarket_Direct,64.68,True,0.0
2026-09-11,ELEC-101,MegaRetail_HQ,61.2,True,0.0
2026-09-11,ELEC-101,SwiftBlink_Prime,60.73,True,0.0
2026-09-11,ELEC-101,ApexMarket_Direct,65.73,True,0.0
2026-09-12,ELEC-101,MegaRetail_HQ,60.24,True,0.0
2026-09-12,ELEC-101,SwiftBlink_Prime,60.0,True,0.0
2026-09-12,ELEC-101,ApexMarket_Direct,61.75,True,0.0
2026-09-13,ELEC-101,MegaRetail_HQ,59.96,True,0.0
2026-09-13,ELEC-101,SwiftBlink_Prime,51.31,True,0.0
2026-09-13,ELEC-101,ApexMarket_Direct,57.58,True,0.0
2026-09-14,ELEC-101,MegaRetail_HQ,61.73,True,0.0
2026-09-14,ELEC-101,SwiftBlink_Prime,60.9,True,0.0
2026-09-14,ELEC-101,ApexMarket_Direct,57.92,True,0.0
2026-09-15,ELEC-101,MegaRetail_HQ,58.47,True,0.0
2026-09-15,ELEC-101,SwiftBlink_Prime,57.04,True,0.0
2026-09-15,ELEC-101,ApexMarket_Direct,58.07,False,0.0
2026-09-16,ELEC-101,MegaRetail_HQ,59.36,True,0.0
2026-09-16,ELEC-101,SwiftBlink_Prime,55.79,True,0.0
2026-09-16,ELEC-101,ApexMarket_Direct,57.43,True,0.0
2026-09-17,ELEC-101,MegaRetail_HQ,61.17,True,0.0
2026-09-17,ELEC-101,SwiftBlink_Prime,54.65,True,0.0
2026-09-17,ELEC-101,ApexMarket_Direct,58.72,True,0.0
2026-09-18,ELEC-101,MegaRetail_HQ,60.8,True,0.0
2026-09-18,ELEC-101,SwiftBlink_Prime,53.59,True,0.0
2026-09-18,ELEC-101,ApexMarket_Direct,57.91,True,0.0
2026-06-21,ELEC-102,MegaRetail_HQ,25.47,True,3.99
2026-06-21,ELEC-102,SwiftBlink_Prime,24.12,True,3.99
2026-06-21,ELEC-102,ApexMarket_Direct,25.33,True,3.99
2026-06-22,ELEC-102,MegaRetail_HQ,25.0,True,3.99
2026-06-22,ELEC-102,SwiftBlink_Prime,23.82,True,3.99
2026-06-22,ELEC-102,ApexMarket_Direct,25.07,True,3.99
2026-06-23,ELEC-102,MegaRetail_HQ,26.02,True,3.99
2026-06-23,ELEC-102,SwiftBlink_Prime,25.23,True,3.99
2026-06-23,ELEC-102,ApexMarket_Direct,24.87,True,3.99
2026-06-24,ELEC-102,MegaRetail_HQ,28.17,True,3.99
2026-06-24,ELEC-102,SwiftBlink_Prime,26.03,True,3.99
2026-06-24,ELEC-102,ApexMarket_Direct,24.79,True,3.99
2026-06-25,ELEC-102,MegaRetail_HQ,27.85,True,3.99
2026-06-25,ELEC-102,SwiftBlink_Prime,21.51,True,3.99
2026-06-25,ELEC-102,ApexMarket_Direct,23.75,True,3.99
2026-06-26,ELEC-102,MegaRetail_HQ,28.69,True,3.99
2026-06-26,ELEC-102,SwiftBlink_Prime,25.92,True,3.99
2026-06-26,ELEC-102,ApexMarket_Direct,23.93,False,3.99
2026-06-27,ELEC-102,MegaRetail_HQ,27.49,True,3.99
2026-06-27,ELEC-102,SwiftBlink_Prime,26.92,True,3.99
2026-06-27,ELEC-102,ApexMarket_Direct,24.49,True,3.99
2026-06-28,ELEC-102,MegaRetail_HQ,28.16,True,3.99
2026-06-28,ELEC-102,SwiftBlink_Prime,25.65,True,3.99
2026-06-28,ELEC-102,ApexMarket_Direct,23.13,True,3.99
2026-06-29,ELEC-102,MegaRetail_HQ,27.78,True,3.99
2026-06-29,ELEC-102,SwiftBlink_Prime,25.28,True,3.99
2026-06-29,ELEC-102,ApexMarket_Direct,23.23,True,3.99
2026-06-30,ELEC-102,MegaRetail_HQ,27.08,True,3.99
2026-06-30,ELEC-102,SwiftBlink_Prime,24.93,True,3.99
2026-06-30,ELEC-102,ApexMarket_Direct,22.87,True,3.99
2026-07-01,ELEC-102,MegaRetail_HQ,27.28,True,3.99
2026-07-01,ELEC-102,SwiftBlink_Prime,24.76,True,3.99
2026-07-01,ELEC-102,ApexMarket_Direct,22.51,True,3.99
2026-07-02,ELEC-102,MegaRetail_HQ,27.31,True,3.99
2026-07-02,ELEC-102,SwiftBlink_Prime,24.06,True,3.99
2026-07-02,ELEC-102,ApexMarket_Direct,22.96,True,3.99
2026-07-03,ELEC-102,MegaRetail_HQ,27.37,False,3.99
2026-07-03,ELEC-102,SwiftBlink_Prime,23.7,True,3.99
2026-07-03,ELEC-102,ApexMarket_Direct,23.69,True,3.99
2026-07-04,ELEC-102,MegaRetail_HQ,25.79,True,3.99
2026-07-04,ELEC-102,SwiftBlink_Prime,23.93,True,3.99
2026-07-04,ELEC-102,ApexMarket_Direct,24.08,True,3.99
2026-07-05,ELEC-102,MegaRetail_HQ,24.42,False,3.99
2026-07-05,ELEC-102,SwiftBlink_Prime,24.04,True,3.99
2026-07-05,ELEC-102,ApexMarket_Direct,23.31,True,3.99
2026-07-06,ELEC-102,MegaRetail_HQ,20.28,True,3.99
2026-07-06,ELEC-102,SwiftBlink_Prime,20.31,True,3.99
2026-07-06,ELEC-102,ApexMarket_Direct,24.32,True,3.99
2026-07-07,ELEC-102,MegaRetail_HQ,23.18,True,3.99
2026-07-07,ELEC-102,SwiftBlink_Prime,24.45,True,3.99
2026-07-07,ELEC-102,ApexMarket_Direct,25.5,True,3.99
2026-07-08,ELEC-102,MegaRetail_HQ,23.88,True,3.99
2026-07-08,ELEC-102,SwiftBlink_Prime,24.38,True,3.99
2026-07-08,ELEC-102,ApexMarket_Direct,25.7,True,3.99
2026-07-09,ELEC-102,MegaRetail_HQ,23.93,True,3.99
2026-07-09,ELEC-102,SwiftBlink_Prime,25.35,True,3.99
2026-07-09,ELEC-102,ApexMarket_Direct,25.78,True,3.99
2026-07-10,ELEC-102,MegaRetail_HQ,23.72,True,3.99
2026-07-10,ELEC-102,SwiftBlink_Prime,24.97,True,3.99
2026-07-10,ELEC-102,ApexMarket_Direct,22.07,True,3.99
2026-07-11,ELEC-102,MegaRetail_HQ,25.47,True,3.99
2026-07-11,ELEC-102,SwiftBlink_Prime,25.63,True,3.99
2026-07-11,ELEC-102,ApexMarket_Direct,25.57,True,3.99
2026-07-12,ELEC-102,MegaRetail_HQ,23.87,True,3.99
2026-07-12,ELEC-102,SwiftBlink_Prime,24.78,True,3.99
2026-07-12,ELEC-102,ApexMarket_Direct,24.08,True,3.99
2026-07-13,ELEC-102,MegaRetail_HQ,25.29,True,3.99
2026-07-13,ELEC-102,SwiftBlink_Prime,25.06,True,3.99
2026-07-13,ELEC-102,ApexMarket_Direct,24.05,True,3.99
2026-07-14,ELEC-102,MegaRetail_HQ,25.42,True,3.99
2026-07-14,ELEC-102,SwiftBlink_Prime,25.63,True,3.99
2026-07-14,ELEC-102,ApexMarket_Direct,23.08,True,3.99
2026-07-15,ELEC-102,MegaRetail_HQ,25.04,True,3.99
2026-07-15,ELEC-102,SwiftBlink_Prime,26.26,True,3.99
2026-07-15,ELEC-102,ApexMarket_Direct,19.92,True,3.99
2026-07-16,ELEC-102,MegaRetail_HQ,24.21,True,3.99
2026-07-16,ELEC-102,SwiftBlink_Prime,25.46,True,3.99
2026-07-16,ELEC-102,ApexMarket_Direct,24.8,True,3.99
2026-07-17,ELEC-102,MegaRetail_HQ,24.95,True,3.99
2026-07-17,ELEC-102,SwiftBlink_Prime,26.35,True,3.99
2026-07-17,ELEC-102,ApexMarket_Direct,20.82,True,3.99
2026-07-18,ELEC-102,MegaRetail_HQ,25.68,True,3.99
2026-07-18,ELEC-102,SwiftBlink_Prime,26.88,True,3.99
2026-07-18,ELEC-102,ApexMarket_Direct,25.61,True,3.99
2026-07-19,ELEC-102,MegaRetail_HQ,25.79,True,3.99
2026-07-19,ELEC-102,SwiftBlink_Prime,25.26,True,3.99
2026-07-19,ELEC-102,ApexMarket_Direct,26.64,True,3.99
2026-07-20,ELEC-102,MegaRetail_HQ,25.88,True,3.99
2026-07-20,ELEC-102,SwiftBlink_Prime,24.38,True,3.99
2026-07-20,ELEC-102,ApexMarket_Direct,28.23,True,3.99
2026-07-21,ELEC-102,MegaRetail_HQ,26.29,True,3.99
2026-07-21,ELEC-102,SwiftBlink_Prime,24.83,True,3.99
2026-07-21,ELEC-102,ApexMarket_Direct,27.91,True,3.99
2026-07-22,ELEC-102,MegaRetail_HQ,27.51,True,3.99
2026-07-22,ELEC-102,SwiftBlink_Prime,25.86,True,3.99
2026-07-22,ELEC-102,ApexMarket_Direct,28.67,True,3.99
2026-07-23,ELEC-102,MegaRetail_HQ,27.04,True,3.99
2026-07-23,ELEC-102,SwiftBlink_Prime,25.77,True,3.99
2026-07-23,ELEC-102,ApexMarket_Direct,28.94,True,3.99
2026-07-24,ELEC-102,MegaRetail_HQ,26.61,True,3.99
2026-07-24,ELEC-102,SwiftBlink_Prime,25.33,True,3.99
2026-07-24,ELEC-102,ApexMarket_Direct,27.59,True,3.99
2026-07-25,ELEC-102,MegaRetail_HQ,26.42,True,3.99
2026-07-25,ELEC-102,SwiftBlink_Prime,24.31,True,3.99
2026-07-25,ELEC-102,ApexMarket_Direct,26.23,True,3.99
2026-07-26,ELEC-102,MegaRetail_HQ,26.01,True,3.99
2026-07-26,ELEC-102,SwiftBlink_Prime,23.29,True,3.99
2026-07-26,ELEC-102,ApexMarket_Direct,25.86,True,3.99
2026-07-27,ELEC-102,MegaRetail_HQ,25.82,True,3.99
2026-07-27,ELEC-102,SwiftBlink_Prime,23.37,True,3.99
2026-07-27,ELEC-102,ApexMarket_Direct,26.25,True,3.99
2026-07-28,ELEC-102,MegaRetail_HQ,24.93,True,3.99
2026-07-28,ELEC-102,SwiftBlink_Prime,24.0,True,3.99
2026-07-28,ELEC-102,ApexMarket_Direct,25.46,True,3.99
2026-07-29,ELEC-102,MegaRetail_HQ,25.06,True,3.99
2026-07-29,ELEC-102,SwiftBlink_Prime,23.64,True,3.99
2026-07-29,ELEC-102,ApexMarket_Direct,25.5,True,3.99
2026-07-30,ELEC-102,MegaRetail_HQ,24.96,True,3.99
2026-07-30,ELEC-102,SwiftBlink_Prime,23.96,True,3.99
2026-07-30,ELEC-102,ApexMarket_Direct,27.35,True,3.99
2026-07-31,ELEC-102,MegaRetail_HQ,22.97,True,3.99
2026-07-31,ELEC-102,SwiftBlink_Prime,22.56,True,3.99
2026-07-31,ELEC-102,ApexMarket_Direct,26.07,False,3.99
2026-08-01,ELEC-102,MegaRetail_HQ,22.22,True,3.99
2026-08-01,ELEC-102,SwiftBlink_Prime,22.34,True,3.99
2026-08-01,ELEC-102,ApexMarket_Direct,25.08,True,3.99
2026-08-02,ELEC-102,MegaRetail_HQ,23.59,False,3.99
2026-08-02,ELEC-102,SwiftBlink_Prime,23.28,True,3.99
2026-08-02,ELEC-102,ApexMarket_Direct,24.22,True,3.99
2026-08-03,ELEC-102,MegaRetail_HQ,22.88,True,3.99
2026-08-03,ELEC-102,SwiftBlink_Prime,24.07,True,3.99
2026-08-03,ELEC-102,ApexMarket_Direct,24.16,True,3.99
2026-08-04,ELEC-102,MegaRetail_HQ,23.53,True,3.99
2026-08-04,ELEC-102,SwiftBlink_Prime,23.94,True,3.99
2026-08-04,ELEC-102,ApexMarket_Direct,25.15,True,3.99
2026-08-05,ELEC-102,MegaRetail_HQ,24.19,True,3.99
2026-08-05,ELEC-102,SwiftBlink_Prime,23.87,True,3.99
2026-08-05,ELEC-102,ApexMarket_Direct,25.37,True,3.99
2026-08-06,ELEC-102,MegaRetail_HQ,24.17,True,3.99
2026-08-06,ELEC-102,SwiftBlink_Prime,20.1,True,3.99
2026-08-06,ELEC-102,ApexMarket_Direct,26.1,True,3.99
2026-08-07,ELEC-102,MegaRetail_HQ,23.13,True,3.99
2026-08-07,ELEC-102,SwiftBlink_Prime,24.31,True,3.99
2026-08-07,ELEC-102,ApexMarket_Direct,24.97,True,3.99
2026-08-08,ELEC-102,MegaRetail_HQ,24.68,True,3.99
2026-08-08,ELEC-102,SwiftBlink_Prime,20.88,True,3.99
2026-08-08,ELEC-102,ApexMarket_Direct,24.9,True,3.99
2026-08-09,ELEC-102,MegaRetail_HQ,25.46,True,3.99
2026-08-09,ELEC-102,SwiftBlink_Prime,24.61,True,3.99
2026-08-09,ELEC-102,ApexMarket_Direct,20.96,True,3.99
2026-08-10,ELEC-102,MegaRetail_HQ,25.89,True,3.99
2026-08-10,ELEC-102,SwiftBlink_Prime,24.2,True,3.99
2026-08-10,ELEC-102,ApexMarket_Direct,24.4,True,3.99
2026-08-11,ELEC-102,MegaRetail_HQ,24.53,False,3.99
2026-08-11,ELEC-102,SwiftBlink_Prime,24.73,True,3.99
2026-08-11,ELEC-102,ApexMarket_Direct,25.99,True,3.99
2026-08-12,ELEC-102,MegaRetail_HQ,24.99,True,3.99
2026-08-12,ELEC-102,SwiftBlink_Prime,25.98,True,3.99
2026-08-12,ELEC-102,ApexMarket_Direct,27.02,True,3.99
2026-08-13,ELEC-102,MegaRetail_HQ,24.87,True,3.99
2026-08-13,ELEC-102,SwiftBlink_Prime,26.44,True,3.99
2026-08-13,ELEC-102,ApexMarket_Direct,27.0,True,3.99
2026-08-14,ELEC-102,MegaRetail_HQ,25.04,True,3.99
2026-08-14,ELEC-102,SwiftBlink_Prime,25.15,True,3.99
2026-08-14,ELEC-102,ApexMarket_Direct,27.13,True,3.99
2026-08-15,ELEC-102,MegaRetail_HQ,24.3,True,3.99
2026-08-15,ELEC-102,SwiftBlink_Prime,25.92,False,3.99
2026-08-15,ELEC-102,ApexMarket_Direct,26.1,True,3.99
2026-08-16,ELEC-102,MegaRetail_HQ,24.54,True,3.99
2026-08-16,ELEC-102,SwiftBlink_Prime,25.14,True,3.99
2026-08-16,ELEC-102,ApexMarket_Direct,26.46,True,3.99
2026-08-17,ELEC-102,MegaRetail_HQ,26.53,True,3.99
2026-08-17,ELEC-102,SwiftBlink_Prime,25.05,True,3.99
2026-08-17,ELEC-102,ApexMarket_Direct,27.1,True,3.99
2026-08-18,ELEC-102,MegaRetail_HQ,27.63,True,3.99
2026-08-18,ELEC-102,SwiftBlink_Prime,24.57,True,3.99
2026-08-18,ELEC-102,ApexMarket_Direct,28.14,True,3.99
2026-08-19,ELEC-102,MegaRetail_HQ,27.71,True,3.99
2026-08-19,ELEC-102,SwiftBlink_Prime,25.36,True,3.99
2026-08-19,ELEC-102,ApexMarket_Direct,28.13,True,3.99
2026-08-20,ELEC-102,MegaRetail_HQ,27.12,True,3.99
2026-08-20,ELEC-102,SwiftBlink_Prime,25.25,True,3.99
2026-08-20,ELEC-102,ApexMarket_Direct,28.12,True,3.99
2026-08-21,ELEC-102,MegaRetail_HQ,27.09,True,3.99
2026-08-21,ELEC-102,SwiftBlink_Prime,25.67,True,3.99
2026-08-21,ELEC-102,ApexMarket_Direct,28.07,True,3.99
2026-08-22,ELEC-102,MegaRetail_HQ,27.12,True,3.99
2026-08-22,ELEC-102,SwiftBlink_Prime,25.52,True,3.99
2026-08-22,ELEC-102,ApexMarket_Direct,26.36,True,3.99
2026-08-23,ELEC-102,MegaRetail_HQ,22.95,True,3.99
2026-08-23,ELEC-102,SwiftBlink_Prime,24.48,True,3.99
2026-08-23,ELEC-102,ApexMarket_Direct,25.34,True,3.99
2026-08-24,ELEC-102,MegaRetail_HQ,27.21,True,3.99
2026-08-24,ELEC-102,SwiftBlink_Prime,24.58,True,3.99
2026-08-24,ELEC-102,ApexMarket_Direct,21.51,True,3.99
2026-08-25,ELEC-102,MegaRetail_HQ,26.95,True,3.99
2026-08-25,ELEC-102,SwiftBlink_Prime,24.29,True,3.99
2026-08-25,ELEC-102,ApexMarket_Direct,24.94,True,3.99
2026-08-26,ELEC-102,MegaRetail_HQ,26.3,True,3.99
2026-08-26,ELEC-102,SwiftBlink_Prime,25.34,True,3.99
2026-08-26,ELEC-102,ApexMarket_Direct,24.28,True,3.99
2026-08-27,ELEC-102,MegaRetail_HQ,27.19,True,3.99
2026-08-27,ELEC-102,SwiftBlink_Prime,25.43,True,3.99
2026-08-27,ELEC-102,ApexMarket_Direct,25.16,True,3.99
2026-08-28,ELEC-102,MegaRetail_HQ,27.53,True,3.99
2026-08-28,ELEC-102,SwiftBlink_Prime,25.9,True,3.99
2026-08-28,ELEC-102,ApexMarket_Direct,25.17,True,3.99
2026-08-29,ELEC-102,MegaRetail_HQ,26.77,True,3.99
2026-08-29,ELEC-102,SwiftBlink_Prime,20.31,True,3.99
2026-08-29,ELEC-102,ApexMarket_Direct,25.83,True,3.99
2026-08-30,ELEC-102,MegaRetail_HQ,25.18,True,3.99
2026-08-30,ELEC-102,SwiftBlink_Prime,23.41,True,3.99
2026-08-30,ELEC-102,ApexMarket_Direct,26.3,True,3.99
2026-08-31,ELEC-102,MegaRetail_HQ,24.4,True,3.99
2026-08-31,ELEC-102,SwiftBlink_Prime,22.86,True,3.99
2026-08-31,ELEC-102,ApexMarket_Direct,24.65,True,3.99
2026-09-01,ELEC-102,MegaRetail_HQ,25.0,False,3.99
2026-09-01,ELEC-102,SwiftBlink_Prime,23.92,True,3.99
2026-09-01,ELEC-102,ApexMarket_Direct,24.54,True,3.99
2026-09-02,ELEC-102,MegaRetail_HQ,20.54,True,3.99
2026-09-02,ELEC-102,SwiftBlink_Prime,24.37,True,3.99
2026-09-02,ELEC-102,ApexMarket_Direct,24.73,True,3.99
2026-09-03,ELEC-102,MegaRetail_HQ,26.13,True,3.99
2026-09-03,ELEC-102,SwiftBlink_Prime,20.38,True,3.99
2026-09-03,ELEC-102,ApexMarket_Direct,24.37,True,3.99
2026-09-04,ELEC-102,MegaRetail_HQ,25.48,True,3.99
2026-09-04,ELEC-102,SwiftBlink_Prime,25.02,False,3.99
2026-09-04,ELEC-102,ApexMarket_Direct,21.7,True,3.99
2026-09-05,ELEC-102,MegaRetail_HQ,25.76,True,3.99
2026-09-05,ELEC-102,SwiftBlink_Prime,20.91,True,3.99
2026-09-05,ELEC-102,ApexMarket_Direct,25.92,True,3.99
2026-09-06,ELEC-102,MegaRetail_HQ,26.8,True,3.99
2026-09-06,ELEC-102,SwiftBlink_Prime,26.0,True,3.99
2026-09-06,ELEC-102,ApexMarket_Direct,25.32,False,3.99
2026-09-07,ELEC-102,MegaRetail_HQ,26.78,True,3.99
2026-09-07,ELEC-102,SwiftBlink_Prime,26.34,True,3.99
2026-09-07,ELEC-102,ApexMarket_Direct,26.78,True,3.99
2026-09-08,ELEC-102,MegaRetail_HQ,25.48,True,3.99
2026-09-08,ELEC-102,SwiftBlink_Prime,25.59,True,3.99
2026-09-08,ELEC-102,ApexMarket_Direct,26.49,True,3.99
2026-09-09,ELEC-102,MegaRetail_HQ,25.57,True,3.99
2026-09-09,ELEC-102,SwiftBlink_Prime,21.67,True,3.99
2026-09-09,ELEC-102,ApexMarket_Direct,27.16,True,3.99
2026-09-10,ELEC-102,MegaRetail_HQ,25.12,True,3.99
2026-09-10,ELEC-102,SwiftBlink_Prime,26.2,True,3.99
2026-09-10,ELEC-102,ApexMarket_Direct,27.35,True,3.99
2026-09-11,ELEC-102,MegaRetail_HQ,24.83,True,3.99
2026-09-11,ELEC-102,SwiftBlink_Prime,26.46,True,3.99
2026-09-11,ELEC-102,ApexMarket_Direct,27.83,True,3.99
2026-09-12,ELEC-102,MegaRetail_HQ,25.65,True,3.99
2026-09-12,ELEC-102,SwiftBlink_Prime,27.12,True,3.99
2026-09-12,ELEC-102,ApexMarket_Direct,28.44,True,3.99
2026-09-13,ELEC-102,MegaRetail_HQ,25.66,True,3.99
2026-09-13,ELEC-102,SwiftBlink_Prime,27.71,True,3.99
2026-09-13,ELEC-102,ApexMarket_Direct,27.31,True,3.99
2026-09-14,ELEC-102,MegaRetail_HQ,25.58,True,3.99
2026-09-14,ELEC-102,SwiftBlink_Prime,28.26,True,3.99
2026-09-14,ELEC-102,ApexMarket_Direct,27.11,True,3.99
2026-09-15,ELEC-102,MegaRetail_HQ,26.05,True,3.99
2026-09-15,ELEC-102,SwiftBlink_Prime,28.89,True,3.99
2026-09-15,ELEC-102,ApexMarket_Direct,26.95,True,3.99
2026-09-16,ELEC-102,MegaRetail_HQ,26.29,True,3.99
2026-09-16,ELEC-102,SwiftBlink_Prime,28.34,True,3.99
2026-09-16,ELEC-102,ApexMarket_Direct,27.56,True,3.99
2026-09-17,ELEC-102,MegaRetail_HQ,26.4,True,3.99
2026-09-17,ELEC-102,SwiftBlink_Prime,27.7,True,3.99
2026-09-17,ELEC-102,ApexMarket_Direct,26.87,True,3.99
2026-09-18,ELEC-102,MegaRetail_HQ,24.83,True,3.99
2026-09-18,ELEC-102,SwiftBlink_Prime,28.02,True,3.99
2026-09-18,ELEC-102,ApexMarket_Direct,26.23,True,3.99
2026-06-21,ELEC-103,MegaRetail_HQ,69.1,True,0.0
2026-06-21,ELEC-103,SwiftBlink_Prime,82.23,True,0.0
2026-06-21,ELEC-103,ApexMarket_Direct,76.46,True,0.0
2026-06-22,ELEC-103,MegaRetail_HQ,77.02,True,0.0
2026-06-22,ELEC-103,SwiftBlink_Prime,68.78,True,0.0
2026-06-22,ELEC-103,ApexMarket_Direct,74.04,True,0.0
2026-06-23,ELEC-103,MegaRetail_HQ,79.83,True,0.0
2026-06-23,ELEC-103,SwiftBlink_Prime,70.95,True,0.0
2026-06-23,ELEC-103,ApexMarket_Direct,78.08,True,0.0
2026-06-24,ELEC-103,MegaRetail_HQ,79.58,True,0.0
2026-06-24,ELEC-103,SwiftBlink_Prime,84.47,True,0.0
2026-06-24,ELEC-103,ApexMarket_Direct,75.42,True,0.0
2026-06-25,ELEC-103,MegaRetail_HQ,67.28,True,0.0
2026-06-25,ELEC-103,SwiftBlink_Prime,82.09,True,0.0
2026-06-25,ELEC-103,ApexMarket_Direct,74.5,True,0.0
2026-06-26,ELEC-103,MegaRetail_HQ,81.56,True,0.0
2026-06-26,ELEC-103,SwiftBlink_Prime,80.95,True,0.0
2026-06-26,ELEC-103,ApexMarket_Direct,76.54,True,0.0
2026-06-27,ELEC-103,MegaRetail_HQ,80.77,True,0.0
2026-06-27,ELEC-103,SwiftBlink_Prime,82.5,False,0.0
2026-06-27,ELEC-103,ApexMarket_Direct,78.79,True,0.0
2026-06-28,ELEC-103,MegaRetail_HQ,68.95,True,0.0
2026-06-28,ELEC-103,SwiftBlink_Prime,83.82,True,0.0
2026-06-28,ELEC-103,ApexMarket_Direct,78.75,True,0.0
2026-06-29,ELEC-103,MegaRetail_HQ,72.48,True,0.0
2026-06-29,ELEC-103,SwiftBlink_Prime,83.15,True,0.0
2026-06-29,ELEC-103,ApexMarket_Direct,75.5,True,0.0
2026-06-30,ELEC-103,MegaRetail_HQ,86.5,True,0.0
2026-06-30,ELEC-103,SwiftBlink_Prime,68.94,True,0.0
2026-06-30,ELEC-103,ApexMarket_Direct,63.83,False,0.0
2026-07-01,ELEC-103,MegaRetail_HQ,79.71,True,0.0
2026-07-01,ELEC-103,SwiftBlink_Prime,83.4,True,0.0
2026-07-01,ELEC-103,ApexMarket_Direct,73.21,True,0.0
2026-07-02,ELEC-103,MegaRetail_HQ,79.69,False,0.0
2026-07-02,ELEC-103,SwiftBlink_Prime,81.52,True,0.0
2026-07-02,ELEC-103,ApexMarket_Direct,73.6,True,0.0
2026-07-03,ELEC-103,MegaRetail_HQ,79.68,True,0.0
2026-07-03,ELEC-103,SwiftBlink_Prime,82.55,True,0.0
2026-07-03,ELEC-103,ApexMarket_Direct,78.83,True,0.0
2026-07-04,ELEC-103,MegaRetail_HQ,79.08,True,0.0
2026-07-04,ELEC-103,SwiftBlink_Prime,81.96,True,0.0
2026-07-04,ELEC-103,ApexMarket_Direct,78.57,True,0.0
2026-07-05,ELEC-103,MegaRetail_HQ,76.67,True,0.0
2026-07-05,ELEC-103,SwiftBlink_Prime,84.04,True,0.0
2026-07-05,ELEC-103,ApexMarket_Direct,80.28,True,0.0
2026-07-06,ELEC-103,MegaRetail_HQ,77.83,True,0.0
2026-07-06,ELEC-103,SwiftBlink_Prime,81.52,True,0.0
2026-07-06,ELEC-103,ApexMarket_Direct,84.58,True,0.0
2026-07-07,ELEC-103,MegaRetail_HQ,79.79,True,0.0
2026-07-07,ELEC-103,SwiftBlink_Prime,79.9,True,0.0
2026-07-07,ELEC-103,ApexMarket_Direct,86.5,True,0.0
2026-07-08,ELEC-103,MegaRetail_HQ,79.34,True,0.0
2026-07-08,ELEC-103,SwiftBlink_Prime,83.07,True,0.0
2026-07-08,ELEC-103,ApexMarket_Direct,86.49,True,0.0
2026-07-09,ELEC-103,MegaRetail_HQ,67.94,True,0.0
2026-07-09,ELEC-103,SwiftBlink_Prime,80.13,True,0.0
2026-07-09,ELEC-103,ApexMarket_Direct,71.6,True,0.0
2026-07-10,ELEC-103,MegaRetail_HQ,87.05,True,0.0
2026-07-10,ELEC-103,SwiftBlink_Prime,67.9,True,0.0
2026-07-10,ELEC-103,ApexMarket_Direct,69.16,True,0.0
2026-07-11,ELEC-103,MegaRetail_HQ,87.35,True,0.0
2026-07-11,ELEC-103,SwiftBlink_Prime,78.69,True,0.0
2026-07-11,ELEC-103,ApexMarket_Direct,81.66,True,0.0
2026-07-12,ELEC-103,MegaRetail_HQ,88.48,True,0.0
2026-07-12,ELEC-103,SwiftBlink_Prime,80.98,True,0.0
2026-07-12,ELEC-103,ApexMarket_Direct,76.94,True,0.0
2026-07-13,ELEC-103,MegaRetail_HQ,92.01,True,0.0
2026-07-13,ELEC-103,SwiftBlink_Prime,80.58,True,0.0
2026-07-13,ELEC-103,ApexMarket_Direct,81.67,True,0.0
2026-07-14,ELEC-103,MegaRetail_HQ,92.13,True,0.0
2026-07-14,ELEC-103,SwiftBlink_Prime,80.92,True,0.0
2026-07-14,ELEC-103,ApexMarket_Direct,82.7,True,0.0
2026-07-15,ELEC-103,MegaRetail_HQ,92.17,True,0.0
2026-07-15,ELEC-103,SwiftBlink_Prime,81.97,True,0.0
2026-07-15,ELEC-103,ApexMarket_Direct,82.92,True,0.0
2026-07-16,ELEC-103,MegaRetail_HQ,76.74,True,0.0
2026-07-16,ELEC-103,SwiftBlink_Prime,84.49,True,0.0
2026-07-16,ELEC-103,ApexMarket_Direct,83.78,True,0.0
2026-07-17,ELEC-103,MegaRetail_HQ,81.9,True,0.0
2026-07-17,ELEC-103,SwiftBlink_Prime,86.57,True,0.0
2026-07-17,ELEC-103,ApexMarket_Direct,79.04,True,0.0
2026-07-18,ELEC-103,MegaRetail_HQ,78.51,True,0.0
2026-07-18,ELEC-103,SwiftBlink_Prime,88.37,True,0.0
2026-07-18,ELEC-103,ApexMarket_Direct,78.06,True,0.0
2026-07-19,ELEC-103,MegaRetail_HQ,79.88,True,0.0
2026-07-19,ELEC-103,SwiftBlink_Prime,87.3,True,0.0
2026-07-19,ELEC-103,ApexMarket_Direct,75.27,True,0.0
2026-07-20,ELEC-103,MegaRetail_HQ,76.16,True,0.0
2026-07-20,ELEC-103,SwiftBlink_Prime,85.18,True,0.0
2026-07-20,ELEC-103,ApexMarket_Direct,79.58,True,0.0
2026-07-21,ELEC-103,MegaRetail_HQ,75.9,True,0.0
2026-07-21,ELEC-103,SwiftBlink_Prime,83.63,True,0.0
2026-07-21,ELEC-103,ApexMarket_Direct,71.94,True,0.0
2026-07-22,ELEC-103,MegaRetail_HQ,78.99,True,0.0
2026-07-22,ELEC-103,SwiftBlink_Prime,83.66,True,0.0
2026-07-22,ELEC-103,ApexMarket_Direct,70.81,True,0.0
2026-07-23,ELEC-103,MegaRetail_HQ,79.05,True,0.0
2026-07-23,ELEC-103,SwiftBlink_Prime,84.86,True,0.0
2026-07-23,ELEC-103,ApexMarket_Direct,82.94,True,0.0
2026-07-24,ELEC-103,MegaRetail_HQ,79.38,True,0.0
2026-07-24,ELEC-103,SwiftBlink_Prime,79.33,True,0.0
2026-07-24,ELEC-103,ApexMarket_Direct,84.7,True,0.0
2026-07-25,ELEC-103,MegaRetail_HQ,72.52,True,0.0
2026-07-25,ELEC-103,SwiftBlink_Prime,84.44,True,0.0
2026-07-25,ELEC-103,ApexMarket_Direct,83.66,True,0.0
2026-07-26,ELEC-103,MegaRetail_HQ,75.11,True,0.0
2026-07-26,ELEC-103,SwiftBlink_Prime,81.24,True,0.0
2026-07-26,ELEC-103,ApexMarket_Direct,81.61,True,0.0
2026-07-27,ELEC-103,MegaRetail_HQ,76.36,True,0.0
2026-07-27,ELEC-103,SwiftBlink_Prime,83.14,True,0.0
2026-07-27,ELEC-103,ApexMarket_Direct,82.56,True,0.0
2026-07-28,ELEC-103,MegaRetail_HQ,79.22,True,0.0
2026-07-28,ELEC-103,SwiftBlink_Prime,83.41,True,0.0
2026-07-28,ELEC-103,ApexMarket_Direct,81.1,True,0.0
2026-07-29,ELEC-103,MegaRetail_HQ,80.41,True,0.0
2026-07-29,ELEC-103,SwiftBlink_Prime,80.31,True,0.0
2026-07-29,ELEC-103,ApexMarket_Direct,82.54,True,0.0
2026-07-30,ELEC-103,MegaRetail_HQ,78.5,True,0.0
2026-07-30,ELEC-103,SwiftBlink_Prime,80.97,True,0.0
2026-07-30,ELEC-103,ApexMarket_Direct,84.57,False,0.0
2026-07-31,ELEC-103,MegaRetail_HQ,69.84,True,0.0
2026-07-31,ELEC-103,SwiftBlink_Prime,82.18,True,0.0
2026-07-31,ELEC-103,ApexMarket_Direct,84.74,False,0.0
2026-08-01,ELEC-103,MegaRetail_HQ,83.28,True,0.0
2026-08-01,ELEC-103,SwiftBlink_Prime,83.53,True,0.0
2026-08-01,ELEC-103,ApexMarket_Direct,83.31,True,0.0
2026-08-02,ELEC-103,MegaRetail_HQ,83.09,True,0.0
2026-08-02,ELEC-103,SwiftBlink_Prime,82.58,True,0.0
2026-08-02,ELEC-103,ApexMarket_Direct,70.42,True,0.0
2026-08-03,ELEC-103,MegaRetail_HQ,86.45,True,0.0
2026-08-03,ELEC-103,SwiftBlink_Prime,80.16,True,0.0
2026-08-03,ELEC-103,ApexMarket_Direct,80.04,True,0.0
2026-08-04,ELEC-103,MegaRetail_HQ,82.31,True,0.0
2026-08-04,ELEC-103,SwiftBlink_Prime,71.46,True,0.0
2026-08-04,ELEC-103,ApexMarket_Direct,82.46,True,0.0
2026-08-05,ELEC-103,MegaRetail_HQ,84.32,True,0.0
2026-08-05,ELEC-103,SwiftBlink_Prime,82.68,False,0.0
2026-08-05,ELEC-103,ApexMarket_Direct,76.09,True,0.0
2026-08-06,ELEC-103,MegaRetail_HQ,79.72,True,0.0
2026-08-06,ELEC-103,SwiftBlink_Prime,84.73,True,0.0
2026-08-06,ELEC-103,ApexMarket_Direct,82.53,True,0.0
2026-08-07,ELEC-103,MegaRetail_HQ,81.19,True,0.0
2026-08-07,ELEC-103,SwiftBlink_Prime,73.16,True,0.0
2026-08-07,ELEC-103,ApexMarket_Direct,83.97,True,0.0
2026-08-08,ELEC-103,MegaRetail_HQ,80.86,True,0.0
2026-08-08,ELEC-103,SwiftBlink_Prime,83.35,True,0.0
2026-08-08,ELEC-103,ApexMarket_Direct,82.7,False,0.0
2026-08-09,ELEC-103,MegaRetail_HQ,78.36,True,0.0
2026-08-09,ELEC-103,SwiftBlink_Prime,80.2,True,0.0
2026-08-09,ELEC-103,ApexMarket_Direct,82.73,True,0.0
2026-08-10,ELEC-103,MegaRetail_HQ,63.61,True,0.0
2026-08-10,ELEC-103,SwiftBlink_Prime,77.79,True,0.0
2026-08-10,ELEC-103,ApexMarket_Direct,84.58,True,0.0
2026-08-11,ELEC-103,MegaRetail_HQ,76.93,True,0.0
2026-08-11,ELEC-103,SwiftBlink_Prime,75.8,True,0.0
2026-08-11,ELEC-103,ApexMarket_Direct,84.14,True,0.0
2026-08-12,ELEC-103,MegaRetail_HQ,78.16,False,0.0
2026-08-12,ELEC-103,SwiftBlink_Prime,72.61,False,0.0
2026-08-12,ELEC-103,ApexMarket_Direct,84.57,True,0.0
2026-08-13,ELEC-103,MegaRetail_HQ,78.97,True,0.0
2026-08-13,ELEC-103,SwiftBlink_Prime,76.99,True,0.0
2026-08-13,ELEC-103,ApexMarket_Direct,84.18,True,0.0
2026-08-14,ELEC-103,MegaRetail_HQ,80.43,True,0.0
2026-08-14,ELEC-103,SwiftBlink_Prime,77.56,True,0.0
2026-08-14,ELEC-103,ApexMarket_Direct,83.65,True,0.0
2026-08-15,ELEC-103,MegaRetail_HQ,83.12,True,0.0
2026-08-15,ELEC-103,SwiftBlink_Prime,77.2,True,0.0
2026-08-15,ELEC-103,ApexMarket_Direct,82.44,True,0.0
2026-08-16,ELEC-103,MegaRetail_HQ,80.97,True,0.0
2026-08-16,ELEC-103,SwiftBlink_Prime,79.55,True,0.0
2026-08-16,ELEC-103,ApexMarket_Direct,80.73,True,0.0
2026-08-17,ELEC-103,MegaRetail_HQ,81.4,True,0.0
2026-08-17,ELEC-103,SwiftBlink_Prime,77.74,True,0.0
2026-08-17,ELEC-103,ApexMarket_Direct,85.95,True,0.0
2026-08-18,ELEC-103,MegaRetail_HQ,79.42,True,0.0
2026-08-18,ELEC-103,SwiftBlink_Prime,77.23,False,0.0
2026-08-18,ELEC-103,ApexMarket_Direct,86.14,True,0.0
2026-08-19,ELEC-103,MegaRetail_HQ,75.82,True,0.0
2026-08-19,ELEC-103,SwiftBlink_Prime,78.29,True,0.0
2026-08-19,ELEC-103,ApexMarket_Direct,75.41,True,0.0
2026-08-20,ELEC-103,MegaRetail_HQ,76.44,True,0.0
2026-08-20,ELEC-103,SwiftBlink_Prime,79.54,True,0.0
2026-08-20,ELEC-103,ApexMarket_Direct,85.56,True,0.0
2026-08-21,ELEC-103,MegaRetail_HQ,79.32,False,0.0
2026-08-21,ELEC-103,SwiftBlink_Prime,69.92,True,0.0
2026-08-21,ELEC-103,ApexMarket_Direct,85.45,True,0.0
2026-08-22,ELEC-103,MegaRetail_HQ,80.77,True,0.0
2026-08-22,ELEC-103,SwiftBlink_Prime,79.28,True,0.0
2026-08-22,ELEC-103,ApexMarket_Direct,82.92,True,0.0
2026-08-23,ELEC-103,MegaRetail_HQ,78.83,True,0.0
2026-08-23,ELEC-103,SwiftBlink_Prime,79.47,True,0.0
2026-08-23,ELEC-103,ApexMarket_Direct,80.99,True,0.0
2026-08-24,ELEC-103,MegaRetail_HQ,79.26,True,0.0
2026-08-24,ELEC-103,SwiftBlink_Prime,80.66,True,0.0
2026-08-24,ELEC-103,ApexMarket_Direct,85.92,True,0.0
2026-08-25,ELEC-103,MegaRetail_HQ,81.04,True,0.0
2026-08-25,ELEC-103,SwiftBlink_Prime,85.23,True,0.0
2026-08-25,ELEC-103,ApexMarket_Direct,84.41,True,0.0
2026-08-26,ELEC-103,MegaRetail_HQ,79.25,True,0.0
2026-08-26,ELEC-103,SwiftBlink_Prime,82.07,True,0.0
2026-08-26,ELEC-103,ApexMarket_Direct,85.26,True,0.0
2026-08-27,ELEC-103,MegaRetail_HQ,83.16,True,0.0
2026-08-27,ELEC-103,SwiftBlink_Prime,81.02,True,0.0
2026-08-27,ELEC-103,ApexMarket_Direct,87.62,True,0.0
2026-08-28,ELEC-103,MegaRetail_HQ,79.31,True,0.0
2026-08-28,ELEC-103,SwiftBlink_Prime,83.78,True,0.0
2026-08-28,ELEC-103,ApexMarket_Direct,86.82,True,0.0
2026-08-29,ELEC-103,MegaRetail_HQ,78.15,False,0.0
2026-08-29,ELEC-103,SwiftBlink_Prime,84.08,True,0.0
2026-08-29,ELEC-103,ApexMarket_Direct,87.0,True,0.0
2026-08-30,ELEC-103,MegaRetail_HQ,76.29,True,0.0
2026-08-30,ELEC-103,SwiftBlink_Prime,81.78,True,0.0
2026-08-30,ELEC-103,ApexMarket_Direct,85.38,True,0.0
2026-08-31,ELEC-103,MegaRetail_HQ,74.81,True,0.0
2026-08-31,ELEC-103,SwiftBlink_Prime,77.67,True,0.0
2026-08-31,ELEC-103,ApexMarket_Direct,89.74,True,0.0
2026-09-01,ELEC-103,MegaRetail_HQ,75.66,True,0.0
2026-09-01,ELEC-103,SwiftBlink_Prime,78.21,True,0.0
2026-09-01,ELEC-103,ApexMarket_Direct,88.04,True,0.0
2026-09-02,ELEC-103,MegaRetail_HQ,76.95,True,0.0
2026-09-02,ELEC-103,SwiftBlink_Prime,67.36,True,0.0
2026-09-02,ELEC-103,ApexMarket_Direct,85.23,True,0.0
2026-09-03,ELEC-103,MegaRetail_HQ,75.59,True,0.0
2026-09-03,ELEC-103,SwiftBlink_Prime,80.65,True,0.0
2026-09-03,ELEC-103,ApexMarket_Direct,82.29,True,0.0
2026-09-04,ELEC-103,MegaRetail_HQ,78.86,True,0.0
2026-09-04,ELEC-103,SwiftBlink_Prime,81.69,True,0.0
2026-09-04,ELEC-103,ApexMarket_Direct,81.88,True,0.0
2026-09-05,ELEC-103,MegaRetail_HQ,80.37,True,0.0
2026-09-05,ELEC-103,SwiftBlink_Prime,81.46,True,0.0
2026-09-05,ELEC-103,ApexMarket_Direct,78.45,True,0.0
2026-09-06,ELEC-103,MegaRetail_HQ,78.85,True,0.0
2026-09-06,ELEC-103,SwiftBlink_Prime,68.67,False,0.0
2026-09-06,ELEC-103,ApexMarket_Direct,78.82,True,0.0
2026-09-07,ELEC-103,MegaRetail_HQ,80.19,True,0.0
2026-09-07,ELEC-103,SwiftBlink_Prime,80.82,True,0.0
2026-09-07,ELEC-103,ApexMarket_Direct,74.25,True,0.0
2026-09-08,ELEC-103,MegaRetail_HQ,77.26,True,0.0
2026-09-08,ELEC-103,SwiftBlink_Prime,82.14,True,0.0
2026-09-08,ELEC-103,ApexMarket_Direct,78.78,True,0.0
2026-09-09,ELEC-103,MegaRetail_HQ,69.06,False,0.0
2026-09-09,ELEC-103,SwiftBlink_Prime,82.17,True,0.0
2026-09-09,ELEC-103,ApexMarket_Direct,78.15,True,0.0
2026-09-10,ELEC-103,MegaRetail_HQ,80.13,True,0.0
2026-09-10,ELEC-103,SwiftBlink_Prime,82.25,True,0.0
2026-09-10,ELEC-103,ApexMarket_Direct,78.81,True,0.0
2026-09-11,ELEC-103,MegaRetail_HQ,82.97,True,0.0
2026-09-11,ELEC-103,SwiftBlink_Prime,84.19,True,0.0
2026-09-11,ELEC-103,ApexMarket_Direct,75.42,True,0.0
2026-09-12,ELEC-103,MegaRetail_HQ,82.21,True,0.0
2026-09-12,ELEC-103,SwiftBlink_Prime,85.93,True,0.0
2026-09-12,ELEC-103,ApexMarket_Direct,74.89,True,0.0
2026-09-13,ELEC-103,MegaRetail_HQ,81.12,True,0.0
2026-09-13,ELEC-103,SwiftBlink_Prime,87.15,True,0.0
2026-09-13,ELEC-103,ApexMarket_Direct,77.48,True,0.0
2026-09-14,ELEC-103,MegaRetail_HQ,80.01,False,0.0
2026-09-14,ELEC-103,SwiftBlink_Prime,86.04,True,0.0
2026-09-14,ELEC-103,ApexMarket_Direct,79.93,True,0.0
2026-09-15,ELEC-103,MegaRetail_HQ,77.32,False,0.0
2026-09-15,ELEC-103,SwiftBlink_Prime,85.1,True,0.0
2026-09-15,ELEC-103,ApexMarket_Direct,81.33,True,0.0
2026-09-16,ELEC-103,MegaRetail_HQ,80.59,True,0.0
2026-09-16,ELEC-103,SwiftBlink_Prime,83.95,True,0.0
2026-09-16,ELEC-103,ApexMarket_Direct,81.06,True,0.0
2026-09-17,ELEC-103,MegaRetail_HQ,78.38,True,0.0
2026-09-17,ELEC-103,SwiftBlink_Prime,82.94,True,0.0
2026-09-17,ELEC-103,ApexMarket_Direct,85.01,True,0.0
2026-09-18,ELEC-103,MegaRetail_HQ,82.15,True,0.0
2026-09-18,ELEC-103,SwiftBlink_Prime,82.0,True,0.0
2026-09-18,ELEC-103,ApexMarket_Direct,82.65,True,0.0
2026-06-21,ELEC-104,MegaRetail_HQ,48.87,True,0.0
2026-06-21,ELEC-104,SwiftBlink_Prime,50.27,True,0.0
2026-06-21,ELEC-104,ApexMarket_Direct,51.6,True,0.0
2026-06-22,ELEC-104,MegaRetail_HQ,49.09,True,0.0
2026-06-22,ELEC-104,SwiftBlink_Prime,41.73,True,0.0
2026-06-22,ELEC-104,ApexMarket_Direct,52.05,True,0.0
2026-06-23,ELEC-104,MegaRetail_HQ,49.43,True,0.0
2026-06-23,ELEC-104,SwiftBlink_Prime,48.69,True,0.0
2026-06-23,ELEC-104,ApexMarket_Direct,52.02,True,0.0
2026-06-24,ELEC-104,MegaRetail_HQ,51.31,True,0.0
2026-06-24,ELEC-104,SwiftBlink_Prime,47.9,True,0.0
2026-06-24,ELEC-104,ApexMarket_Direct,50.15,True,0.0
2026-06-25,ELEC-104,MegaRetail_HQ,52.19,True,0.0
2026-06-25,ELEC-104,SwiftBlink_Prime,49.71,True,0.0
2026-06-25,ELEC-104,ApexMarket_Direct,48.99,True,0.0
2026-06-26,ELEC-104,MegaRetail_HQ,51.38,True,0.0
2026-06-26,ELEC-104,SwiftBlink_Prime,49.38,True,0.0
2026-06-26,ELEC-104,ApexMarket_Direct,43.46,True,0.0
2026-06-27,ELEC-104,MegaRetail_HQ,54.42,True,0.0
2026-06-27,ELEC-104,SwiftBlink_Prime,48.51,True,0.0
2026-06-27,ELEC-104,ApexMarket_Direct,52.35,True,0.0
2026-06-28,ELEC-104,MegaRetail_HQ,54.87,True,0.0
2026-06-28,ELEC-104,SwiftBlink_Prime,49.62,True,0.0
2026-06-28,ELEC-104,ApexMarket_Direct,50.72,False,0.0
2026-06-29,ELEC-104,MegaRetail_HQ,53.82,True,0.0
2026-06-29,ELEC-104,SwiftBlink_Prime,41.46,True,0.0
2026-06-29,ELEC-104,ApexMarket_Direct,48.69,True,0.0
2026-06-30,ELEC-104,MegaRetail_HQ,54.11,True,0.0
2026-06-30,ELEC-104,SwiftBlink_Prime,49.18,True,0.0
2026-06-30,ELEC-104,ApexMarket_Direct,48.16,True,0.0
2026-07-01,ELEC-104,MegaRetail_HQ,53.25,True,0.0
2026-07-01,ELEC-104,SwiftBlink_Prime,50.59,True,0.0
2026-07-01,ELEC-104,ApexMarket_Direct,47.56,True,0.0
2026-07-02,ELEC-104,MegaRetail_HQ,52.39,True,0.0
2026-07-02,ELEC-104,SwiftBlink_Prime,52.91,True,0.0
2026-07-02,ELEC-104,ApexMarket_Direct,48.66,True,0.0
2026-07-03,ELEC-104,MegaRetail_HQ,53.79,True,0.0
2026-07-03,ELEC-104,SwiftBlink_Prime,52.74,True,0.0
2026-07-03,ELEC-104,ApexMarket_Direct,46.91,True,0.0
2026-07-04,ELEC-104,MegaRetail_HQ,52.43,True,0.0
2026-07-04,ELEC-104,SwiftBlink_Prime,53.21,True,0.0
2026-07-04,ELEC-104,ApexMarket_Direct,49.23,True,0.0
2026-07-05,ELEC-104,MegaRetail_HQ,54.62,True,0.0
2026-07-05,ELEC-104,SwiftBlink_Prime,53.09,True,0.0
2026-07-05,ELEC-104,ApexMarket_Direct,53.25,True,0.0
2026-07-06,ELEC-104,MegaRetail_HQ,55.06,True,0.0
2026-07-06,ELEC-104,SwiftBlink_Prime,53.2,True,0.0
2026-07-06,ELEC-104,ApexMarket_Direct,54.7,True,0.0
2026-07-07,ELEC-104,MegaRetail_HQ,52.46,True,0.0
2026-07-07,ELEC-104,SwiftBlink_Prime,52.41,True,0.0
2026-07-07,ELEC-104,ApexMarket_Direct,52.72,True,0.0
2026-07-08,ELEC-104,MegaRetail_HQ,54.59,True,0.0
2026-07-08,ELEC-104,SwiftBlink_Prime,52.64,True,0.0
2026-07-08,ELEC-104,ApexMarket_Direct,50.52,True,0.0
2026-07-09,ELEC-104,MegaRetail_HQ,52.99,True,0.0
2026-07-09,ELEC-104,SwiftBlink_Prime,52.04,True,0.0
2026-07-09,ELEC-104,ApexMarket_Direct,42.89,True,0.0
2026-07-10,ELEC-104,MegaRetail_HQ,52.36,True,0.0
2026-07-10,ELEC-104,SwiftBlink_Prime,52.36,False,0.0
2026-07-10,ELEC-104,ApexMarket_Direct,49.06,True,0.0
2026-07-11,ELEC-104,MegaRetail_HQ,51.45,True,0.0
2026-07-11,ELEC-104,SwiftBlink_Prime,54.59,True,0.0
2026-07-11,ELEC-104,ApexMarket_Direct,48.6,True,0.0
2026-07-12,ELEC-104,MegaRetail_HQ,49.1,True,0.0
2026-07-12,ELEC-104,SwiftBlink_Prime,51.26,True,0.0
2026-07-12,ELEC-104,ApexMarket_Direct,46.52,True,0.0
2026-07-13,ELEC-104,MegaRetail_HQ,53.07,True,0.0
2026-07-13,ELEC-104,SwiftBlink_Prime,50.22,True,0.0
2026-07-13,ELEC-104,ApexMarket_Direct,47.32,True,0.0
2026-07-14,ELEC-104,MegaRetail_HQ,55.7,True,0.0
2026-07-14,ELEC-104,SwiftBlink_Prime,52.0,True,0.0
2026-07-14,ELEC-104,ApexMarket_Direct,49.26,True,0.0
2026-07-15,ELEC-104,MegaRetail_HQ,45.92,True,0.0
2026-07-15,ELEC-104,SwiftBlink_Prime,53.37,True,0.0
2026-07-15,ELEC-104,ApexMarket_Direct,48.4,True,0.0
2026-07-16,ELEC-104,MegaRetail_HQ,49.26,True,0.0
2026-07-16,ELEC-104,SwiftBlink_Prime,54.06,True,0.0
2026-07-16,ELEC-104,ApexMarket_Direct,47.99,True,0.0
2026-07-17,ELEC-104,MegaRetail_HQ,49.17,True,0.0
2026-07-17,ELEC-104,SwiftBlink_Prime,54.17,True,0.0
2026-07-17,ELEC-104,ApexMarket_Direct,46.24,True,0.0
2026-07-18,ELEC-104,MegaRetail_HQ,52.09,True,0.0
2026-07-18,ELEC-104,SwiftBlink_Prime,51.93,True,0.0
2026-07-18,ELEC-104,ApexMarket_Direct,46.28,True,0.0
2026-07-19,ELEC-104,MegaRetail_HQ,51.32,True,0.0
2026-07-19,ELEC-104,SwiftBlink_Prime,53.44,True,0.0
2026-07-19,ELEC-104,ApexMarket_Direct,43.93,True,0.0
2026-07-20,ELEC-104,MegaRetail_HQ,49.0,True,0.0
2026-07-20,ELEC-104,SwiftBlink_Prime,51.16,True,0.0
2026-07-20,ELEC-104,ApexMarket_Direct,44.05,True,0.0
2026-07-21,ELEC-104,MegaRetail_HQ,41.99,True,0.0
2026-07-21,ELEC-104,SwiftBlink_Prime,52.53,True,0.0
2026-07-21,ELEC-104,ApexMarket_Direct,44.65,True,0.0
2026-07-22,ELEC-104,MegaRetail_HQ,49.2,True,0.0
2026-07-22,ELEC-104,SwiftBlink_Prime,54.23,True,0.0
2026-07-22,ELEC-104,ApexMarket_Direct,43.78,True,0.0
2026-07-23,ELEC-104,MegaRetail_HQ,48.75,True,0.0
2026-07-23,ELEC-104,SwiftBlink_Prime,49.29,True,0.0
2026-07-23,ELEC-104,ApexMarket_Direct,44.47,True,0.0
2026-07-24,ELEC-104,MegaRetail_HQ,49.47,True,0.0
2026-07-24,ELEC-104,SwiftBlink_Prime,47.75,True,0.0
2026-07-24,ELEC-104,ApexMarket_Direct,45.89,True,0.0
2026-07-25,ELEC-104,MegaRetail_HQ,49.73,True,0.0
2026-07-25,ELEC-104,SwiftBlink_Prime,46.62,True,0.0
2026-07-25,ELEC-104,ApexMarket_Direct,45.17,True,0.0
2026-07-26,ELEC-104,MegaRetail_HQ,41.23,True,0.0
2026-07-26,ELEC-104,SwiftBlink_Prime,38.88,True,0.0
2026-07-26,ELEC-104,ApexMarket_Direct,45.44,True,0.0
2026-07-27,ELEC-104,MegaRetail_HQ,48.71,True,0.0
2026-07-27,ELEC-104,SwiftBlink_Prime,46.53,True,0.0
2026-07-27,ELEC-104,ApexMarket_Direct,44.43,True,0.0
2026-07-28,ELEC-104,MegaRetail_HQ,49.0,True,0.0
2026-07-28,ELEC-104,SwiftBlink_Prime,47.82,True,0.0
2026-07-28,ELEC-104,ApexMarket_Direct,42.92,True,0.0
2026-07-29,ELEC-104,MegaRetail_HQ,40.18,True,0.0
2026-07-29,ELEC-104,SwiftBlink_Prime,48.59,True,0.0
2026-07-29,ELEC-104,ApexMarket_Direct,41.95,True,0.0
2026-07-30,ELEC-104,MegaRetail_HQ,45.26,True,0.0
2026-07-30,ELEC-104,SwiftBlink_Prime,42.97,True,0.0
2026-07-30,ELEC-104,ApexMarket_Direct,35.74,True,0.0
2026-07-31,ELEC-104,MegaRetail_HQ,47.69,True,0.0
2026-07-31,ELEC-104,SwiftBlink_Prime,48.94,False,0.0
2026-07-31,ELEC-104,ApexMarket_Direct,43.33,True,0.0
2026-08-01,ELEC-104,MegaRetail_HQ,48.6,True,0.0
2026-08-01,ELEC-104,SwiftBlink_Prime,51.81,True,0.0
2026-08-01,ELEC-104,ApexMarket_Direct,44.21,True,0.0
2026-08-02,ELEC-104,MegaRetail_HQ,48.72,True,0.0
2026-08-02,ELEC-104,SwiftBlink_Prime,50.86,True,0.0
2026-08-02,ELEC-104,ApexMarket_Direct,48.09,True,0.0
2026-08-03,ELEC-104,MegaRetail_HQ,47.84,True,0.0
2026-08-03,ELEC-104,SwiftBlink_Prime,50.84,True,0.0
2026-08-03,ELEC-104,ApexMarket_Direct,50.47,True,0.0
2026-08-04,ELEC-104,MegaRetail_HQ,40.86,False,0.0
2026-08-04,ELEC-104,SwiftBlink_Prime,49.77,True,0.0
2026-08-04,ELEC-104,ApexMarket_Direct,51.3,True,0.0
2026-08-05,ELEC-104,MegaRetail_HQ,50.1,True,0.0
2026-08-05,ELEC-104,SwiftBlink_Prime,48.65,True,0.0
2026-08-05,ELEC-104,ApexMarket_Direct,48.93,True,0.0
2026-08-06,ELEC-104,MegaRetail_HQ,50.85,True,0.0
2026-08-06,ELEC-104,SwiftBlink_Prime,49.33,True,0.0
2026-08-06,ELEC-104,ApexMarket_Direct,49.04,False,0.0
2026-08-07,ELEC-104,MegaRetail_HQ,50.85,True,0.0
2026-08-07,ELEC-104,SwiftBlink_Prime,43.14,True,0.0
2026-08-07,ELEC-104,ApexMarket_Direct,47.72,False,0.0
2026-08-08,ELEC-104,MegaRetail_HQ,51.48,True,0.0
2026-08-08,ELEC-104,SwiftBlink_Prime,52.6,True,0.0
2026-08-08,ELEC-104,ApexMarket_Direct,40.13,True,0.0
2026-08-09,ELEC-104,MegaRetail_HQ,51.8,True,0.0
2026-08-09,ELEC-104,SwiftBlink_Prime,54.26,True,0.0
2026-08-09,ELEC-104,ApexMarket_Direct,49.41,True,0.0
2026-08-10,ELEC-104,MegaRetail_HQ,51.24,True,0.0
2026-08-10,ELEC-104,SwiftBlink_Prime,51.79,True,0.0
2026-08-10,ELEC-104,ApexMarket_Direct,49.67,True,0.0
2026-08-11,ELEC-104,MegaRetail_HQ,52.3,True,0.0
2026-08-11,ELEC-104,SwiftBlink_Prime,50.88,True,0.0
2026-08-11,ELEC-104,ApexMarket_Direct,49.32,True,0.0
2026-08-12,ELEC-104,MegaRetail_HQ,51.18,True,0.0
2026-08-12,ELEC-104,SwiftBlink_Prime,51.19,True,0.0
2026-08-12,ELEC-104,ApexMarket_Direct,50.56,True,0.0
2026-08-13,ELEC-104,MegaRetail_HQ,49.9,True,0.0
2026-08-13,ELEC-104,SwiftBlink_Prime,51.32,True,0.0
2026-08-13,ELEC-104,ApexMarket_Direct,50.76,True,0.0
2026-08-14,ELEC-104,MegaRetail_HQ,49.92,True,0.0
2026-08-14,ELEC-104,SwiftBlink_Prime,51.52,True,0.0
2026-08-14,ELEC-104,ApexMarket_Direct,50.58,True,0.0
2026-08-15,ELEC-104,MegaRetail_HQ,49.65,True,0.0
2026-08-15,ELEC-104,SwiftBlink_Prime,52.77,True,0.0
2026-08-15,ELEC-104,ApexMarket_Direct,52.27,True,0.0
2026-08-16,ELEC-104,MegaRetail_HQ,50.19,True,0.0
2026-08-16,ELEC-104,SwiftBlink_Prime,51.15,True,0.0
2026-08-16,ELEC-104,ApexMarket_Direct,52.82,True,0.0
2026-08-17,ELEC-104,MegaRetail_HQ,52.87,True,0.0
2026-08-17,ELEC-104,SwiftBlink_Prime,51.5,True,0.0
2026-08-17,ELEC-104,ApexMarket_Direct,51.94,True,0.0
2026-08-18,ELEC-104,MegaRetail_HQ,54.4,True,0.0
2026-08-18,ELEC-104,SwiftBlink_Prime,43.47,True,0.0
2026-08-18,ELEC-104,ApexMarket_Direct,48.29,True,0.0
2026-08-19,ELEC-104,MegaRetail_HQ,54.56,True,0.0
2026-08-19,ELEC-104,SwiftBlink_Prime,49.71,True,0.0
2026-08-19,ELEC-104,ApexMarket_Direct,47.7,True,0.0
2026-08-20,ELEC-104,MegaRetail_HQ,50.83,True,0.0
2026-08-20,ELEC-104,SwiftBlink_Prime,50.9,True,0.0
2026-08-20,ELEC-104,ApexMarket_Direct,49.93,True,0.0
2026-08-21,ELEC-104,MegaRetail_HQ,50.55,True,0.0
2026-08-21,ELEC-104,SwiftBlink_Prime,52.6,True,0.0
2026-08-21,ELEC-104,ApexMarket_Direct,50.0,True,0.0
2026-08-22,ELEC-104,MegaRetail_HQ,49.28,True,0.0
2026-08-22,ELEC-104,SwiftBlink_Prime,54.0,True,0.0
2026-08-22,ELEC-104,ApexMarket_Direct,48.32,True,0.0
2026-08-23,ELEC-104,MegaRetail_HQ,48.62,True,0.0
2026-08-23,ELEC-104,SwiftBlink_Prime,54.56,True,0.0
2026-08-23,ELEC-104,ApexMarket_Direct,50.63,True,0.0
2026-08-24,ELEC-104,MegaRetail_HQ,49.01,True,0.0
2026-08-24,ELEC-104,SwiftBlink_Prime,55.42,True,0.0
2026-08-24,ELEC-104,ApexMarket_Direct,48.56,True,0.0
2026-08-25,ELEC-104,MegaRetail_HQ,47.34,True,0.0
2026-08-25,ELEC-104,SwiftBlink_Prime,55.86,True,0.0
2026-08-25,ELEC-104,ApexMarket_Direct,49.18,True,0.0
2026-08-26,ELEC-104,MegaRetail_HQ,47.96,True,0.0
2026-08-26,ELEC-104,SwiftBlink_Prime,52.42,True,0.0
2026-08-26,ELEC-104,ApexMarket_Direct,39.01,False,0.0
2026-08-27,ELEC-104,MegaRetail_HQ,48.64,True,0.0
2026-08-27,ELEC-104,SwiftBlink_Prime,51.96,True,0.0
2026-08-27,ELEC-104,ApexMarket_Direct,46.22,True,0.0
2026-08-28,ELEC-104,MegaRetail_HQ,49.47,True,0.0
2026-08-28,ELEC-104,SwiftBlink_Prime,44.57,True,0.0
2026-08-28,ELEC-104,ApexMarket_Direct,46.4,True,0.0
2026-08-29,ELEC-104,MegaRetail_HQ,48.15,True,0.0
2026-08-29,ELEC-104,SwiftBlink_Prime,53.69,False,0.0
2026-08-29,ELEC-104,ApexMarket_Direct,46.13,False,0.0
2026-08-30,ELEC-104,MegaRetail_HQ,51.18,True,0.0
2026-08-30,ELEC-104,SwiftBlink_Prime,44.88,True,0.0
2026-08-30,ELEC-104,ApexMarket_Direct,46.19,True,0.0
2026-08-31,ELEC-104,MegaRetail_HQ,52.2,True,0.0
2026-08-31,ELEC-104,SwiftBlink_Prime,49.95,True,0.0
2026-08-31,ELEC-104,ApexMarket_Direct,45.18,True,0.0
2026-09-01,ELEC-104,MegaRetail_HQ,54.43,True,0.0
2026-09-01,ELEC-104,SwiftBlink_Prime,51.06,True,0.0
2026-09-01,ELEC-104,ApexMarket_Direct,44.93,True,0.0
2026-09-02,ELEC-104,MegaRetail_HQ,52.66,True,0.0
2026-09-02,ELEC-104,SwiftBlink_Prime,50.95,True,0.0
2026-09-02,ELEC-104,ApexMarket_Direct,46.21,True,0.0
2026-09-03,ELEC-104,MegaRetail_HQ,53.22,True,0.0
2026-09-03,ELEC-104,SwiftBlink_Prime,51.79,True,0.0
2026-09-03,ELEC-104,ApexMarket_Direct,43.19,False,0.0
2026-09-04,ELEC-104,MegaRetail_HQ,54.95,True,0.0
2026-09-04,ELEC-104,SwiftBlink_Prime,50.99,True,0.0
2026-09-04,ELEC-104,ApexMarket_Direct,52.02,True,0.0
2026-09-05,ELEC-104,MegaRetail_HQ,52.54,False,0.0
2026-09-05,ELEC-104,SwiftBlink_Prime,53.3,True,0.0
2026-09-05,ELEC-104,ApexMarket_Direct,52.83,True,0.0
2026-09-06,ELEC-104,MegaRetail_HQ,44.0,True,0.0
2026-09-06,ELEC-104,SwiftBlink_Prime,49.2,True,0.0
2026-09-06,ELEC-104,ApexMarket_Direct,45.08,True,0.0
2026-09-07,ELEC-104,MegaRetail_HQ,52.42,True,0.0
2026-09-07,ELEC-104,SwiftBlink_Prime,52.75,True,0.0
2026-09-07,ELEC-104,ApexMarket_Direct,52.74,True,0.0
2026-09-08,ELEC-104,MegaRetail_HQ,43.69,True,0.0
2026-09-08,ELEC-104,SwiftBlink_Prime,49.03,True,0.0
2026-09-08,ELEC-104,ApexMarket_Direct,52.0,True,0.0
2026-09-09,ELEC-104,MegaRetail_HQ,49.33,True,0.0
2026-09-09,ELEC-104,SwiftBlink_Prime,47.83,True,0.0
2026-09-09,ELEC-104,ApexMarket_Direct,50.69,True,0.0
2026-09-10,ELEC-104,MegaRetail_HQ,51.06,False,0.0
2026-09-10,ELEC-104,SwiftBlink_Prime,47.29,True,0.0
2026-09-10,ELEC-104,ApexMarket_Direct,51.31,True,0.0
2026-09-11,ELEC-104,MegaRetail_HQ,50.63,True,0.0
2026-09-11,ELEC-104,SwiftBlink_Prime,46.53,False,0.0
2026-09-11,ELEC-104,ApexMarket_Direct,50.82,True,0.0
2026-09-12,ELEC-104,MegaRetail_HQ,50.69,True,0.0
2026-09-12,ELEC-104,SwiftBlink_Prime,43.81,True,0.0
2026-09-12,ELEC-104,ApexMarket_Direct,50.67,True,0.0
2026-09-13,ELEC-104,MegaRetail_HQ,49.61,True,0.0
2026-09-13,ELEC-104,SwiftBlink_Prime,42.67,True,0.0
2026-09-13,ELEC-104,ApexMarket_Direct,47.78,True,0.0
2026-09-14,ELEC-104,MegaRetail_HQ,50.82,True,0.0
2026-09-14,ELEC-104,SwiftBlink_Prime,46.06,False,0.0
2026-09-14,ELEC-104,ApexMarket_Direct,49.49,True,0.0
2026-09-15,ELEC-104,MegaRetail_HQ,49.77,True,0.0
2026-09-15,ELEC-104,SwiftBlink_Prime,46.25,True,0.0
2026-09-15,ELEC-104,ApexMarket_Direct,48.23,True,0.0
2026-09-16,ELEC-104,MegaRetail_HQ,42.07,True,0.0
2026-09-16,ELEC-104,SwiftBlink_Prime,45.33,True,0.0
2026-09-16,ELEC-104,ApexMarket_Direct,48.3,True,0.0
2026-09-17,ELEC-104,MegaRetail_HQ,48.59,True,0.0
2026-09-17,ELEC-104,SwiftBlink_Prime,46.28,True,0.0
2026-09-17,ELEC-104,ApexMarket_Direct,49.22,True,0.0
2026-09-18,ELEC-104,MegaRetail_HQ,48.65,True,0.0
2026-09-18,ELEC-104,SwiftBlink_Prime,46.86,True,0.0
2026-09-18,ELEC-104,ApexMarket_Direct,50.4,True,0.0
2026-06-21,ELEC-105,MegaRetail_HQ,35.99,True,0.0
2026-06-21,ELEC-105,SwiftBlink_Prime,33.74,True,3.99
2026-06-21,ELEC-105,ApexMarket_Direct,33.41,True,3.99
2026-06-22,ELEC-105,MegaRetail_HQ,33.78,True,3.99
2026-06-22,ELEC-105,SwiftBlink_Prime,34.7,True,3.99
2026-06-22,ELEC-105,ApexMarket_Direct,34.54,True,3.99
2026-06-23,ELEC-105,MegaRetail_HQ,34.85,True,3.99
2026-06-23,ELEC-105,SwiftBlink_Prime,36.68,True,0.0
2026-06-23,ELEC-105,ApexMarket_Direct,33.82,True,3.99
2026-06-24,ELEC-105,MegaRetail_HQ,34.59,True,3.99
2026-06-24,ELEC-105,SwiftBlink_Prime,37.93,True,0.0
2026-06-24,ELEC-105,ApexMarket_Direct,34.55,True,3.99
2026-06-25,ELEC-105,MegaRetail_HQ,33.92,True,3.99
2026-06-25,ELEC-105,SwiftBlink_Prime,35.56,True,0.0
2026-06-25,ELEC-105,ApexMarket_Direct,35.85,True,0.0
2026-06-26,ELEC-105,MegaRetail_HQ,33.04,True,3.99
2026-06-26,ELEC-105,SwiftBlink_Prime,37.03,True,0.0
2026-06-26,ELEC-105,ApexMarket_Direct,35.46,True,0.0
2026-06-27,ELEC-105,MegaRetail_HQ,32.88,True,3.99
2026-06-27,ELEC-105,SwiftBlink_Prime,36.78,True,0.0
2026-06-27,ELEC-105,ApexMarket_Direct,35.22,True,0.0
2026-06-28,ELEC-105,MegaRetail_HQ,31.43,True,3.99
2026-06-28,ELEC-105,SwiftBlink_Prime,35.67,True,0.0
2026-06-28,ELEC-105,ApexMarket_Direct,36.2,True,0.0
2026-06-29,ELEC-105,MegaRetail_HQ,31.34,True,3.99
2026-06-29,ELEC-105,SwiftBlink_Prime,35.54,True,0.0
2026-06-29,ELEC-105,ApexMarket_Direct,36.31,True,0.0
2026-06-30,ELEC-105,MegaRetail_HQ,31.39,True,3.99
2026-06-30,ELEC-105,SwiftBlink_Prime,35.44,True,0.0
2026-06-30,ELEC-105,ApexMarket_Direct,36.69,True,0.0
2026-07-01,ELEC-105,MegaRetail_HQ,31.81,True,3.99
2026-07-01,ELEC-105,SwiftBlink_Prime,34.22,True,3.99
2026-07-01,ELEC-105,ApexMarket_Direct,36.06,True,0.0
2026-07-02,ELEC-105,MegaRetail_HQ,32.19,True,3.99
2026-07-02,ELEC-105,SwiftBlink_Prime,34.58,True,3.99
2026-07-02,ELEC-105,ApexMarket_Direct,36.15,True,0.0
2026-07-03,ELEC-105,MegaRetail_HQ,31.05,False,3.99
2026-07-03,ELEC-105,SwiftBlink_Prime,35.2,True,0.0
2026-07-03,ELEC-105,ApexMarket_Direct,33.84,True,3.99
2026-07-04,ELEC-105,MegaRetail_HQ,33.29,False,3.99
2026-07-04,ELEC-105,SwiftBlink_Prime,35.43,True,0.0
2026-07-04,ELEC-105,ApexMarket_Direct,33.78,True,3.99
2026-07-05,ELEC-105,MegaRetail_HQ,32.63,True,3.99
2026-07-05,ELEC-105,SwiftBlink_Prime,34.04,True,3.99
2026-07-05,ELEC-105,ApexMarket_Direct,33.05,True,3.99
2026-07-06,ELEC-105,MegaRetail_HQ,28.89,True,3.99
2026-07-06,ELEC-105,SwiftBlink_Prime,32.27,True,3.99
2026-07-06,ELEC-105,ApexMarket_Direct,33.16,True,3.99
2026-07-07,ELEC-105,MegaRetail_HQ,36.59,True,0.0
2026-07-07,ELEC-105,SwiftBlink_Prime,32.98,True,3.99
2026-07-07,ELEC-105,ApexMarket_Direct,34.38,True,3.99
2026-07-08,ELEC-105,MegaRetail_HQ,35.88,True,0.0
2026-07-08,ELEC-105,SwiftBlink_Prime,31.94,True,3.99
2026-07-08,ELEC-105,ApexMarket_Direct,34.44,True,3.99
2026-07-09,ELEC-105,MegaRetail_HQ,36.0,True,0.0
2026-07-09,ELEC-105,SwiftBlink_Prime,32.68,True,3.99
2026-07-09,ELEC-105,ApexMarket_Direct,36.38,True,0.0
2026-07-10,ELEC-105,MegaRetail_HQ,35.15,True,0.0
2026-07-10,ELEC-105,SwiftBlink_Prime,33.94,True,3.99
2026-07-10,ELEC-105,ApexMarket_Direct,36.04,True,0.0
2026-07-11,ELEC-105,MegaRetail_HQ,35.54,True,0.0
2026-07-11,ELEC-105,SwiftBlink_Prime,27.4,True,3.99
2026-07-11,ELEC-105,ApexMarket_Direct,37.21,True,0.0
2026-07-12,ELEC-105,MegaRetail_HQ,34.83,True,3.99
2026-07-12,ELEC-105,SwiftBlink_Prime,34.1,True,3.99
2026-07-12,ELEC-105,ApexMarket_Direct,29.44,True,3.99
2026-07-13,ELEC-105,MegaRetail_HQ,35.09,True,0.0
2026-07-13,ELEC-105,SwiftBlink_Prime,34.18,True,3.99
2026-07-13,ELEC-105,ApexMarket_Direct,34.99,True,3.99
2026-07-14,ELEC-105,MegaRetail_HQ,35.66,True,0.0
2026-07-14,ELEC-105,SwiftBlink_Prime,34.4,True,3.99
2026-07-14,ELEC-105,ApexMarket_Direct,34.78,True,3.99
2026-07-15,ELEC-105,MegaRetail_HQ,36.75,True,0.0
2026-07-15,ELEC-105,SwiftBlink_Prime,34.35,True,3.99
2026-07-15,ELEC-105,ApexMarket_Direct,35.86,True,0.0
2026-07-16,ELEC-105,MegaRetail_HQ,38.54,True,0.0
2026-07-16,ELEC-105,SwiftBlink_Prime,34.19,True,3.99
2026-07-16,ELEC-105,ApexMarket_Direct,36.73,True,0.0
2026-07-17,ELEC-105,MegaRetail_HQ,37.22,True,0.0
2026-07-17,ELEC-105,SwiftBlink_Prime,35.51,True,0.0
2026-07-17,ELEC-105,ApexMarket_Direct,35.91,True,0.0
2026-07-18,ELEC-105,MegaRetail_HQ,36.32,True,0.0
2026-07-18,ELEC-105,SwiftBlink_Prime,36.33,True,0.0
2026-07-18,ELEC-105,ApexMarket_Direct,36.31,True,0.0
2026-07-19,ELEC-105,MegaRetail_HQ,30.18,True,3.99
2026-07-19,ELEC-105,SwiftBlink_Prime,31.33,True,3.99
2026-07-19,ELEC-105,ApexMarket_Direct,37.35,True,0.0
2026-07-20,ELEC-105,MegaRetail_HQ,34.62,True,3.99
2026-07-20,ELEC-105,SwiftBlink_Prime,36.8,True,0.0
2026-07-20,ELEC-105,ApexMarket_Direct,36.13,True,0.0
2026-07-21,ELEC-105,MegaRetail_HQ,32.96,False,3.99
2026-07-21,ELEC-105,SwiftBlink_Prime,36.33,True,0.0
2026-07-21,ELEC-105,ApexMarket_Direct,35.38,True,0.0
2026-07-22,ELEC-105,MegaRetail_HQ,33.3,True,3.99
2026-07-22,ELEC-105,SwiftBlink_Prime,36.77,True,0.0
2026-07-22,ELEC-105,ApexMarket_Direct,34.84,True,3.99
2026-07-23,ELEC-105,MegaRetail_HQ,33.56,True,3.99
2026-07-23,ELEC-105,SwiftBlink_Prime,36.31,True,0.0
2026-07-23,ELEC-105,ApexMarket_Direct,34.95,False,3.99
2026-07-24,ELEC-105,MegaRetail_HQ,32.73,True,3.99
2026-07-24,ELEC-105,SwiftBlink_Prime,35.31,True,0.0
2026-07-24,ELEC-105,ApexMarket_Direct,35.87,True,0.0
2026-07-25,ELEC-105,MegaRetail_HQ,33.8,True,3.99
2026-07-25,ELEC-105,SwiftBlink_Prime,34.97,True,3.99
2026-07-25,ELEC-105,ApexMarket_Direct,36.4,True,0.0
2026-07-26,ELEC-105,MegaRetail_HQ,34.06,True,3.99
2026-07-26,ELEC-105,SwiftBlink_Prime,35.0,True,3.99
2026-07-26,ELEC-105,ApexMarket_Direct,34.45,True,3.99
2026-07-27,ELEC-105,MegaRetail_HQ,34.55,True,3.99
2026-07-27,ELEC-105,SwiftBlink_Prime,35.01,True,0.0
2026-07-27,ELEC-105,ApexMarket_Direct,30.24,True,3.99
2026-07-28,ELEC-105,MegaRetail_HQ,34.84,True,3.99
2026-07-28,ELEC-105,SwiftBlink_Prime,34.49,True,3.99
2026-07-28,ELEC-105,ApexMarket_Direct,36.34,True,0.0
2026-07-29,ELEC-105,MegaRetail_HQ,35.39,True,0.0
2026-07-29,ELEC-105,SwiftBlink_Prime,35.68,True,0.0
2026-07-29,ELEC-105,ApexMarket_Direct,39.03,True,0.0
2026-07-30,ELEC-105,MegaRetail_HQ,35.3,True,0.0
2026-07-30,ELEC-105,SwiftBlink_Prime,33.72,True,3.99
2026-07-30,ELEC-105,ApexMarket_Direct,37.69,True,0.0
2026-07-31,ELEC-105,MegaRetail_HQ,35.41,True,0.0
2026-07-31,ELEC-105,SwiftBlink_Prime,33.05,True,3.99
2026-07-31,ELEC-105,ApexMarket_Direct,38.46,True,0.0
2026-08-01,ELEC-105,MegaRetail_HQ,36.35,True,0.0
2026-08-01,ELEC-105,SwiftBlink_Prime,32.26,True,3.99
2026-08-01,ELEC-105,ApexMarket_Direct,37.04,True,0.0
2026-08-02,ELEC-105,MegaRetail_HQ,35.33,True,0.0
2026-08-02,ELEC-105,SwiftBlink_Prime,33.43,True,3.99
2026-08-02,ELEC-105,ApexMarket_Direct,36.22,False,0.0
2026-08-03,ELEC-105,MegaRetail_HQ,35.11,True,0.0
2026-08-03,ELEC-105,SwiftBlink_Prime,34.66,True,3.99
2026-08-03,ELEC-105,ApexMarket_Direct,35.8,True,0.0
2026-08-04,ELEC-105,MegaRetail_HQ,31.59,True,3.99
2026-08-04,ELEC-105,SwiftBlink_Prime,36.36,True,0.0
2026-08-04,ELEC-105,ApexMarket_Direct,34.28,True,3.99
2026-08-05,ELEC-105,MegaRetail_HQ,37.04,True,0.0
2026-08-05,ELEC-105,SwiftBlink_Prime,36.23,True,0.0
2026-08-05,ELEC-105,ApexMarket_Direct,33.28,True,3.99
2026-08-06,ELEC-105,MegaRetail_HQ,36.43,False,0.0
2026-08-06,ELEC-105,SwiftBlink_Prime,35.58,True,0.0
2026-08-06,ELEC-105,ApexMarket_Direct,33.68,True,3.99
2026-08-07,ELEC-105,MegaRetail_HQ,33.24,True,3.99
2026-08-07,ELEC-105,SwiftBlink_Prime,30.18,True,3.99
2026-08-07,ELEC-105,ApexMarket_Direct,32.36,True,3.99
2026-08-08,ELEC-105,MegaRetail_HQ,32.02,True,3.99
2026-08-08,ELEC-105,SwiftBlink_Prime,34.96,True,3.99
2026-08-08,ELEC-105,ApexMarket_Direct,34.28,True,3.99
2026-08-09,ELEC-105,MegaRetail_HQ,33.12,True,3.99
2026-08-09,ELEC-105,SwiftBlink_Prime,33.77,True,3.99
2026-08-09,ELEC-105,ApexMarket_Direct,35.48,True,0.0
2026-08-10,ELEC-105,MegaRetail_HQ,32.28,True,3.99
2026-08-10,ELEC-105,SwiftBlink_Prime,27.47,True,3.99
2026-08-10,ELEC-105,ApexMarket_Direct,36.27,True,0.0
2026-08-11,ELEC-105,MegaRetail_HQ,31.77,False,3.99
2026-08-11,ELEC-105,SwiftBlink_Prime,33.9,True,3.99
2026-08-11,ELEC-105,ApexMarket_Direct,34.83,True,3.99
2026-08-12,ELEC-105,MegaRetail_HQ,32.92,True,3.99
2026-08-12,ELEC-105,SwiftBlink_Prime,33.72,True,3.99
2026-08-12,ELEC-105,ApexMarket_Direct,35.49,True,0.0
2026-08-13,ELEC-105,MegaRetail_HQ,33.27,True,3.99
2026-08-13,ELEC-105,SwiftBlink_Prime,32.86,True,3.99
2026-08-13,ELEC-105,ApexMarket_Direct,36.19,True,0.0
2026-08-14,ELEC-105,MegaRetail_HQ,32.48,True,3.99
2026-08-14,ELEC-105,SwiftBlink_Prime,25.92,True,3.99
2026-08-14,ELEC-105,ApexMarket_Direct,35.81,True,0.0
2026-08-15,ELEC-105,MegaRetail_HQ,33.42,True,3.99
2026-08-15,ELEC-105,SwiftBlink_Prime,31.12,True,3.99
2026-08-15,ELEC-105,ApexMarket_Direct,37.81,True,0.0
2026-08-16,ELEC-105,MegaRetail_HQ,32.9,True,3.99
2026-08-16,ELEC-105,SwiftBlink_Prime,32.16,True,3.99
2026-08-16,ELEC-105,ApexMarket_Direct,37.41,True,0.0
2026-08-17,ELEC-105,MegaRetail_HQ,32.84,True,3.99
2026-08-17,ELEC-105,SwiftBlink_Prime,31.98,True,3.99
2026-08-17,ELEC-105,ApexMarket_Direct,37.15,True,0.0
2026-08-18,ELEC-105,MegaRetail_HQ,31.62,True,3.99
2026-08-18,ELEC-105,SwiftBlink_Prime,32.6,True,3.99
2026-08-18,ELEC-105,ApexMarket_Direct,36.88,True,0.0
2026-08-19,ELEC-105,MegaRetail_HQ,31.89,True,3.99
2026-08-19,ELEC-105,SwiftBlink_Prime,29.34,True,3.99
2026-08-19,ELEC-105,ApexMarket_Direct,34.92,True,3.99
2026-08-20,ELEC-105,MegaRetail_HQ,30.63,True,3.99
2026-08-20,ELEC-105,SwiftBlink_Prime,34.41,True,3.99
2026-08-20,ELEC-105,ApexMarket_Direct,36.67,True,0.0
2026-08-21,ELEC-105,MegaRetail_HQ,29.96,True,3.99
2026-08-21,ELEC-105,SwiftBlink_Prime,33.85,True,3.99
2026-08-21,ELEC-105,ApexMarket_Direct,36.02,True,0.0
2026-08-22,ELEC-105,MegaRetail_HQ,31.3,True,3.99
2026-08-22,ELEC-105,SwiftBlink_Prime,27.92,True,3.99
2026-08-22,ELEC-105,ApexMarket_Direct,36.12,False,0.0
2026-08-23,ELEC-105,MegaRetail_HQ,30.63,True,3.99
2026-08-23,ELEC-105,SwiftBlink_Prime,34.06,True,3.99
2026-08-23,ELEC-105,ApexMarket_Direct,36.62,True,0.0
2026-08-24,ELEC-105,MegaRetail_HQ,29.36,True,3.99
2026-08-24,ELEC-105,SwiftBlink_Prime,34.55,True,3.99
2026-08-24,ELEC-105,ApexMarket_Direct,37.03,True,0.0
2026-08-25,ELEC-105,MegaRetail_HQ,30.24,True,3.99
2026-08-25,ELEC-105,SwiftBlink_Prime,35.23,True,0.0
2026-08-25,ELEC-105,ApexMarket_Direct,36.73,True,0.0
2026-08-26,ELEC-105,MegaRetail_HQ,31.19,True,3.99
2026-08-26,ELEC-105,SwiftBlink_Prime,36.08,True,0.0
2026-08-26,ELEC-105,ApexMarket_Direct,35.82,False,0.0
2026-08-27,ELEC-105,MegaRetail_HQ,31.17,True,3.99
2026-08-27,ELEC-105,SwiftBlink_Prime,35.83,True,0.0
2026-08-27,ELEC-105,ApexMarket_Direct,35.48,True,0.0
2026-08-28,ELEC-105,MegaRetail_HQ,32.13,True,3.99
2026-08-28,ELEC-105,SwiftBlink_Prime,34.03,True,3.99
2026-08-28,ELEC-105,ApexMarket_Direct,35.89,True,0.0
2026-08-29,ELEC-105,MegaRetail_HQ,32.76,True,3.99
2026-08-29,ELEC-105,SwiftBlink_Prime,33.48,True,3.99
2026-08-29,ELEC-105,ApexMarket_Direct,36.2,True,0.0
2026-08-30,ELEC-105,MegaRetail_HQ,33.61,False,3.99
2026-08-30,ELEC-105,SwiftBlink_Prime,35.6,True,0.0
2026-08-30,ELEC-105,ApexMarket_Direct,30.45,True,3.99
2026-08-31,ELEC-105,MegaRetail_HQ,32.81,True,3.99
2026-08-31,ELEC-105,SwiftBlink_Prime,36.0,True,0.0
2026-08-31,ELEC-105,ApexMarket_Direct,37.25,True,0.0
2026-09-01,ELEC-105,MegaRetail_HQ,33.14,True,3.99
2026-09-01,ELEC-105,SwiftBlink_Prime,36.5,True,0.0
2026-09-01,ELEC-105,ApexMarket_Direct,36.69,True,0.0
2026-09-02,ELEC-105,MegaRetail_HQ,32.69,False,3.99
2026-09-02,ELEC-105,SwiftBlink_Prime,35.14,True,0.0
2026-09-02,ELEC-105,ApexMarket_Direct,36.93,True,0.0
2026-09-03,ELEC-105,MegaRetail_HQ,32.12,True,3.99
2026-09-03,ELEC-105,SwiftBlink_Prime,35.1,True,0.0
2026-09-03,ELEC-105,ApexMarket_Direct,36.13,True,0.0
2026-09-04,ELEC-105,MegaRetail_HQ,31.75,True,3.99
2026-09-04,ELEC-105,SwiftBlink_Prime,33.44,True,3.99
2026-09-04,ELEC-105,ApexMarket_Direct,34.55,True,3.99
2026-09-05,ELEC-105,MegaRetail_HQ,32.39,True,3.99
2026-09-05,ELEC-105,SwiftBlink_Prime,33.78,True,3.99
2026-09-05,ELEC-105,ApexMarket_Direct,35.23,True,0.0
2026-09-06,ELEC-105,MegaRetail_HQ,30.71,True,3.99
2026-09-06,ELEC-105,SwiftBlink_Prime,34.9,True,3.99
2026-09-06,ELEC-105,ApexMarket_Direct,33.92,False,3.99
2026-09-07,ELEC-105,MegaRetail_HQ,30.35,True,3.99
2026-09-07,ELEC-105,SwiftBlink_Prime,34.49,True,3.99
2026-09-07,ELEC-105,ApexMarket_Direct,34.8,True,3.99
2026-09-08,ELEC-105,MegaRetail_HQ,33.12,True,3.99
2026-09-08,ELEC-105,SwiftBlink_Prime,32.92,True,3.99
2026-09-08,ELEC-105,ApexMarket_Direct,36.53,True,0.0
2026-09-09,ELEC-105,MegaRetail_HQ,27.2,True,3.99
2026-09-09,ELEC-105,SwiftBlink_Prime,33.03,True,3.99
2026-09-09,ELEC-105,ApexMarket_Direct,37.27,True,0.0
2026-09-10,ELEC-105,MegaRetail_HQ,30.93,False,3.99
2026-09-10,ELEC-105,SwiftBlink_Prime,33.31,True,3.99
2026-09-10,ELEC-105,ApexMarket_Direct,35.61,True,0.0
2026-09-11,ELEC-105,MegaRetail_HQ,31.1,True,3.99
2026-09-11,ELEC-105,SwiftBlink_Prime,30.83,False,3.99
2026-09-11,ELEC-105,ApexMarket_Direct,35.73,True,0.0
2026-09-12,ELEC-105,MegaRetail_HQ,32.77,True,3.99
2026-09-12,ELEC-105,SwiftBlink_Prime,32.23,True,3.99
2026-09-12,ELEC-105,ApexMarket_Direct,34.62,True,3.99
2026-09-13,ELEC-105,MegaRetail_HQ,34.21,True,3.99
2026-09-13,ELEC-105,SwiftBlink_Prime,32.11,True,3.99
2026-09-13,ELEC-105,ApexMarket_Direct,34.59,True,3.99
2026-09-14,ELEC-105,MegaRetail_HQ,33.62,True,3.99
2026-09-14,ELEC-105,SwiftBlink_Prime,32.58,True,3.99
2026-09-14,ELEC-105,ApexMarket_Direct,33.51,True,3.99
2026-09-15,ELEC-105,MegaRetail_HQ,32.62,True,3.99
2026-09-15,ELEC-105,SwiftBlink_Prime,32.68,True,3.99
2026-09-15,ELEC-105,ApexMarket_Direct,34.92,True,3.99
2026-09-16,ELEC-105,MegaRetail_HQ,33.88,True,3.99
2026-09-16,ELEC-105,SwiftBlink_Prime,33.63,True,3.99
2026-09-16,ELEC-105,ApexMarket_Direct,34.45,True,3.99
2026-09-17,ELEC-105,MegaRetail_HQ,32.24,True,3.99
2026-09-17,ELEC-105,SwiftBlink_Prime,33.21,True,3.99
2026-09-17,ELEC-105,ApexMarket_Direct,34.77,True,3.99
2026-09-18,ELEC-105,MegaRetail_HQ,33.16,True,3.99
2026-09-18,ELEC-105,SwiftBlink_Prime,32.88,False,3.99
2026-09-18,ELEC-105,ApexMarket_Direct,35.4,True,0.0
2026-06-21,ELEC-106,MegaRetail_HQ,30.23,True,3.99
2026-06-21,ELEC-106,SwiftBlink_Prime,31.99,True,3.99
2026-06-21,ELEC-106,ApexMarket_Direct,32.37,True,3.99
2026-06-22,ELEC-106,MegaRetail_HQ,26.07,True,3.99
2026-06-22,ELEC-106,SwiftBlink_Prime,32.49,True,3.99
2026-06-22,ELEC-106,ApexMarket_Direct,31.72,True,3.99
2026-06-23,ELEC-106,MegaRetail_HQ,31.02,True,3.99
2026-06-23,ELEC-106,SwiftBlink_Prime,27.8,True,3.99
2026-06-23,ELEC-106,ApexMarket_Direct,31.84,True,3.99
2026-06-24,ELEC-106,MegaRetail_HQ,30.36,True,3.99
2026-06-24,ELEC-106,SwiftBlink_Prime,31.31,True,3.99
2026-06-24,ELEC-106,ApexMarket_Direct,31.96,True,3.99
2026-06-25,ELEC-106,MegaRetail_HQ,31.81,False,3.99
2026-06-25,ELEC-106,SwiftBlink_Prime,26.44,True,3.99
2026-06-25,ELEC-106,ApexMarket_Direct,32.27,True,3.99
2026-06-26,ELEC-106,MegaRetail_HQ,32.16,True,3.99
2026-06-26,ELEC-106,SwiftBlink_Prime,31.71,False,3.99
2026-06-26,ELEC-106,ApexMarket_Direct,31.66,True,3.99
2026-06-27,ELEC-106,MegaRetail_HQ,31.51,True,3.99
2026-06-27,ELEC-106,SwiftBlink_Prime,27.41,True,3.99
2026-06-27,ELEC-106,ApexMarket_Direct,31.93,True,3.99
2026-06-28,ELEC-106,MegaRetail_HQ,32.92,True,3.99
2026-06-28,ELEC-106,SwiftBlink_Prime,31.95,False,3.99
2026-06-28,ELEC-106,ApexMarket_Direct,31.42,True,3.99
2026-06-29,ELEC-106,MegaRetail_HQ,33.73,True,3.99
2026-06-29,ELEC-106,SwiftBlink_Prime,30.76,True,3.99
2026-06-29,ELEC-106,ApexMarket_Direct,30.95,True,3.99
2026-06-30,ELEC-106,MegaRetail_HQ,33.51,True,3.99
2026-06-30,ELEC-106,SwiftBlink_Prime,31.37,True,3.99
2026-06-30,ELEC-106,ApexMarket_Direct,30.22,True,3.99
2026-07-01,ELEC-106,MegaRetail_HQ,34.72,True,3.99
2026-07-01,ELEC-106,SwiftBlink_Prime,30.83,True,3.99
2026-07-01,ELEC-106,ApexMarket_Direct,30.31,True,3.99
2026-07-02,ELEC-106,MegaRetail_HQ,33.08,True,3.99
2026-07-02,ELEC-106,SwiftBlink_Prime,29.49,True,3.99
2026-07-02,ELEC-106,ApexMarket_Direct,28.89,True,3.99
2026-07-03,ELEC-106,MegaRetail_HQ,34.0,False,3.99
2026-07-03,ELEC-106,SwiftBlink_Prime,29.08,True,3.99
2026-07-03,ELEC-106,ApexMarket_Direct,27.52,True,3.99
2026-07-04,ELEC-106,MegaRetail_HQ,33.26,True,3.99
2026-07-04,ELEC-106,SwiftBlink_Prime,28.72,True,3.99
2026-07-04,ELEC-106,ApexMarket_Direct,28.03,False,3.99
2026-07-05,ELEC-106,MegaRetail_HQ,34.07,True,3.99
2026-07-05,ELEC-106,SwiftBlink_Prime,28.59,True,3.99
2026-07-05,ELEC-106,ApexMarket_Direct,27.13,True,3.99
2026-07-06,ELEC-106,MegaRetail_HQ,32.59,True,3.99
2026-07-06,ELEC-106,SwiftBlink_Prime,27.94,True,3.99
2026-07-06,ELEC-106,ApexMarket_Direct,27.87,False,3.99
2026-07-07,ELEC-106,MegaRetail_HQ,31.52,True,3.99
2026-07-07,ELEC-106,SwiftBlink_Prime,28.04,True,3.99
2026-07-07,ELEC-106,ApexMarket_Direct,27.36,True,3.99
2026-07-08,ELEC-106,MegaRetail_HQ,29.63,True,3.99
2026-07-08,ELEC-106,SwiftBlink_Prime,27.5,True,3.99
2026-07-08,ELEC-106,ApexMarket_Direct,26.41,True,3.99
2026-07-09,ELEC-106,MegaRetail_HQ,28.38,True,3.99
2026-07-09,ELEC-106,SwiftBlink_Prime,22.98,True,3.99
2026-07-09,ELEC-106,ApexMarket_Direct,26.04,True,3.99
2026-07-10,ELEC-106,MegaRetail_HQ,27.97,True,3.99
2026-07-10,ELEC-106,SwiftBlink_Prime,27.64,True,3.99
2026-07-10,ELEC-106,ApexMarket_Direct,22.22,True,3.99
2026-07-11,ELEC-106,MegaRetail_HQ,29.48,True,3.99
2026-07-11,ELEC-106,SwiftBlink_Prime,26.82,True,3.99
2026-07-11,ELEC-106,ApexMarket_Direct,27.46,True,3.99
2026-07-12,ELEC-106,MegaRetail_HQ,30.29,True,3.99
2026-07-12,ELEC-106,SwiftBlink_Prime,28.68,True,3.99
2026-07-12,ELEC-106,ApexMarket_Direct,26.83,True,3.99
2026-07-13,ELEC-106,MegaRetail_HQ,30.49,True,3.99
2026-07-13,ELEC-106,SwiftBlink_Prime,29.37,True,3.99
2026-07-13,ELEC-106,ApexMarket_Direct,27.61,True,3.99
2026-07-14,ELEC-106,MegaRetail_HQ,31.36,True,3.99
2026-07-14,ELEC-106,SwiftBlink_Prime,30.52,True,3.99
2026-07-14,ELEC-106,ApexMarket_Direct,27.76,True,3.99
2026-07-15,ELEC-106,MegaRetail_HQ,31.62,True,3.99
2026-07-15,ELEC-106,SwiftBlink_Prime,30.34,True,3.99
2026-07-15,ELEC-106,ApexMarket_Direct,28.54,True,3.99
2026-07-16,ELEC-106,MegaRetail_HQ,30.6,False,3.99
2026-07-16,ELEC-106,SwiftBlink_Prime,30.16,True,3.99
2026-07-16,ELEC-106,ApexMarket_Direct,29.04,True,3.99
2026-07-17,ELEC-106,MegaRetail_HQ,30.11,True,3.99
2026-07-17,ELEC-106,SwiftBlink_Prime,31.64,True,3.99
2026-07-17,ELEC-106,ApexMarket_Direct,28.74,True,3.99
2026-07-18,ELEC-106,MegaRetail_HQ,28.93,True,3.99
2026-07-18,ELEC-106,SwiftBlink_Prime,32.01,True,3.99
2026-07-18,ELEC-106,ApexMarket_Direct,28.47,True,3.99
2026-07-19,ELEC-106,MegaRetail_HQ,28.88,True,3.99
2026-07-19,ELEC-106,SwiftBlink_Prime,31.0,True,3.99
2026-07-19,ELEC-106,ApexMarket_Direct,23.87,True,3.99
2026-07-20,ELEC-106,MegaRetail_HQ,28.99,True,3.99
2026-07-20,ELEC-106,SwiftBlink_Prime,30.2,True,3.99
2026-07-20,ELEC-106,ApexMarket_Direct,28.98,True,3.99
2026-07-21,ELEC-106,MegaRetail_HQ,29.36,True,3.99
2026-07-21,ELEC-106,SwiftBlink_Prime,30.62,True,3.99
2026-07-21,ELEC-106,ApexMarket_Direct,29.56,True,3.99
2026-07-22,ELEC-106,MegaRetail_HQ,25.41,True,3.99
2026-07-22,ELEC-106,SwiftBlink_Prime,29.41,True,3.99
2026-07-22,ELEC-106,ApexMarket_Direct,30.41,True,3.99
2026-07-23,ELEC-106,MegaRetail_HQ,29.94,True,3.99
2026-07-23,ELEC-106,SwiftBlink_Prime,30.11,True,3.99
2026-07-23,ELEC-106,ApexMarket_Direct,30.16,True,3.99
2026-07-24,ELEC-106,MegaRetail_HQ,29.24,True,3.99
2026-07-24,ELEC-106,SwiftBlink_Prime,28.85,False,3.99
2026-07-24,ELEC-106,ApexMarket_Direct,30.41,True,3.99
2026-07-25,ELEC-106,MegaRetail_HQ,30.66,True,3.99
2026-07-25,ELEC-106,SwiftBlink_Prime,27.82,True,3.99
2026-07-25,ELEC-106,ApexMarket_Direct,30.97,True,3.99
2026-07-26,ELEC-106,MegaRetail_HQ,32.35,True,3.99
2026-07-26,ELEC-106,SwiftBlink_Prime,27.46,False,3.99
2026-07-26,ELEC-106,ApexMarket_Direct,30.33,True,3.99
2026-07-27,ELEC-106,MegaRetail_HQ,31.96,True,3.99
2026-07-27,ELEC-106,SwiftBlink_Prime,27.86,True,3.99
2026-07-27,ELEC-106,ApexMarket_Direct,28.55,True,3.99
2026-07-28,ELEC-106,MegaRetail_HQ,31.89,False,3.99
2026-07-28,ELEC-106,SwiftBlink_Prime,27.84,True,3.99
2026-07-28,ELEC-106,ApexMarket_Direct,30.34,True,3.99
2026-07-29,ELEC-106,MegaRetail_HQ,31.16,True,3.99
2026-07-29,ELEC-106,SwiftBlink_Prime,28.65,True,3.99
2026-07-29,ELEC-106,ApexMarket_Direct,29.35,True,3.99
2026-07-30,ELEC-106,MegaRetail_HQ,30.36,True,3.99
2026-07-30,ELEC-106,SwiftBlink_Prime,29.15,True,3.99
2026-07-30,ELEC-106,ApexMarket_Direct,28.54,True,3.99
2026-07-31,ELEC-106,MegaRetail_HQ,28.81,True,3.99
2026-07-31,ELEC-106,SwiftBlink_Prime,23.25,True,3.99
2026-07-31,ELEC-106,ApexMarket_Direct,29.24,True,3.99
2026-08-01,ELEC-106,MegaRetail_HQ,29.48,True,3.99
2026-08-01,ELEC-106,SwiftBlink_Prime,27.52,True,3.99
2026-08-01,ELEC-106,ApexMarket_Direct,29.24,True,3.99
2026-08-02,ELEC-106,MegaRetail_HQ,27.56,True,3.99
2026-08-02,ELEC-106,SwiftBlink_Prime,27.68,True,3.99
2026-08-02,ELEC-106,ApexMarket_Direct,28.59,True,3.99
2026-08-03,ELEC-106,MegaRetail_HQ,24.02,True,3.99
2026-08-03,ELEC-106,SwiftBlink_Prime,27.74,True,3.99
2026-08-03,ELEC-106,ApexMarket_Direct,29.63,True,3.99
2026-08-04,ELEC-106,MegaRetail_HQ,29.07,True,3.99
2026-08-04,ELEC-106,SwiftBlink_Prime,29.93,True,3.99
2026-08-04,ELEC-106,ApexMarket_Direct,28.67,True,3.99
2026-08-05,ELEC-106,MegaRetail_HQ,29.71,True,3.99
2026-08-05,ELEC-106,SwiftBlink_Prime,29.11,True,3.99
2026-08-05,ELEC-106,ApexMarket_Direct,28.49,True,3.99
2026-08-06,ELEC-106,MegaRetail_HQ,30.58,True,3.99
2026-08-06,ELEC-106,SwiftBlink_Prime,28.12,True,3.99
2026-08-06,ELEC-106,ApexMarket_Direct,28.76,True,3.99
2026-08-07,ELEC-106,MegaRetail_HQ,25.75,True,3.99
2026-08-07,ELEC-106,SwiftBlink_Prime,28.12,True,3.99
2026-08-07,ELEC-106,ApexMarket_Direct,31.13,True,3.99
2026-08-08,ELEC-106,MegaRetail_HQ,29.75,True,3.99
2026-08-08,ELEC-106,SwiftBlink_Prime,29.32,True,3.99
2026-08-08,ELEC-106,ApexMarket_Direct,32.84,True,3.99
2026-08-09,ELEC-106,MegaRetail_HQ,31.47,True,3.99
2026-08-09,ELEC-106,SwiftBlink_Prime,29.77,True,3.99
2026-08-09,ELEC-106,ApexMarket_Direct,31.63,True,3.99
2026-08-10,ELEC-106,MegaRetail_HQ,31.25,True,3.99
2026-08-10,ELEC-106,SwiftBlink_Prime,30.1,True,3.99
2026-08-10,ELEC-106,ApexMarket_Direct,32.22,True,3.99
2026-08-11,ELEC-106,MegaRetail_HQ,25.7,True,3.99
2026-08-11,ELEC-106,SwiftBlink_Prime,30.31,True,3.99
2026-08-11,ELEC-106,ApexMarket_Direct,31.08,False,3.99
2026-08-12,ELEC-106,MegaRetail_HQ,30.78,True,3.99
2026-08-12,ELEC-106,SwiftBlink_Prime,31.03,True,3.99
2026-08-12,ELEC-106,ApexMarket_Direct,30.71,True,3.99
2026-08-13,ELEC-106,MegaRetail_HQ,25.83,True,3.99
2026-08-13,ELEC-106,SwiftBlink_Prime,30.83,True,3.99
2026-08-13,ELEC-106,ApexMarket_Direct,32.96,True,3.99
2026-08-14,ELEC-106,MegaRetail_HQ,31.23,True,3.99
2026-08-14,ELEC-106,SwiftBlink_Prime,30.96,True,3.99
2026-08-14,ELEC-106,ApexMarket_Direct,34.1,True,3.99
2026-08-15,ELEC-106,MegaRetail_HQ,29.17,True,3.99
2026-08-15,ELEC-106,SwiftBlink_Prime,30.65,True,3.99
2026-08-15,ELEC-106,ApexMarket_Direct,33.27,True,3.99
2026-08-16,ELEC-106,MegaRetail_HQ,29.03,True,3.99
2026-08-16,ELEC-106,SwiftBlink_Prime,30.47,True,3.99
2026-08-16,ELEC-106,ApexMarket_Direct,33.7,True,3.99
2026-08-17,ELEC-106,MegaRetail_HQ,28.93,True,3.99
2026-08-17,ELEC-106,SwiftBlink_Prime,31.24,True,3.99
2026-08-17,ELEC-106,ApexMarket_Direct,28.55,True,3.99
2026-08-18,ELEC-106,MegaRetail_HQ,28.59,True,3.99
2026-08-18,ELEC-106,SwiftBlink_Prime,30.88,True,3.99
2026-08-18,ELEC-106,ApexMarket_Direct,32.45,True,3.99
2026-08-19,ELEC-106,MegaRetail_HQ,27.83,True,3.99
2026-08-19,ELEC-106,SwiftBlink_Prime,30.13,True,3.99
2026-08-19,ELEC-106,ApexMarket_Direct,30.95,False,3.99
2026-08-20,ELEC-106,MegaRetail_HQ,27.6,True,3.99
2026-08-20,ELEC-106,SwiftBlink_Prime,31.69,True,3.99
2026-08-20,ELEC-106,ApexMarket_Direct,30.55,True,3.99
2026-08-21,ELEC-106,MegaRetail_HQ,27.77,True,3.99
2026-08-21,ELEC-106,SwiftBlink_Prime,33.33,True,3.99
2026-08-21,ELEC-106,ApexMarket_Direct,30.71,True,3.99
2026-08-22,ELEC-106,MegaRetail_HQ,28.48,True,3.99
2026-08-22,ELEC-106,SwiftBlink_Prime,32.9,True,3.99
2026-08-22,ELEC-106,ApexMarket_Direct,31.87,True,3.99
2026-08-23,ELEC-106,MegaRetail_HQ,25.47,True,3.99
2026-08-23,ELEC-106,SwiftBlink_Prime,33.09,False,3.99
2026-08-23,ELEC-106,ApexMarket_Direct,31.19,True,3.99
2026-08-24,ELEC-106,MegaRetail_HQ,30.39,False,3.99
2026-08-24,ELEC-106,SwiftBlink_Prime,32.8,True,3.99
2026-08-24,ELEC-106,ApexMarket_Direct,31.29,True,3.99
2026-08-25,ELEC-106,MegaRetail_HQ,30.5,True,3.99
2026-08-25,ELEC-106,SwiftBlink_Prime,33.23,True,3.99
2026-08-25,ELEC-106,ApexMarket_Direct,30.17,True,3.99
2026-08-26,ELEC-106,MegaRetail_HQ,30.23,True,3.99
2026-08-26,ELEC-106,SwiftBlink_Prime,31.98,True,3.99
2026-08-26,ELEC-106,ApexMarket_Direct,29.56,True,3.99
2026-08-27,ELEC-106,MegaRetail_HQ,29.86,True,3.99
2026-08-27,ELEC-106,SwiftBlink_Prime,30.42,True,3.99
2026-08-27,ELEC-106,ApexMarket_Direct,29.64,True,3.99
2026-08-28,ELEC-106,MegaRetail_HQ,26.56,True,3.99
2026-08-28,ELEC-106,SwiftBlink_Prime,31.35,True,3.99
2026-08-28,ELEC-106,ApexMarket_Direct,30.23,True,3.99
2026-08-29,ELEC-106,MegaRetail_HQ,31.15,True,3.99
2026-08-29,ELEC-106,SwiftBlink_Prime,31.1,True,3.99
2026-08-29,ELEC-106,ApexMarket_Direct,28.91,True,3.99
2026-08-30,ELEC-106,MegaRetail_HQ,30.43,True,3.99
2026-08-30,ELEC-106,SwiftBlink_Prime,30.02,True,3.99
2026-08-30,ELEC-106,ApexMarket_Direct,29.7,True,3.99
2026-08-31,ELEC-106,MegaRetail_HQ,31.3,True,3.99
2026-08-31,ELEC-106,SwiftBlink_Prime,25.93,True,3.99
2026-08-31,ELEC-106,ApexMarket_Direct,30.38,True,3.99
2026-09-01,ELEC-106,MegaRetail_HQ,32.39,True,3.99
2026-09-01,ELEC-106,SwiftBlink_Prime,30.74,True,3.99
2026-09-01,ELEC-106,ApexMarket_Direct,28.91,True,3.99
2026-09-02,ELEC-106,MegaRetail_HQ,32.64,True,3.99
2026-09-02,ELEC-106,SwiftBlink_Prime,30.36,True,3.99
2026-09-02,ELEC-106,ApexMarket_Direct,28.78,True,3.99
2026-09-03,ELEC-106,MegaRetail_HQ,32.53,True,3.99
2026-09-03,ELEC-106,SwiftBlink_Prime,30.73,True,3.99
2026-09-03,ELEC-106,ApexMarket_Direct,27.58,True,3.99
2026-09-04,ELEC-106,MegaRetail_HQ,31.23,True,3.99
2026-09-04,ELEC-106,SwiftBlink_Prime,30.4,True,3.99
2026-09-04,ELEC-106,ApexMarket_Direct,27.91,True,3.99
2026-09-05,ELEC-106,MegaRetail_HQ,32.33,True,3.99
2026-09-05,ELEC-106,SwiftBlink_Prime,31.31,True,3.99
2026-09-05,ELEC-106,ApexMarket_Direct,27.04,True,3.99
2026-09-06,ELEC-106,MegaRetail_HQ,27.48,True,3.99
2026-09-06,ELEC-106,SwiftBlink_Prime,32.09,True,3.99
2026-09-06,ELEC-106,ApexMarket_Direct,29.29,True,3.99
2026-09-07,ELEC-106,MegaRetail_HQ,27.98,True,3.99
2026-09-07,ELEC-106,SwiftBlink_Prime,31.91,True,3.99
2026-09-07,ELEC-106,ApexMarket_Direct,29.42,True,3.99
2026-09-08,ELEC-106,MegaRetail_HQ,31.74,True,3.99
2026-09-08,ELEC-106,SwiftBlink_Prime,33.0,True,3.99
2026-09-08,ELEC-106,ApexMarket_Direct,29.96,True,3.99
2026-09-09,ELEC-106,MegaRetail_HQ,29.59,True,3.99
2026-09-09,ELEC-106,SwiftBlink_Prime,33.11,False,3.99
2026-09-09,ELEC-106,ApexMarket_Direct,30.76,True,3.99
2026-09-10,ELEC-106,MegaRetail_HQ,31.41,True,3.99
2026-09-10,ELEC-106,SwiftBlink_Prime,32.19,True,3.99
2026-09-10,ELEC-106,ApexMarket_Direct,29.69,True,3.99
2026-09-11,ELEC-106,MegaRetail_HQ,31.2,True,3.99
2026-09-11,ELEC-106,SwiftBlink_Prime,32.77,True,3.99
2026-09-11,ELEC-106,ApexMarket_Direct,26.3,True,3.99
2026-09-12,ELEC-106,MegaRetail_HQ,27.31,True,3.99
2026-09-12,ELEC-106,SwiftBlink_Prime,33.87,True,3.99
2026-09-12,ELEC-106,ApexMarket_Direct,31.3,True,3.99
2026-09-13,ELEC-106,MegaRetail_HQ,31.33,True,3.99
2026-09-13,ELEC-106,SwiftBlink_Prime,32.99,True,3.99
2026-09-13,ELEC-106,ApexMarket_Direct,31.41,True,3.99
2026-09-14,ELEC-106,MegaRetail_HQ,31.5,True,3.99
2026-09-14,ELEC-106,SwiftBlink_Prime,32.96,True,3.99
2026-09-14,ELEC-106,ApexMarket_Direct,31.24,True,3.99
2026-09-15,ELEC-106,MegaRetail_HQ,31.01,True,3.99
2026-09-15,ELEC-106,SwiftBlink_Prime,31.03,True,3.99
2026-09-15,ELEC-106,ApexMarket_Direct,31.54,True,3.99
2026-09-16,ELEC-106,MegaRetail_HQ,29.29,True,3.99
2026-09-16,ELEC-106,SwiftBlink_Prime,31.88,True,3.99
2026-09-16,ELEC-106,ApexMarket_Direct,30.58,True,3.99
2026-09-17,ELEC-106,MegaRetail_HQ,29.63,True,3.99
2026-09-17,ELEC-106,SwiftBlink_Prime,31.9,True,3.99
2026-09-17,ELEC-106,ApexMarket_Direct,31.21,False,3.99
2026-09-18,ELEC-106,MegaRetail_HQ,29.53,True,3.99
2026-09-18,ELEC-106,SwiftBlink_Prime,31.8,False,3.99
2026-09-18,ELEC-106,ApexMarket_Direct,30.22,True,3.99
2026-06-21,FMCG-201,MegaRetail_HQ,16.72,True,3.99
2026-06-21,FMCG-201,SwiftBlink_Prime,19.06,True,3.99
2026-06-21,FMCG-201,ApexMarket_Direct,19.43,True,3.99
2026-06-22,FMCG-201,MegaRetail_HQ,19.76,True,3.99
2026-06-22,FMCG-201,SwiftBlink_Prime,19.23,True,3.99
2026-06-22,FMCG-201,ApexMarket_Direct,18.98,True,3.99
2026-06-23,FMCG-201,MegaRetail_HQ,19.24,True,3.99
2026-06-23,FMCG-201,SwiftBlink_Prime,18.21,True,3.99
2026-06-23,FMCG-201,ApexMarket_Direct,18.85,True,3.99
2026-06-24,FMCG-201,MegaRetail_HQ,18.85,True,3.99
2026-06-24,FMCG-201,SwiftBlink_Prime,18.93,True,3.99
2026-06-24,FMCG-201,ApexMarket_Direct,18.29,True,3.99
2026-06-25,FMCG-201,MegaRetail_HQ,18.54,True,3.99
2026-06-25,FMCG-201,SwiftBlink_Prime,19.72,True,3.99
2026-06-25,FMCG-201,ApexMarket_Direct,15.09,True,3.99
2026-06-26,FMCG-201,MegaRetail_HQ,19.11,True,3.99
2026-06-26,FMCG-201,SwiftBlink_Prime,19.39,False,3.99
2026-06-26,FMCG-201,ApexMarket_Direct,16.84,True,3.99
2026-06-27,FMCG-201,MegaRetail_HQ,19.25,True,3.99
2026-06-27,FMCG-201,SwiftBlink_Prime,19.46,True,3.99
2026-06-27,FMCG-201,ApexMarket_Direct,16.56,True,3.99
2026-06-28,FMCG-201,MegaRetail_HQ,19.16,True,3.99
2026-06-28,FMCG-201,SwiftBlink_Prime,18.38,True,3.99
2026-06-28,FMCG-201,ApexMarket_Direct,16.88,True,3.99
2026-06-29,FMCG-201,MegaRetail_HQ,18.82,False,3.99
2026-06-29,FMCG-201,SwiftBlink_Prime,18.4,True,3.99
2026-06-29,FMCG-201,ApexMarket_Direct,16.83,True,3.99
2026-06-30,FMCG-201,MegaRetail_HQ,19.89,True,3.99
2026-06-30,FMCG-201,SwiftBlink_Prime,16.11,True,3.99
2026-06-30,FMCG-201,ApexMarket_Direct,17.43,True,3.99
2026-07-01,FMCG-201,MegaRetail_HQ,18.66,True,3.99
2026-07-01,FMCG-201,SwiftBlink_Prime,18.28,True,3.99
2026-07-01,FMCG-201,ApexMarket_Direct,17.38,True,3.99
2026-07-02,FMCG-201,MegaRetail_HQ,16.82,True,3.99
2026-07-02,FMCG-201,SwiftBlink_Prime,17.55,True,3.99
2026-07-02,FMCG-201,ApexMarket_Direct,17.38,True,3.99
2026-07-03,FMCG-201,MegaRetail_HQ,17.75,True,3.99
2026-07-03,FMCG-201,SwiftBlink_Prime,17.47,True,3.99
2026-07-03,FMCG-201,ApexMarket_Direct,16.5,False,3.99
2026-07-04,FMCG-201,MegaRetail_HQ,18.09,True,3.99
2026-07-04,FMCG-201,SwiftBlink_Prime,16.98,True,3.99
2026-07-04,FMCG-201,ApexMarket_Direct,16.67,True,3.99
2026-07-05,FMCG-201,MegaRetail_HQ,18.6,False,3.99
2026-07-05,FMCG-201,SwiftBlink_Prime,16.09,True,3.99
2026-07-05,FMCG-201,ApexMarket_Direct,17.51,True,3.99
2026-07-06,FMCG-201,MegaRetail_HQ,17.92,True,3.99
2026-07-06,FMCG-201,SwiftBlink_Prime,16.69,False,3.99
2026-07-06,FMCG-201,ApexMarket_Direct,17.21,True,3.99
2026-07-07,FMCG-201,MegaRetail_HQ,17.84,True,3.99
2026-07-07,FMCG-201,SwiftBlink_Prime,17.25,True,3.99
2026-07-07,FMCG-201,ApexMarket_Direct,17.37,True,3.99
2026-07-08,FMCG-201,MegaRetail_HQ,17.81,True,3.99
2026-07-08,FMCG-201,SwiftBlink_Prime,16.94,True,3.99
2026-07-08,FMCG-201,ApexMarket_Direct,17.31,True,3.99
2026-07-09,FMCG-201,MegaRetail_HQ,17.51,True,3.99
2026-07-09,FMCG-201,SwiftBlink_Prime,17.48,True,3.99
2026-07-09,FMCG-201,ApexMarket_Direct,17.83,True,3.99
2026-07-10,FMCG-201,MegaRetail_HQ,17.34,False,3.99
2026-07-10,FMCG-201,SwiftBlink_Prime,17.32,True,3.99
2026-07-10,FMCG-201,ApexMarket_Direct,17.8,True,3.99
2026-07-11,FMCG-201,MegaRetail_HQ,15.13,True,3.99
2026-07-11,FMCG-201,SwiftBlink_Prime,18.34,True,3.99
2026-07-11,FMCG-201,ApexMarket_Direct,15.61,True,3.99
2026-07-12,FMCG-201,MegaRetail_HQ,17.57,True,3.99
2026-07-12,FMCG-201,SwiftBlink_Prime,18.29,True,3.99
2026-07-12,FMCG-201,ApexMarket_Direct,18.94,True,3.99
2026-07-13,FMCG-201,MegaRetail_HQ,17.37,True,3.99
2026-07-13,FMCG-201,SwiftBlink_Prime,18.36,True,3.99
2026-07-13,FMCG-201,ApexMarket_Direct,19.45,True,3.99
2026-07-14,FMCG-201,MegaRetail_HQ,17.59,False,3.99
2026-07-14,FMCG-201,SwiftBlink_Prime,17.76,True,3.99
2026-07-14,FMCG-201,ApexMarket_Direct,20.49,True,3.99
2026-07-15,FMCG-201,MegaRetail_HQ,17.59,True,3.99
2026-07-15,FMCG-201,SwiftBlink_Prime,18.02,True,3.99
2026-07-15,FMCG-201,ApexMarket_Direct,19.05,False,3.99
2026-07-16,FMCG-201,MegaRetail_HQ,18.09,True,3.99
2026-07-16,FMCG-201,SwiftBlink_Prime,20.4,True,3.99
2026-07-16,FMCG-201,ApexMarket_Direct,17.85,True,3.99
2026-07-17,FMCG-201,MegaRetail_HQ,18.39,True,3.99
2026-07-17,FMCG-201,SwiftBlink_Prime,20.16,True,3.99
2026-07-17,FMCG-201,ApexMarket_Direct,17.78,True,3.99
2026-07-18,FMCG-201,MegaRetail_HQ,17.62,True,3.99
2026-07-18,FMCG-201,SwiftBlink_Prime,20.41,False,3.99
2026-07-18,FMCG-201,ApexMarket_Direct,17.72,True,3.99
2026-07-19,FMCG-201,MegaRetail_HQ,18.54,True,3.99
2026-07-19,FMCG-201,SwiftBlink_Prime,19.89,True,3.99
2026-07-19,FMCG-201,ApexMarket_Direct,18.11,True,3.99
2026-07-20,FMCG-201,MegaRetail_HQ,19.0,True,3.99
2026-07-20,FMCG-201,SwiftBlink_Prime,20.81,True,3.99
2026-07-20,FMCG-201,ApexMarket_Direct,18.14,True,3.99
2026-07-21,FMCG-201,MegaRetail_HQ,19.74,True,3.99
2026-07-21,FMCG-201,SwiftBlink_Prime,20.13,True,3.99
2026-07-21,FMCG-201,ApexMarket_Direct,18.69,True,3.99
2026-07-22,FMCG-201,MegaRetail_HQ,19.68,True,3.99
2026-07-22,FMCG-201,SwiftBlink_Prime,20.1,False,3.99
2026-07-22,FMCG-201,ApexMarket_Direct,18.67,True,3.99
2026-07-23,FMCG-201,MegaRetail_HQ,20.14,True,3.99
2026-07-23,FMCG-201,SwiftBlink_Prime,20.43,True,3.99
2026-07-23,FMCG-201,ApexMarket_Direct,18.46,True,3.99
2026-07-24,FMCG-201,MegaRetail_HQ,20.47,True,3.99
2026-07-24,FMCG-201,SwiftBlink_Prime,21.05,True,3.99
2026-07-24,FMCG-201,ApexMarket_Direct,18.2,True,3.99
2026-07-25,FMCG-201,MegaRetail_HQ,20.02,True,3.99
2026-07-25,FMCG-201,SwiftBlink_Prime,21.31,True,3.99
2026-07-25,FMCG-201,ApexMarket_Direct,18.05,True,3.99
2026-07-26,FMCG-201,MegaRetail_HQ,19.24,True,3.99
2026-07-26,FMCG-201,SwiftBlink_Prime,21.13,True,3.99
2026-07-26,FMCG-201,ApexMarket_Direct,18.16,True,3.99
2026-07-27,FMCG-201,MegaRetail_HQ,19.21,True,3.99
2026-07-27,FMCG-201,SwiftBlink_Prime,21.99,True,3.99
2026-07-27,FMCG-201,ApexMarket_Direct,18.07,True,3.99
2026-07-28,FMCG-201,MegaRetail_HQ,18.64,True,3.99
2026-07-28,FMCG-201,SwiftBlink_Prime,22.54,True,3.99
2026-07-28,FMCG-201,ApexMarket_Direct,18.74,True,3.99
2026-07-29,FMCG-201,MegaRetail_HQ,18.06,True,3.99
2026-07-29,FMCG-201,SwiftBlink_Prime,21.54,True,3.99
2026-07-29,FMCG-201,ApexMarket_Direct,18.43,True,3.99
2026-07-30,FMCG-201,MegaRetail_HQ,18.9,True,3.99
2026-07-30,FMCG-201,SwiftBlink_Prime,21.01,True,3.99
2026-07-30,FMCG-201,ApexMarket_Direct,18.71,True,3.99
2026-07-31,FMCG-201,MegaRetail_HQ,19.07,True,3.99
2026-07-31,FMCG-201,SwiftBlink_Prime,16.68,True,3.99
2026-07-31,FMCG-201,ApexMarket_Direct,18.71,True,3.99
2026-08-01,FMCG-201,MegaRetail_HQ,19.13,True,3.99
2026-08-01,FMCG-201,SwiftBlink_Prime,18.95,True,3.99
2026-08-01,FMCG-201,ApexMarket_Direct,18.59,True,3.99
2026-08-02,FMCG-201,MegaRetail_HQ,19.82,False,3.99
2026-08-02,FMCG-201,SwiftBlink_Prime,20.04,True,3.99
2026-08-02,FMCG-201,ApexMarket_Direct,19.11,True,3.99
2026-08-03,FMCG-201,MegaRetail_HQ,19.96,True,3.99
2026-08-03,FMCG-201,SwiftBlink_Prime,20.17,True,3.99
2026-08-03,FMCG-201,ApexMarket_Direct,19.19,True,3.99
2026-08-04,FMCG-201,MegaRetail_HQ,19.76,True,3.99
2026-08-04,FMCG-201,SwiftBlink_Prime,20.08,True,3.99
2026-08-04,FMCG-201,ApexMarket_Direct,18.77,True,3.99
2026-08-05,FMCG-201,MegaRetail_HQ,18.65,True,3.99
2026-08-05,FMCG-201,SwiftBlink_Prime,17.21,True,3.99
2026-08-05,FMCG-201,ApexMarket_Direct,18.77,True,3.99
2026-08-06,FMCG-201,MegaRetail_HQ,18.62,True,3.99
2026-08-06,FMCG-201,SwiftBlink_Prime,20.13,True,3.99
2026-08-06,FMCG-201,ApexMarket_Direct,18.63,True,3.99
2026-08-07,FMCG-201,MegaRetail_HQ,17.87,True,3.99
2026-08-07,FMCG-201,SwiftBlink_Prime,20.33,True,3.99
2026-08-07,FMCG-201,ApexMarket_Direct,17.62,True,3.99
2026-08-08,FMCG-201,MegaRetail_HQ,18.28,True,3.99
2026-08-08,FMCG-201,SwiftBlink_Prime,18.9,True,3.99
2026-08-08,FMCG-201,ApexMarket_Direct,17.64,True,3.99
2026-08-09,FMCG-201,MegaRetail_HQ,17.52,True,3.99
2026-08-09,FMCG-201,SwiftBlink_Prime,17.3,True,3.99
2026-08-09,FMCG-201,ApexMarket_Direct,17.59,True,3.99
2026-08-10,FMCG-201,MegaRetail_HQ,17.48,False,3.99
2026-08-10,FMCG-201,SwiftBlink_Prime,17.32,True,3.99
2026-08-10,FMCG-201,ApexMarket_Direct,18.46,True,3.99
2026-08-11,FMCG-201,MegaRetail_HQ,17.81,True,3.99
2026-08-11,FMCG-201,SwiftBlink_Prime,17.83,True,3.99
2026-08-11,FMCG-201,ApexMarket_Direct,18.25,True,3.99
2026-08-12,FMCG-201,MegaRetail_HQ,14.97,True,3.99
2026-08-12,FMCG-201,SwiftBlink_Prime,18.26,True,3.99
2026-08-12,FMCG-201,ApexMarket_Direct,17.8,True,3.99
2026-08-13,FMCG-201,MegaRetail_HQ,17.62,True,3.99
2026-08-13,FMCG-201,SwiftBlink_Prime,18.47,True,3.99
2026-08-13,FMCG-201,ApexMarket_Direct,17.43,True,3.99
2026-08-14,FMCG-201,MegaRetail_HQ,17.91,True,3.99
2026-08-14,FMCG-201,SwiftBlink_Prime,18.21,False,3.99
2026-08-14,FMCG-201,ApexMarket_Direct,17.79,True,3.99
2026-08-15,FMCG-201,MegaRetail_HQ,18.3,True,3.99
2026-08-15,FMCG-201,SwiftBlink_Prime,18.57,True,3.99
2026-08-15,FMCG-201,ApexMarket_Direct,17.08,True,3.99
2026-08-16,FMCG-201,MegaRetail_HQ,18.24,True,3.99
2026-08-16,FMCG-201,SwiftBlink_Prime,18.02,True,3.99
2026-08-16,FMCG-201,ApexMarket_Direct,16.35,True,3.99
2026-08-17,FMCG-201,MegaRetail_HQ,18.26,True,3.99
2026-08-17,FMCG-201,SwiftBlink_Prime,17.78,False,3.99
2026-08-17,FMCG-201,ApexMarket_Direct,16.53,True,3.99
2026-08-18,FMCG-201,MegaRetail_HQ,18.2,True,3.99
2026-08-18,FMCG-201,SwiftBlink_Prime,18.05,True,3.99
2026-08-18,FMCG-201,ApexMarket_Direct,17.48,False,3.99
2026-08-19,FMCG-201,MegaRetail_HQ,15.74,True,3.99
2026-08-19,FMCG-201,SwiftBlink_Prime,18.05,True,3.99
2026-08-19,FMCG-201,ApexMarket_Direct,18.49,True,3.99
2026-08-20,FMCG-201,MegaRetail_HQ,18.27,True,3.99
2026-08-20,FMCG-201,SwiftBlink_Prime,19.32,True,3.99
2026-08-20,FMCG-201,ApexMarket_Direct,18.76,True,3.99
2026-08-21,FMCG-201,MegaRetail_HQ,18.21,True,3.99
2026-08-21,FMCG-201,SwiftBlink_Prime,19.43,True,3.99
2026-08-21,FMCG-201,ApexMarket_Direct,18.88,False,3.99
2026-08-22,FMCG-201,MegaRetail_HQ,18.99,True,3.99
2026-08-22,FMCG-201,SwiftBlink_Prime,19.78,True,3.99
2026-08-22,FMCG-201,ApexMarket_Direct,18.77,True,3.99
2026-08-23,FMCG-201,MegaRetail_HQ,17.28,True,3.99
2026-08-23,FMCG-201,SwiftBlink_Prime,18.14,True,3.99
2026-08-23,FMCG-201,ApexMarket_Direct,19.19,True,3.99
2026-08-24,FMCG-201,MegaRetail_HQ,20.08,True,3.99
2026-08-24,FMCG-201,SwiftBlink_Prime,16.26,True,3.99
2026-08-24,FMCG-201,ApexMarket_Direct,18.77,True,3.99
2026-08-25,FMCG-201,MegaRetail_HQ,20.68,True,3.99
2026-08-25,FMCG-201,SwiftBlink_Prime,18.84,True,3.99
2026-08-25,FMCG-201,ApexMarket_Direct,18.84,True,3.99
2026-08-26,FMCG-201,MegaRetail_HQ,21.05,True,3.99
2026-08-26,FMCG-201,SwiftBlink_Prime,19.12,True,3.99
2026-08-26,FMCG-201,ApexMarket_Direct,18.21,True,3.99
2026-08-27,FMCG-201,MegaRetail_HQ,19.46,True,3.99
2026-08-27,FMCG-201,SwiftBlink_Prime,19.82,True,3.99
2026-08-27,FMCG-201,ApexMarket_Direct,18.14,True,3.99
2026-08-28,FMCG-201,MegaRetail_HQ,19.12,True,3.99
2026-08-28,FMCG-201,SwiftBlink_Prime,19.58,True,3.99
2026-08-28,FMCG-201,ApexMarket_Direct,17.84,False,3.99
2026-08-29,FMCG-201,MegaRetail_HQ,18.83,True,3.99
2026-08-29,FMCG-201,SwiftBlink_Prime,19.14,True,3.99
2026-08-29,FMCG-201,ApexMarket_Direct,18.29,True,3.99
2026-08-30,FMCG-201,MegaRetail_HQ,19.28,True,3.99
2026-08-30,FMCG-201,SwiftBlink_Prime,18.03,True,3.99
2026-08-30,FMCG-201,ApexMarket_Direct,19.15,True,3.99
2026-08-31,FMCG-201,MegaRetail_HQ,19.19,True,3.99
2026-08-31,FMCG-201,SwiftBlink_Prime,18.15,True,3.99
2026-08-31,FMCG-201,ApexMarket_Direct,18.14,True,3.99
2026-09-01,FMCG-201,MegaRetail_HQ,19.41,True,3.99
2026-09-01,FMCG-201,SwiftBlink_Prime,17.7,True,3.99
2026-09-01,FMCG-201,ApexMarket_Direct,18.8,True,3.99
2026-09-02,FMCG-201,MegaRetail_HQ,18.99,True,3.99
2026-09-02,FMCG-201,SwiftBlink_Prime,17.93,True,3.99
2026-09-02,FMCG-201,ApexMarket_Direct,19.52,True,3.99
2026-09-03,FMCG-201,MegaRetail_HQ,19.36,True,3.99
2026-09-03,FMCG-201,SwiftBlink_Prime,18.45,True,3.99
2026-09-03,FMCG-201,ApexMarket_Direct,19.13,True,3.99
2026-09-04,FMCG-201,MegaRetail_HQ,19.69,True,3.99
2026-09-04,FMCG-201,SwiftBlink_Prime,18.09,True,3.99
2026-09-04,FMCG-201,ApexMarket_Direct,16.23,True,3.99
2026-09-05,FMCG-201,MegaRetail_HQ,19.2,True,3.99
2026-09-05,FMCG-201,SwiftBlink_Prime,18.61,True,3.99
2026-09-05,FMCG-201,ApexMarket_Direct,17.73,True,3.99
2026-09-06,FMCG-201,MegaRetail_HQ,19.52,True,3.99
2026-09-06,FMCG-201,SwiftBlink_Prime,19.07,True,3.99
2026-09-06,FMCG-201,ApexMarket_Direct,17.82,True,3.99
2026-09-07,FMCG-201,MegaRetail_HQ,18.67,True,3.99
2026-09-07,FMCG-201,SwiftBlink_Prime,20.03,True,3.99
2026-09-07,FMCG-201,ApexMarket_Direct,17.5,True,3.99
2026-09-08,FMCG-201,MegaRetail_HQ,16.17,False,3.99
2026-09-08,FMCG-201,SwiftBlink_Prime,19.23,False,3.99
2026-09-08,FMCG-201,ApexMarket_Direct,18.02,True,3.99
2026-09-09,FMCG-201,MegaRetail_HQ,19.36,True,3.99
2026-09-09,FMCG-201,SwiftBlink_Prime,18.93,True,3.99
2026-09-09,FMCG-201,ApexMarket_Direct,17.35,True,3.99
2026-09-10,FMCG-201,MegaRetail_HQ,19.6,True,3.99
2026-09-10,FMCG-201,SwiftBlink_Prime,19.49,True,3.99
2026-09-10,FMCG-201,ApexMarket_Direct,17.38,True,3.99
2026-09-11,FMCG-201,MegaRetail_HQ,19.11,True,3.99
2026-09-11,FMCG-201,SwiftBlink_Prime,20.21,True,3.99
2026-09-11,FMCG-201,ApexMarket_Direct,16.97,True,3.99
2026-09-12,FMCG-201,MegaRetail_HQ,19.44,True,3.99
2026-09-12,FMCG-201,SwiftBlink_Prime,20.66,True,3.99
2026-09-12,FMCG-201,ApexMarket_Direct,17.87,True,3.99
2026-09-13,FMCG-201,MegaRetail_HQ,18.33,True,3.99
2026-09-13,FMCG-201,SwiftBlink_Prime,19.66,True,3.99
2026-09-13,FMCG-201,ApexMarket_Direct,19.04,True,3.99
2026-09-14,FMCG-201,MegaRetail_HQ,16.22,True,3.99
2026-09-14,FMCG-201,SwiftBlink_Prime,16.73,True,3.99
2026-09-14,FMCG-201,ApexMarket_Direct,19.56,True,3.99
2026-09-15,FMCG-201,MegaRetail_HQ,19.23,True,3.99
2026-09-15,FMCG-201,SwiftBlink_Prime,16.18,True,3.99
2026-09-15,FMCG-201,ApexMarket_Direct,19.09,True,3.99
2026-09-16,FMCG-201,MegaRetail_HQ,19.71,True,3.99
2026-09-16,FMCG-201,SwiftBlink_Prime,19.28,True,3.99
2026-09-16,FMCG-201,ApexMarket_Direct,19.75,True,3.99
2026-09-17,FMCG-201,MegaRetail_HQ,20.47,True,3.99
2026-09-17,FMCG-201,SwiftBlink_Prime,19.66,True,3.99
2026-09-17,FMCG-201,ApexMarket_Direct,20.65,True,3.99
2026-09-18,FMCG-201,MegaRetail_HQ,19.83,True,3.99
2026-09-18,FMCG-201,SwiftBlink_Prime,19.97,True,3.99
2026-09-18,FMCG-201,ApexMarket_Direct,19.8,True,3.99
2026-06-21,FMCG-202,MegaRetail_HQ,54.28,True,0.0
2026-06-21,FMCG-202,SwiftBlink_Prime,52.54,True,0.0
2026-06-21,FMCG-202,ApexMarket_Direct,55.41,True,0.0
2026-06-22,FMCG-202,MegaRetail_HQ,53.7,True,0.0
2026-06-22,FMCG-202,SwiftBlink_Prime,49.57,True,0.0
2026-06-22,FMCG-202,ApexMarket_Direct,53.58,True,0.0
2026-06-23,FMCG-202,MegaRetail_HQ,54.21,True,0.0
2026-06-23,FMCG-202,SwiftBlink_Prime,52.04,True,0.0
2026-06-23,FMCG-202,ApexMarket_Direct,51.72,True,0.0
2026-06-24,FMCG-202,MegaRetail_HQ,46.2,False,0.0
2026-06-24,FMCG-202,SwiftBlink_Prime,57.21,True,0.0
2026-06-24,FMCG-202,ApexMarket_Direct,49.46,False,0.0
2026-06-25,FMCG-202,MegaRetail_HQ,55.72,False,0.0
2026-06-25,FMCG-202,SwiftBlink_Prime,57.61,True,0.0
2026-06-25,FMCG-202,ApexMarket_Direct,49.08,True,0.0
2026-06-26,FMCG-202,MegaRetail_HQ,56.61,False,0.0
2026-06-26,FMCG-202,SwiftBlink_Prime,57.71,True,0.0
2026-06-26,FMCG-202,ApexMarket_Direct,51.02,True,0.0
2026-06-27,FMCG-202,MegaRetail_HQ,56.61,True,0.0
2026-06-27,FMCG-202,SwiftBlink_Prime,55.85,True,0.0
2026-06-27,FMCG-202,ApexMarket_Direct,50.44,True,0.0
2026-06-28,FMCG-202,MegaRetail_HQ,58.29,True,0.0
2026-06-28,FMCG-202,SwiftBlink_Prime,53.67,True,0.0
2026-06-28,FMCG-202,ApexMarket_Direct,47.87,True,0.0
2026-06-29,FMCG-202,MegaRetail_HQ,58.27,True,0.0
2026-06-29,FMCG-202,SwiftBlink_Prime,56.4,True,0.0
2026-06-29,FMCG-202,ApexMarket_Direct,47.85,True,0.0
2026-06-30,FMCG-202,MegaRetail_HQ,55.64,True,0.0
2026-06-30,FMCG-202,SwiftBlink_Prime,54.94,True,0.0
2026-06-30,FMCG-202,ApexMarket_Direct,48.96,True,0.0
2026-07-01,FMCG-202,MegaRetail_HQ,60.11,False,0.0
2026-07-01,FMCG-202,SwiftBlink_Prime,51.4,True,0.0
2026-07-01,FMCG-202,ApexMarket_Direct,51.31,True,0.0
2026-07-02,FMCG-202,MegaRetail_HQ,58.8,True,0.0
2026-07-02,FMCG-202,SwiftBlink_Prime,51.59,True,0.0
2026-07-02,FMCG-202,ApexMarket_Direct,50.83,True,0.0
2026-07-03,FMCG-202,MegaRetail_HQ,54.12,True,0.0
2026-07-03,FMCG-202,SwiftBlink_Prime,46.08,True,0.0
2026-07-03,FMCG-202,ApexMarket_Direct,52.01,True,0.0
2026-07-04,FMCG-202,MegaRetail_HQ,57.02,True,0.0
2026-07-04,FMCG-202,SwiftBlink_Prime,52.77,True,0.0
2026-07-04,FMCG-202,ApexMarket_Direct,50.55,True,0.0
2026-07-05,FMCG-202,MegaRetail_HQ,55.17,True,0.0
2026-07-05,FMCG-202,SwiftBlink_Prime,55.96,True,0.0
2026-07-05,FMCG-202,ApexMarket_Direct,52.38,True,0.0
2026-07-06,FMCG-202,MegaRetail_HQ,55.14,True,0.0
2026-07-06,FMCG-202,SwiftBlink_Prime,57.6,True,0.0
2026-07-06,FMCG-202,ApexMarket_Direct,54.0,False,0.0
2026-07-07,FMCG-202,MegaRetail_HQ,52.25,True,0.0
2026-07-07,FMCG-202,SwiftBlink_Prime,58.93,True,0.0
2026-07-07,FMCG-202,ApexMarket_Direct,54.73,True,0.0
2026-07-08,FMCG-202,MegaRetail_HQ,56.88,True,0.0
2026-07-08,FMCG-202,SwiftBlink_Prime,57.28,True,0.0
2026-07-08,FMCG-202,ApexMarket_Direct,53.36,True,0.0
2026-07-09,FMCG-202,MegaRetail_HQ,60.36,True,0.0
2026-07-09,FMCG-202,SwiftBlink_Prime,58.02,True,0.0
2026-07-09,FMCG-202,ApexMarket_Direct,51.51,True,0.0
2026-07-10,FMCG-202,MegaRetail_HQ,58.17,True,0.0
2026-07-10,FMCG-202,SwiftBlink_Prime,55.78,True,0.0
2026-07-10,FMCG-202,ApexMarket_Direct,53.41,True,0.0
2026-07-11,FMCG-202,MegaRetail_HQ,59.82,True,0.0
2026-07-11,FMCG-202,SwiftBlink_Prime,54.34,True,0.0
2026-07-11,FMCG-202,ApexMarket_Direct,55.9,True,0.0
2026-07-12,FMCG-202,MegaRetail_HQ,60.08,True,0.0
2026-07-12,FMCG-202,SwiftBlink_Prime,52.92,True,0.0
2026-07-12,FMCG-202,ApexMarket_Direct,52.42,False,0.0
2026-07-13,FMCG-202,MegaRetail_HQ,59.06,True,0.0
2026-07-13,FMCG-202,SwiftBlink_Prime,54.49,True,0.0
2026-07-13,FMCG-202,ApexMarket_Direct,46.3,True,0.0
2026-07-14,FMCG-202,MegaRetail_HQ,60.8,False,0.0
2026-07-14,FMCG-202,SwiftBlink_Prime,53.61,True,0.0
2026-07-14,FMCG-202,ApexMarket_Direct,50.83,True,0.0
2026-07-15,FMCG-202,MegaRetail_HQ,58.31,True,0.0
2026-07-15,FMCG-202,SwiftBlink_Prime,52.84,True,0.0
2026-07-15,FMCG-202,ApexMarket_Direct,51.18,True,0.0
2026-07-16,FMCG-202,MegaRetail_HQ,58.57,True,0.0
2026-07-16,FMCG-202,SwiftBlink_Prime,51.55,True,0.0
2026-07-16,FMCG-202,ApexMarket_Direct,42.37,True,0.0
2026-07-17,FMCG-202,MegaRetail_HQ,55.8,True,0.0
2026-07-17,FMCG-202,SwiftBlink_Prime,50.9,False,0.0
2026-07-17,FMCG-202,ApexMarket_Direct,53.84,False,0.0
2026-07-18,FMCG-202,MegaRetail_HQ,55.96,True,0.0
2026-07-18,FMCG-202,SwiftBlink_Prime,52.36,True,0.0
2026-07-18,FMCG-202,ApexMarket_Direct,58.05,True,0.0
2026-07-19,FMCG-202,MegaRetail_HQ,49.53,True,0.0
2026-07-19,FMCG-202,SwiftBlink_Prime,51.38,True,0.0
2026-07-19,FMCG-202,ApexMarket_Direct,56.99,True,0.0
2026-07-20,FMCG-202,MegaRetail_HQ,56.39,True,0.0
2026-07-20,FMCG-202,SwiftBlink_Prime,53.04,True,0.0
2026-07-20,FMCG-202,ApexMarket_Direct,56.82,True,0.0
2026-07-21,FMCG-202,MegaRetail_HQ,56.6,True,0.0
2026-07-21,FMCG-202,SwiftBlink_Prime,50.29,True,0.0
2026-07-21,FMCG-202,ApexMarket_Direct,58.06,True,0.0
2026-07-22,FMCG-202,MegaRetail_HQ,56.56,True,0.0
2026-07-22,FMCG-202,SwiftBlink_Prime,49.69,True,0.0
2026-07-22,FMCG-202,ApexMarket_Direct,57.26,True,0.0
2026-07-23,FMCG-202,MegaRetail_HQ,55.6,True,0.0
2026-07-23,FMCG-202,SwiftBlink_Prime,50.12,True,0.0
2026-07-23,FMCG-202,ApexMarket_Direct,55.02,True,0.0
2026-07-24,FMCG-202,MegaRetail_HQ,57.49,True,0.0
2026-07-24,FMCG-202,SwiftBlink_Prime,43.66,True,0.0
2026-07-24,FMCG-202,ApexMarket_Direct,46.7,True,0.0
2026-07-25,FMCG-202,MegaRetail_HQ,57.83,True,0.0
2026-07-25,FMCG-202,SwiftBlink_Prime,50.75,True,0.0
2026-07-25,FMCG-202,ApexMarket_Direct,56.43,False,0.0
2026-07-26,FMCG-202,MegaRetail_HQ,57.24,True,0.0
2026-07-26,FMCG-202,SwiftBlink_Prime,50.57,True,0.0
2026-07-26,FMCG-202,ApexMarket_Direct,51.48,True,0.0
2026-07-27,FMCG-202,MegaRetail_HQ,57.68,True,0.0
2026-07-27,FMCG-202,SwiftBlink_Prime,53.51,True,0.0
2026-07-27,FMCG-202,ApexMarket_Direct,59.59,True,0.0
2026-07-28,FMCG-202,MegaRetail_HQ,60.56,True,0.0
2026-07-28,FMCG-202,SwiftBlink_Prime,52.36,True,0.0
2026-07-28,FMCG-202,ApexMarket_Direct,57.99,True,0.0
2026-07-29,FMCG-202,MegaRetail_HQ,60.07,True,0.0
2026-07-29,FMCG-202,SwiftBlink_Prime,50.62,True,0.0
2026-07-29,FMCG-202,ApexMarket_Direct,56.66,True,0.0
2026-07-30,FMCG-202,MegaRetail_HQ,60.01,True,0.0
2026-07-30,FMCG-202,SwiftBlink_Prime,51.97,True,0.0
2026-07-30,FMCG-202,ApexMarket_Direct,53.48,False,0.0
2026-07-31,FMCG-202,MegaRetail_HQ,61.54,True,0.0
2026-07-31,FMCG-202,SwiftBlink_Prime,53.16,True,0.0
2026-07-31,FMCG-202,ApexMarket_Direct,55.52,True,0.0
2026-08-01,FMCG-202,MegaRetail_HQ,60.64,True,0.0
2026-08-01,FMCG-202,SwiftBlink_Prime,54.39,True,0.0
2026-08-01,FMCG-202,ApexMarket_Direct,53.22,True,0.0
2026-08-02,FMCG-202,MegaRetail_HQ,62.99,True,0.0
2026-08-02,FMCG-202,SwiftBlink_Prime,54.72,True,0.0
2026-08-02,FMCG-202,ApexMarket_Direct,52.47,True,0.0
2026-08-03,FMCG-202,MegaRetail_HQ,62.94,True,0.0
2026-08-03,FMCG-202,SwiftBlink_Prime,52.88,True,0.0
2026-08-03,FMCG-202,ApexMarket_Direct,52.66,False,0.0
2026-08-04,FMCG-202,MegaRetail_HQ,61.07,True,0.0
2026-08-04,FMCG-202,SwiftBlink_Prime,52.41,True,0.0
2026-08-04,FMCG-202,ApexMarket_Direct,50.94,True,0.0
2026-08-05,FMCG-202,MegaRetail_HQ,55.33,True,0.0
2026-08-05,FMCG-202,SwiftBlink_Prime,56.18,True,0.0
2026-08-05,FMCG-202,ApexMarket_Direct,53.34,True,0.0
2026-08-06,FMCG-202,MegaRetail_HQ,53.35,True,0.0
2026-08-06,FMCG-202,SwiftBlink_Prime,58.8,True,0.0
2026-08-06,FMCG-202,ApexMarket_Direct,56.72,True,0.0
2026-08-07,FMCG-202,MegaRetail_HQ,53.89,True,0.0
2026-08-07,FMCG-202,SwiftBlink_Prime,56.02,True,0.0
2026-08-07,FMCG-202,ApexMarket_Direct,55.78,True,0.0
2026-08-08,FMCG-202,MegaRetail_HQ,53.69,True,0.0
2026-08-08,FMCG-202,SwiftBlink_Prime,55.71,True,0.0
2026-08-08,FMCG-202,ApexMarket_Direct,55.53,True,0.0
2026-08-09,FMCG-202,MegaRetail_HQ,52.7,True,0.0
2026-08-09,FMCG-202,SwiftBlink_Prime,53.48,True,0.0
2026-08-09,FMCG-202,ApexMarket_Direct,57.06,True,0.0
2026-08-10,FMCG-202,MegaRetail_HQ,55.33,True,0.0
2026-08-10,FMCG-202,SwiftBlink_Prime,53.21,True,0.0
2026-08-10,FMCG-202,ApexMarket_Direct,52.46,True,0.0
2026-08-11,FMCG-202,MegaRetail_HQ,53.61,True,0.0
2026-08-11,FMCG-202,SwiftBlink_Prime,52.63,True,0.0
2026-08-11,FMCG-202,ApexMarket_Direct,55.36,True,0.0
2026-08-12,FMCG-202,MegaRetail_HQ,51.18,False,0.0
2026-08-12,FMCG-202,SwiftBlink_Prime,52.44,True,0.0
2026-08-12,FMCG-202,ApexMarket_Direct,54.95,True,0.0
2026-08-13,FMCG-202,MegaRetail_HQ,52.6,True,0.0
2026-08-13,FMCG-202,SwiftBlink_Prime,56.01,True,0.0
2026-08-13,FMCG-202,ApexMarket_Direct,56.3,True,0.0
2026-08-14,FMCG-202,MegaRetail_HQ,52.37,True,0.0
2026-08-14,FMCG-202,SwiftBlink_Prime,57.8,True,0.0
2026-08-14,FMCG-202,ApexMarket_Direct,55.07,True,0.0
2026-08-15,FMCG-202,MegaRetail_HQ,50.24,True,0.0
2026-08-15,FMCG-202,SwiftBlink_Prime,54.57,True,0.0
2026-08-15,FMCG-202,ApexMarket_Direct,54.07,True,0.0
2026-08-16,FMCG-202,MegaRetail_HQ,45.55,True,0.0
2026-08-16,FMCG-202,SwiftBlink_Prime,56.61,True,0.0
2026-08-16,FMCG-202,ApexMarket_Direct,54.67,True,0.0
2026-08-17,FMCG-202,MegaRetail_HQ,54.06,True,0.0
2026-08-17,FMCG-202,SwiftBlink_Prime,55.76,True,0.0
2026-08-17,FMCG-202,ApexMarket_Direct,54.31,True,0.0
2026-08-18,FMCG-202,MegaRetail_HQ,56.02,True,0.0
2026-08-18,FMCG-202,SwiftBlink_Prime,55.9,False,0.0
2026-08-18,FMCG-202,ApexMarket_Direct,54.42,True,0.0
2026-08-19,FMCG-202,MegaRetail_HQ,54.21,True,0.0
2026-08-19,FMCG-202,SwiftBlink_Prime,55.3,True,0.0
2026-08-19,FMCG-202,ApexMarket_Direct,56.76,True,0.0
2026-08-20,FMCG-202,MegaRetail_HQ,53.47,True,0.0
2026-08-20,FMCG-202,SwiftBlink_Prime,48.57,True,0.0
2026-08-20,FMCG-202,ApexMarket_Direct,53.64,True,0.0
2026-08-21,FMCG-202,MegaRetail_HQ,57.94,True,0.0
2026-08-21,FMCG-202,SwiftBlink_Prime,54.58,True,0.0
2026-08-21,FMCG-202,ApexMarket_Direct,51.54,True,0.0
2026-08-22,FMCG-202,MegaRetail_HQ,56.47,True,0.0
2026-08-22,FMCG-202,SwiftBlink_Prime,51.97,False,0.0
2026-08-22,FMCG-202,ApexMarket_Direct,52.77,True,0.0
2026-08-23,FMCG-202,MegaRetail_HQ,57.33,True,0.0
2026-08-23,FMCG-202,SwiftBlink_Prime,53.79,True,0.0
2026-08-23,FMCG-202,ApexMarket_Direct,52.67,True,0.0
2026-08-24,FMCG-202,MegaRetail_HQ,55.97,True,0.0
2026-08-24,FMCG-202,SwiftBlink_Prime,56.96,True,0.0
2026-08-24,FMCG-202,ApexMarket_Direct,50.59,True,0.0
2026-08-25,FMCG-202,MegaRetail_HQ,55.82,True,0.0
2026-08-25,FMCG-202,SwiftBlink_Prime,56.29,True,0.0
2026-08-25,FMCG-202,ApexMarket_Direct,52.89,True,0.0
2026-08-26,FMCG-202,MegaRetail_HQ,55.1,True,0.0
2026-08-26,FMCG-202,SwiftBlink_Prime,54.62,True,0.0
2026-08-26,FMCG-202,ApexMarket_Direct,45.13,True,0.0
2026-08-27,FMCG-202,MegaRetail_HQ,56.04,True,0.0
2026-08-27,FMCG-202,SwiftBlink_Prime,50.53,False,0.0
2026-08-27,FMCG-202,ApexMarket_Direct,53.32,True,0.0
2026-08-28,FMCG-202,MegaRetail_HQ,56.19,False,0.0
2026-08-28,FMCG-202,SwiftBlink_Prime,50.71,True,0.0
2026-08-28,FMCG-202,ApexMarket_Direct,55.73,False,0.0
2026-08-29,FMCG-202,MegaRetail_HQ,53.91,True,0.0
2026-08-29,FMCG-202,SwiftBlink_Prime,51.83,True,0.0
2026-08-29,FMCG-202,ApexMarket_Direct,54.25,True,0.0
2026-08-30,FMCG-202,MegaRetail_HQ,52.31,True,0.0
2026-08-30,FMCG-202,SwiftBlink_Prime,55.81,True,0.0
2026-08-30,FMCG-202,ApexMarket_Direct,56.56,True,0.0
2026-08-31,FMCG-202,MegaRetail_HQ,52.83,True,0.0
2026-08-31,FMCG-202,SwiftBlink_Prime,53.55,True,0.0
2026-08-31,FMCG-202,ApexMarket_Direct,55.18,True,0.0
2026-09-01,FMCG-202,MegaRetail_HQ,52.5,True,0.0
2026-09-01,FMCG-202,SwiftBlink_Prime,55.97,True,0.0
2026-09-01,FMCG-202,ApexMarket_Direct,57.1,True,0.0
2026-09-02,FMCG-202,MegaRetail_HQ,56.01,False,0.0
2026-09-02,FMCG-202,SwiftBlink_Prime,48.51,True,0.0
2026-09-02,FMCG-202,ApexMarket_Direct,57.57,True,0.0
2026-09-03,FMCG-202,MegaRetail_HQ,55.26,True,0.0
2026-09-03,FMCG-202,SwiftBlink_Prime,56.3,True,0.0
2026-09-03,FMCG-202,ApexMarket_Direct,57.93,True,0.0
2026-09-04,FMCG-202,MegaRetail_HQ,55.22,True,0.0
2026-09-04,FMCG-202,SwiftBlink_Prime,58.0,True,0.0
2026-09-04,FMCG-202,ApexMarket_Direct,55.62,True,0.0
2026-09-05,FMCG-202,MegaRetail_HQ,56.48,True,0.0
2026-09-05,FMCG-202,SwiftBlink_Prime,47.79,True,0.0
2026-09-05,FMCG-202,ApexMarket_Direct,44.82,True,0.0
2026-09-06,FMCG-202,MegaRetail_HQ,57.4,True,0.0
2026-09-06,FMCG-202,SwiftBlink_Prime,57.25,True,0.0
2026-09-06,FMCG-202,ApexMarket_Direct,51.44,True,0.0
2026-09-07,FMCG-202,MegaRetail_HQ,58.51,True,0.0
2026-09-07,FMCG-202,SwiftBlink_Prime,54.65,False,0.0
2026-09-07,FMCG-202,ApexMarket_Direct,52.55,True,0.0
2026-09-08,FMCG-202,MegaRetail_HQ,61.11,True,0.0
2026-09-08,FMCG-202,SwiftBlink_Prime,53.14,True,0.0
2026-09-08,FMCG-202,ApexMarket_Direct,51.54,True,0.0
2026-09-09,FMCG-202,MegaRetail_HQ,59.15,False,0.0
2026-09-09,FMCG-202,SwiftBlink_Prime,54.4,True,0.0
2026-09-09,FMCG-202,ApexMarket_Direct,51.01,True,0.0
2026-09-10,FMCG-202,MegaRetail_HQ,59.22,True,0.0
2026-09-10,FMCG-202,SwiftBlink_Prime,54.93,True,0.0
2026-09-10,FMCG-202,ApexMarket_Direct,51.05,True,0.0
2026-09-11,FMCG-202,MegaRetail_HQ,59.34,True,0.0
2026-09-11,FMCG-202,SwiftBlink_Prime,54.12,True,0.0
2026-09-11,FMCG-202,ApexMarket_Direct,51.34,False,0.0
2026-09-12,FMCG-202,MegaRetail_HQ,60.32,True,0.0
2026-09-12,FMCG-202,SwiftBlink_Prime,53.28,True,0.0
2026-09-12,FMCG-202,ApexMarket_Direct,51.26,True,0.0
2026-09-13,FMCG-202,MegaRetail_HQ,60.22,True,0.0
2026-09-13,FMCG-202,SwiftBlink_Prime,53.78,True,0.0
2026-09-13,FMCG-202,ApexMarket_Direct,44.56,True,0.0
2026-09-14,FMCG-202,MegaRetail_HQ,59.7,True,0.0
2026-09-14,FMCG-202,SwiftBlink_Prime,57.61,True,0.0
2026-09-14,FMCG-202,ApexMarket_Direct,52.21,True,0.0
2026-09-15,FMCG-202,MegaRetail_HQ,59.51,True,0.0
2026-09-15,FMCG-202,SwiftBlink_Prime,57.0,True,0.0
2026-09-15,FMCG-202,ApexMarket_Direct,53.19,True,0.0
2026-09-16,FMCG-202,MegaRetail_HQ,60.18,True,0.0
2026-09-16,FMCG-202,SwiftBlink_Prime,56.0,True,0.0
2026-09-16,FMCG-202,ApexMarket_Direct,54.12,True,0.0
2026-09-17,FMCG-202,MegaRetail_HQ,61.3,True,0.0
2026-09-17,FMCG-202,SwiftBlink_Prime,56.76,True,0.0
2026-09-17,FMCG-202,ApexMarket_Direct,53.64,True,0.0
2026-09-18,FMCG-202,MegaRetail_HQ,59.77,True,0.0
2026-09-18,FMCG-202,SwiftBlink_Prime,49.5,True,0.0
2026-09-18,FMCG-202,ApexMarket_Direct,54.4,True,0.0
2026-06-21,FMCG-203,MegaRetail_HQ,13.35,True,3.99
2026-06-21,FMCG-203,SwiftBlink_Prime,15.38,True,3.99
2026-06-21,FMCG-203,ApexMarket_Direct,12.89,True,3.99
2026-06-22,FMCG-203,MegaRetail_HQ,15.81,True,3.99
2026-06-22,FMCG-203,SwiftBlink_Prime,15.74,True,3.99
2026-06-22,FMCG-203,ApexMarket_Direct,14.7,True,3.99
2026-06-23,FMCG-203,MegaRetail_HQ,15.96,True,3.99
2026-06-23,FMCG-203,SwiftBlink_Prime,15.53,True,3.99
2026-06-23,FMCG-203,ApexMarket_Direct,14.33,True,3.99
2026-06-24,FMCG-203,MegaRetail_HQ,15.19,True,3.99
2026-06-24,FMCG-203,SwiftBlink_Prime,13.44,True,3.99
2026-06-24,FMCG-203,ApexMarket_Direct,14.88,True,3.99
2026-06-25,FMCG-203,MegaRetail_HQ,15.02,True,3.99
2026-06-25,FMCG-203,SwiftBlink_Prime,15.7,True,3.99
2026-06-25,FMCG-203,ApexMarket_Direct,14.78,True,3.99
2026-06-26,FMCG-203,MegaRetail_HQ,14.4,True,3.99
2026-06-26,FMCG-203,SwiftBlink_Prime,15.03,True,3.99
2026-06-26,FMCG-203,ApexMarket_Direct,13.59,True,3.99
2026-06-27,FMCG-203,MegaRetail_HQ,14.96,True,3.99
2026-06-27,FMCG-203,SwiftBlink_Prime,14.51,True,3.99
2026-06-27,FMCG-203,ApexMarket_Direct,13.81,True,3.99
2026-06-28,FMCG-203,MegaRetail_HQ,14.23,True,3.99
2026-06-28,FMCG-203,SwiftBlink_Prime,13.78,True,3.99
2026-06-28,FMCG-203,ApexMarket_Direct,13.71,True,3.99
2026-06-29,FMCG-203,MegaRetail_HQ,14.83,False,3.99
2026-06-29,FMCG-203,SwiftBlink_Prime,11.41,True,3.99
2026-06-29,FMCG-203,ApexMarket_Direct,12.86,True,3.99
2026-06-30,FMCG-203,MegaRetail_HQ,13.95,True,3.99
2026-06-30,FMCG-203,SwiftBlink_Prime,13.72,True,3.99
2026-06-30,FMCG-203,ApexMarket_Direct,13.54,True,3.99
2026-07-01,FMCG-203,MegaRetail_HQ,14.03,True,3.99
2026-07-01,FMCG-203,SwiftBlink_Prime,13.28,True,3.99
2026-07-01,FMCG-203,ApexMarket_Direct,13.57,True,3.99
2026-07-02,FMCG-203,MegaRetail_HQ,14.24,True,3.99
2026-07-02,FMCG-203,SwiftBlink_Prime,13.41,True,3.99
2026-07-02,FMCG-203,ApexMarket_Direct,13.73,True,3.99
2026-07-03,FMCG-203,MegaRetail_HQ,13.88,True,3.99
2026-07-03,FMCG-203,SwiftBlink_Prime,13.09,True,3.99
2026-07-03,FMCG-203,ApexMarket_Direct,13.25,True,3.99
2026-07-04,FMCG-203,MegaRetail_HQ,14.0,True,3.99
2026-07-04,FMCG-203,SwiftBlink_Prime,13.17,True,3.99
2026-07-04,FMCG-203,ApexMarket_Direct,13.25,True,3.99
2026-07-05,FMCG-203,MegaRetail_HQ,13.88,True,3.99
2026-07-05,FMCG-203,SwiftBlink_Prime,13.95,True,3.99
2026-07-05,FMCG-203,ApexMarket_Direct,13.52,True,3.99
2026-07-06,FMCG-203,MegaRetail_HQ,14.04,True,3.99
2026-07-06,FMCG-203,SwiftBlink_Prime,14.24,True,3.99
2026-07-06,FMCG-203,ApexMarket_Direct,13.85,True,3.99
2026-07-07,FMCG-203,MegaRetail_HQ,13.93,True,3.99
2026-07-07,FMCG-203,SwiftBlink_Prime,13.71,True,3.99
2026-07-07,FMCG-203,ApexMarket_Direct,13.79,False,3.99
2026-07-08,FMCG-203,MegaRetail_HQ,13.61,True,3.99
2026-07-08,FMCG-203,SwiftBlink_Prime,13.55,True,3.99
2026-07-08,FMCG-203,ApexMarket_Direct,14.08,True,3.99
2026-07-09,FMCG-203,MegaRetail_HQ,13.07,False,3.99
2026-07-09,FMCG-203,SwiftBlink_Prime,14.18,True,3.99
2026-07-09,FMCG-203,ApexMarket_Direct,14.08,True,3.99
2026-07-10,FMCG-203,MegaRetail_HQ,13.03,True,3.99
2026-07-10,FMCG-203,SwiftBlink_Prime,14.16,True,3.99
2026-07-10,FMCG-203,ApexMarket_Direct,13.74,True,3.99
2026-07-11,FMCG-203,MegaRetail_HQ,13.1,True,3.99
2026-07-11,FMCG-203,SwiftBlink_Prime,14.11,True,3.99
2026-07-11,FMCG-203,ApexMarket_Direct,14.06,True,3.99
2026-07-12,FMCG-203,MegaRetail_HQ,13.6,True,3.99
2026-07-12,FMCG-203,SwiftBlink_Prime,14.03,True,3.99
2026-07-12,FMCG-203,ApexMarket_Direct,11.76,True,3.99
2026-07-13,FMCG-203,MegaRetail_HQ,13.91,True,3.99
2026-07-13,FMCG-203,SwiftBlink_Prime,14.88,True,3.99
2026-07-13,FMCG-203,ApexMarket_Direct,14.04,True,3.99
2026-07-14,FMCG-203,MegaRetail_HQ,13.69,True,3.99
2026-07-14,FMCG-203,SwiftBlink_Prime,12.1,True,3.99
2026-07-14,FMCG-203,ApexMarket_Direct,14.6,True,3.99
2026-07-15,FMCG-203,MegaRetail_HQ,11.47,True,3.99
2026-07-15,FMCG-203,SwiftBlink_Prime,14.37,True,3.99
2026-07-15,FMCG-203,ApexMarket_Direct,13.77,False,3.99
2026-07-16,FMCG-203,MegaRetail_HQ,13.27,True,3.99
2026-07-16,FMCG-203,SwiftBlink_Prime,14.65,True,3.99
2026-07-16,FMCG-203,ApexMarket_Direct,13.57,True,3.99
2026-07-17,FMCG-203,MegaRetail_HQ,12.72,True,3.99
2026-07-17,FMCG-203,SwiftBlink_Prime,14.53,True,3.99
2026-07-17,FMCG-203,ApexMarket_Direct,13.73,False,3.99
2026-07-18,FMCG-203,MegaRetail_HQ,12.88,True,3.99
2026-07-18,FMCG-203,SwiftBlink_Prime,14.72,True,3.99
2026-07-18,FMCG-203,ApexMarket_Direct,13.9,True,3.99
2026-07-19,FMCG-203,MegaRetail_HQ,13.72,True,3.99
2026-07-19,FMCG-203,SwiftBlink_Prime,14.23,True,3.99
2026-07-19,FMCG-203,ApexMarket_Direct,14.28,True,3.99
2026-07-20,FMCG-203,MegaRetail_HQ,13.82,True,3.99
2026-07-20,FMCG-203,SwiftBlink_Prime,14.11,True,3.99
2026-07-20,FMCG-203,ApexMarket_Direct,14.85,True,3.99
2026-07-21,FMCG-203,MegaRetail_HQ,13.82,True,3.99
2026-07-21,FMCG-203,SwiftBlink_Prime,14.8,False,3.99
2026-07-21,FMCG-203,ApexMarket_Direct,15.04,True,3.99
2026-07-22,FMCG-203,MegaRetail_HQ,13.72,True,3.99
2026-07-22,FMCG-203,SwiftBlink_Prime,14.51,True,3.99
2026-07-22,FMCG-203,ApexMarket_Direct,13.15,True,3.99
2026-07-23,FMCG-203,MegaRetail_HQ,14.28,True,3.99
2026-07-23,FMCG-203,SwiftBlink_Prime,15.07,True,3.99
2026-07-23,FMCG-203,ApexMarket_Direct,15.19,False,3.99
2026-07-24,FMCG-203,MegaRetail_HQ,14.15,True,3.99
2026-07-24,FMCG-203,SwiftBlink_Prime,15.28,True,3.99
2026-07-24,FMCG-203,ApexMarket_Direct,13.38,True,3.99
2026-07-25,FMCG-203,MegaRetail_HQ,14.21,False,3.99
2026-07-25,FMCG-203,SwiftBlink_Prime,14.96,True,3.99
2026-07-25,FMCG-203,ApexMarket_Direct,15.01,True,3.99
2026-07-26,FMCG-203,MegaRetail_HQ,13.85,True,3.99
2026-07-26,FMCG-203,SwiftBlink_Prime,14.94,True,3.99
2026-07-26,FMCG-203,ApexMarket_Direct,12.94,True,3.99
2026-07-27,FMCG-203,MegaRetail_HQ,13.66,False,3.99
2026-07-27,FMCG-203,SwiftBlink_Prime,15.4,True,3.99
2026-07-27,FMCG-203,ApexMarket_Direct,15.24,True,3.99
2026-07-28,FMCG-203,MegaRetail_HQ,11.36,True,3.99
2026-07-28,FMCG-203,SwiftBlink_Prime,12.47,True,3.99
2026-07-28,FMCG-203,ApexMarket_Direct,14.87,True,3.99
2026-07-29,FMCG-203,MegaRetail_HQ,13.72,True,3.99
2026-07-29,FMCG-203,SwiftBlink_Prime,11.93,True,3.99
2026-07-29,FMCG-203,ApexMarket_Direct,14.8,True,3.99
2026-07-30,FMCG-203,MegaRetail_HQ,13.08,True,3.99
2026-07-30,FMCG-203,SwiftBlink_Prime,13.77,True,3.99
2026-07-30,FMCG-203,ApexMarket_Direct,14.8,True,3.99
2026-07-31,FMCG-203,MegaRetail_HQ,13.29,True,3.99
2026-07-31,FMCG-203,SwiftBlink_Prime,14.02,True,3.99
2026-07-31,FMCG-203,ApexMarket_Direct,12.93,True,3.99
2026-08-01,FMCG-203,MegaRetail_HQ,14.06,True,3.99
2026-08-01,FMCG-203,SwiftBlink_Prime,14.07,True,3.99
2026-08-01,FMCG-203,ApexMarket_Direct,15.71,True,3.99
2026-08-02,FMCG-203,MegaRetail_HQ,14.46,True,3.99
2026-08-02,FMCG-203,SwiftBlink_Prime,14.56,True,3.99
2026-08-02,FMCG-203,ApexMarket_Direct,15.88,True,3.99
2026-08-03,FMCG-203,MegaRetail_HQ,14.48,True,3.99
2026-08-03,FMCG-203,SwiftBlink_Prime,12.21,True,3.99
2026-08-03,FMCG-203,ApexMarket_Direct,15.5,True,3.99
2026-08-04,FMCG-203,MegaRetail_HQ,15.14,True,3.99
2026-08-04,FMCG-203,SwiftBlink_Prime,13.95,True,3.99
2026-08-04,FMCG-203,ApexMarket_Direct,15.64,True,3.99
2026-08-05,FMCG-203,MegaRetail_HQ,14.82,True,3.99
2026-08-05,FMCG-203,SwiftBlink_Prime,13.69,True,3.99
2026-08-05,FMCG-203,ApexMarket_Direct,15.49,True,3.99
2026-08-06,FMCG-203,MegaRetail_HQ,13.68,True,3.99
2026-08-06,FMCG-203,SwiftBlink_Prime,13.91,True,3.99
2026-08-06,FMCG-203,ApexMarket_Direct,15.84,True,3.99
2026-08-07,FMCG-203,MegaRetail_HQ,13.41,True,3.99
2026-08-07,FMCG-203,SwiftBlink_Prime,14.01,True,3.99
2026-08-07,FMCG-203,ApexMarket_Direct,16.05,True,3.99
2026-08-08,FMCG-203,MegaRetail_HQ,14.19,True,3.99
2026-08-08,FMCG-203,SwiftBlink_Prime,14.37,True,3.99
2026-08-08,FMCG-203,ApexMarket_Direct,15.57,True,3.99
2026-08-09,FMCG-203,MegaRetail_HQ,14.34,True,3.99
2026-08-09,FMCG-203,SwiftBlink_Prime,14.64,True,3.99
2026-08-09,FMCG-203,ApexMarket_Direct,16.04,True,3.99
2026-08-10,FMCG-203,MegaRetail_HQ,14.09,True,3.99
2026-08-10,FMCG-203,SwiftBlink_Prime,14.86,True,3.99
2026-08-10,FMCG-203,ApexMarket_Direct,16.44,True,3.99
2026-08-11,FMCG-203,MegaRetail_HQ,14.04,True,3.99
2026-08-11,FMCG-203,SwiftBlink_Prime,15.29,True,3.99
2026-08-11,FMCG-203,ApexMarket_Direct,16.46,True,3.99
2026-08-12,FMCG-203,MegaRetail_HQ,13.61,True,3.99
2026-08-12,FMCG-203,SwiftBlink_Prime,15.48,True,3.99
2026-08-12,FMCG-203,ApexMarket_Direct,15.86,True,3.99
2026-08-13,FMCG-203,MegaRetail_HQ,13.56,True,3.99
2026-08-13,FMCG-203,SwiftBlink_Prime,15.13,True,3.99
2026-08-13,FMCG-203,ApexMarket_Direct,15.69,True,3.99
2026-08-14,FMCG-203,MegaRetail_HQ,13.86,True,3.99
2026-08-14,FMCG-203,SwiftBlink_Prime,14.78,False,3.99
2026-08-14,FMCG-203,ApexMarket_Direct,16.44,False,3.99
2026-08-15,FMCG-203,MegaRetail_HQ,13.86,True,3.99
2026-08-15,FMCG-203,SwiftBlink_Prime,14.49,True,3.99
2026-08-15,FMCG-203,ApexMarket_Direct,17.34,True,3.99
2026-08-16,FMCG-203,MegaRetail_HQ,14.19,True,3.99
2026-08-16,FMCG-203,SwiftBlink_Prime,15.22,True,3.99
2026-08-16,FMCG-203,ApexMarket_Direct,16.31,True,3.99
2026-08-17,FMCG-203,MegaRetail_HQ,13.74,False,3.99
2026-08-17,FMCG-203,SwiftBlink_Prime,15.36,True,3.99
2026-08-17,FMCG-203,ApexMarket_Direct,16.61,True,3.99
2026-08-18,FMCG-203,MegaRetail_HQ,15.05,True,3.99
2026-08-18,FMCG-203,SwiftBlink_Prime,14.38,True,3.99
2026-08-18,FMCG-203,ApexMarket_Direct,16.53,True,3.99
2026-08-19,FMCG-203,MegaRetail_HQ,14.81,True,3.99
2026-08-19,FMCG-203,SwiftBlink_Prime,12.49,True,3.99
2026-08-19,FMCG-203,ApexMarket_Direct,16.24,True,3.99
2026-08-20,FMCG-203,MegaRetail_HQ,15.71,True,3.99
2026-08-20,FMCG-203,SwiftBlink_Prime,14.94,True,3.99
2026-08-20,FMCG-203,ApexMarket_Direct,13.0,True,3.99
2026-08-21,FMCG-203,MegaRetail_HQ,15.6,True,3.99
2026-08-21,FMCG-203,SwiftBlink_Prime,15.32,True,3.99
2026-08-21,FMCG-203,ApexMarket_Direct,15.78,True,3.99
2026-08-22,FMCG-203,MegaRetail_HQ,15.26,True,3.99
2026-08-22,FMCG-203,SwiftBlink_Prime,16.01,True,3.99
2026-08-22,FMCG-203,ApexMarket_Direct,15.82,True,3.99
2026-08-23,FMCG-203,MegaRetail_HQ,15.23,True,3.99
2026-08-23,FMCG-203,SwiftBlink_Prime,16.07,True,3.99
2026-08-23,FMCG-203,ApexMarket_Direct,15.08,True,3.99
2026-08-24,FMCG-203,MegaRetail_HQ,14.91,True,3.99
2026-08-24,FMCG-203,SwiftBlink_Prime,15.69,True,3.99
2026-08-24,FMCG-203,ApexMarket_Direct,15.35,True,3.99
2026-08-25,FMCG-203,MegaRetail_HQ,14.48,True,3.99
2026-08-25,FMCG-203,SwiftBlink_Prime,15.67,True,3.99
2026-08-25,FMCG-203,ApexMarket_Direct,15.26,True,3.99
2026-08-26,FMCG-203,MegaRetail_HQ,14.87,True,3.99
2026-08-26,FMCG-203,SwiftBlink_Prime,15.34,True,3.99
2026-08-26,FMCG-203,ApexMarket_Direct,15.18,True,3.99
2026-08-27,FMCG-203,MegaRetail_HQ,14.06,True,3.99
2026-08-27,FMCG-203,SwiftBlink_Prime,15.64,True,3.99
2026-08-27,FMCG-203,ApexMarket_Direct,14.85,True,3.99
2026-08-28,FMCG-203,MegaRetail_HQ,14.08,True,3.99
2026-08-28,FMCG-203,SwiftBlink_Prime,15.67,True,3.99
2026-08-28,FMCG-203,ApexMarket_Direct,15.33,True,3.99
2026-08-29,FMCG-203,MegaRetail_HQ,13.89,True,3.99
2026-08-29,FMCG-203,SwiftBlink_Prime,16.53,True,3.99
2026-08-29,FMCG-203,ApexMarket_Direct,16.01,True,3.99
2026-08-30,FMCG-203,MegaRetail_HQ,13.54,True,3.99
2026-08-30,FMCG-203,SwiftBlink_Prime,16.69,False,3.99
2026-08-30,FMCG-203,ApexMarket_Direct,15.84,True,3.99
2026-08-31,FMCG-203,MegaRetail_HQ,13.41,True,3.99
2026-08-31,FMCG-203,SwiftBlink_Prime,15.88,True,3.99
2026-08-31,FMCG-203,ApexMarket_Direct,15.8,True,3.99
2026-09-01,FMCG-203,MegaRetail_HQ,13.66,True,3.99
2026-09-01,FMCG-203,SwiftBlink_Prime,15.7,True,3.99
2026-09-01,FMCG-203,ApexMarket_Direct,13.48,True,3.99
2026-09-02,FMCG-203,MegaRetail_HQ,14.07,False,3.99
2026-09-02,FMCG-203,SwiftBlink_Prime,15.68,True,3.99
2026-09-02,FMCG-203,ApexMarket_Direct,15.27,True,3.99
2026-09-03,FMCG-203,MegaRetail_HQ,14.41,False,3.99
2026-09-03,FMCG-203,SwiftBlink_Prime,16.01,True,3.99
2026-09-03,FMCG-203,ApexMarket_Direct,15.12,True,3.99
2026-09-04,FMCG-203,MegaRetail_HQ,14.07,True,3.99
2026-09-04,FMCG-203,SwiftBlink_Prime,16.0,True,3.99
2026-09-04,FMCG-203,ApexMarket_Direct,14.65,True,3.99
2026-09-05,FMCG-203,MegaRetail_HQ,14.34,True,3.99
2026-09-05,FMCG-203,SwiftBlink_Prime,15.31,True,3.99
2026-09-05,FMCG-203,ApexMarket_Direct,12.89,True,3.99
2026-09-06,FMCG-203,MegaRetail_HQ,13.75,True,3.99
2026-09-06,FMCG-203,SwiftBlink_Prime,15.2,True,3.99
2026-09-06,FMCG-203,ApexMarket_Direct,14.94,True,3.99
2026-09-07,FMCG-203,MegaRetail_HQ,13.03,True,3.99
2026-09-07,FMCG-203,SwiftBlink_Prime,14.99,True,3.99
2026-09-07,FMCG-203,ApexMarket_Direct,14.81,True,3.99
2026-09-08,FMCG-203,MegaRetail_HQ,14.08,True,3.99
2026-09-08,FMCG-203,SwiftBlink_Prime,14.13,True,3.99
2026-09-08,FMCG-203,ApexMarket_Direct,15.43,True,3.99
2026-09-09,FMCG-203,MegaRetail_HQ,14.25,True,3.99
2026-09-09,FMCG-203,SwiftBlink_Prime,14.77,True,3.99
2026-09-09,FMCG-203,ApexMarket_Direct,15.19,True,3.99
2026-09-10,FMCG-203,MegaRetail_HQ,14.31,True,3.99
2026-09-10,FMCG-203,SwiftBlink_Prime,14.9,True,3.99
2026-09-10,FMCG-203,ApexMarket_Direct,15.72,True,3.99
2026-09-11,FMCG-203,MegaRetail_HQ,14.15,False,3.99
2026-09-11,FMCG-203,SwiftBlink_Prime,12.62,True,3.99
2026-09-11,FMCG-203,ApexMarket_Direct,15.64,True,3.99
2026-09-12,FMCG-203,MegaRetail_HQ,14.88,True,3.99
2026-09-12,FMCG-203,SwiftBlink_Prime,15.27,True,3.99
2026-09-12,FMCG-203,ApexMarket_Direct,15.51,False,3.99
2026-09-13,FMCG-203,MegaRetail_HQ,15.51,True,3.99
2026-09-13,FMCG-203,SwiftBlink_Prime,15.14,True,3.99
2026-09-13,FMCG-203,ApexMarket_Direct,15.54,False,3.99
2026-09-14,FMCG-203,MegaRetail_HQ,16.13,True,3.99
2026-09-14,FMCG-203,SwiftBlink_Prime,14.43,True,3.99
2026-09-14,FMCG-203,ApexMarket_Direct,13.76,True,3.99
2026-09-15,FMCG-203,MegaRetail_HQ,15.11,True,3.99
2026-09-15,FMCG-203,SwiftBlink_Prime,13.99,True,3.99
2026-09-15,FMCG-203,ApexMarket_Direct,15.25,True,3.99
2026-09-16,FMCG-203,MegaRetail_HQ,15.85,True,3.99
2026-09-16,FMCG-203,SwiftBlink_Prime,14.59,True,3.99
2026-09-16,FMCG-203,ApexMarket_Direct,15.97,True,3.99
2026-09-17,FMCG-203,MegaRetail_HQ,14.54,True,3.99
2026-09-17,FMCG-203,SwiftBlink_Prime,14.52,True,3.99
2026-09-17,FMCG-203,ApexMarket_Direct,15.87,True,3.99
2026-09-18,FMCG-203,MegaRetail_HQ,14.64,True,3.99
2026-09-18,FMCG-203,SwiftBlink_Prime,13.37,True,3.99
2026-09-18,FMCG-203,ApexMarket_Direct,15.85,True,3.99
2026-06-21,FMCG-204,MegaRetail_HQ,12.05,False,3.99
2026-06-21,FMCG-204,SwiftBlink_Prime,12.01,True,3.99
2026-06-21,FMCG-204,ApexMarket_Direct,11.94,True,3.99
2026-06-22,FMCG-204,MegaRetail_HQ,11.95,True,3.99
2026-06-22,FMCG-204,SwiftBlink_Prime,12.12,True,3.99
2026-06-22,FMCG-204,ApexMarket_Direct,12.03,True,3.99
2026-06-23,FMCG-204,MegaRetail_HQ,10.2,True,3.99
2026-06-23,FMCG-204,SwiftBlink_Prime,12.51,True,3.99
2026-06-23,FMCG-204,ApexMarket_Direct,11.99,True,3.99
2026-06-24,FMCG-204,MegaRetail_HQ,11.86,True,3.99
2026-06-24,FMCG-204,SwiftBlink_Prime,12.17,True,3.99
2026-06-24,FMCG-204,ApexMarket_Direct,11.94,True,3.99
2026-06-25,FMCG-204,MegaRetail_HQ,11.7,False,3.99
2026-06-25,FMCG-204,SwiftBlink_Prime,12.31,True,3.99
2026-06-25,FMCG-204,ApexMarket_Direct,11.88,True,3.99
2026-06-26,FMCG-204,MegaRetail_HQ,11.71,True,3.99
2026-06-26,FMCG-204,SwiftBlink_Prime,12.61,True,3.99
2026-06-26,FMCG-204,ApexMarket_Direct,11.55,True,3.99
2026-06-27,FMCG-204,MegaRetail_HQ,11.35,True,3.99
2026-06-27,FMCG-204,SwiftBlink_Prime,12.05,True,3.99
2026-06-27,FMCG-204,ApexMarket_Direct,12.31,True,3.99
2026-06-28,FMCG-204,MegaRetail_HQ,9.0,True,3.99
2026-06-28,FMCG-204,SwiftBlink_Prime,11.86,True,3.99
2026-06-28,FMCG-204,ApexMarket_Direct,12.66,True,3.99
2026-06-29,FMCG-204,MegaRetail_HQ,9.36,True,3.99
2026-06-29,FMCG-204,SwiftBlink_Prime,11.97,True,3.99
2026-06-29,FMCG-204,ApexMarket_Direct,12.17,True,3.99
2026-06-30,FMCG-204,MegaRetail_HQ,11.2,True,3.99
2026-06-30,FMCG-204,SwiftBlink_Prime,11.75,True,3.99
2026-06-30,FMCG-204,ApexMarket_Direct,12.32,True,3.99
2026-07-01,FMCG-204,MegaRetail_HQ,10.91,True,3.99
2026-07-01,FMCG-204,SwiftBlink_Prime,11.73,False,3.99
2026-07-01,FMCG-204,ApexMarket_Direct,12.43,True,3.99
2026-07-02,FMCG-204,MegaRetail_HQ,10.96,True,3.99
2026-07-02,FMCG-204,SwiftBlink_Prime,11.78,True,3.99
2026-07-02,FMCG-204,ApexMarket_Direct,12.24,True,3.99
2026-07-03,FMCG-204,MegaRetail_HQ,11.44,True,3.99
2026-07-03,FMCG-204,SwiftBlink_Prime,12.53,True,3.99
2026-07-03,FMCG-204,ApexMarket_Direct,13.02,True,3.99
2026-07-04,FMCG-204,MegaRetail_HQ,12.43,True,3.99
2026-07-04,FMCG-204,SwiftBlink_Prime,10.57,True,3.99
2026-07-04,FMCG-204,ApexMarket_Direct,12.95,True,3.99
2026-07-05,FMCG-204,MegaRetail_HQ,13.06,True,3.99
2026-07-05,FMCG-204,SwiftBlink_Prime,12.83,True,3.99
2026-07-05,FMCG-204,ApexMarket_Direct,12.59,True,3.99
2026-07-06,FMCG-204,MegaRetail_HQ,12.59,True,3.99
2026-07-06,FMCG-204,SwiftBlink_Prime,12.02,True,3.99
2026-07-06,FMCG-204,ApexMarket_Direct,12.47,True,3.99
2026-07-07,FMCG-204,MegaRetail_HQ,12.99,True,3.99
2026-07-07,FMCG-204,SwiftBlink_Prime,12.4,True,3.99
2026-07-07,FMCG-204,ApexMarket_Direct,12.2,True,3.99
2026-07-08,FMCG-204,MegaRetail_HQ,12.22,True,3.99
2026-07-08,FMCG-204,SwiftBlink_Prime,12.35,True,3.99
2026-07-08,FMCG-204,ApexMarket_Direct,11.12,True,3.99
2026-07-09,FMCG-204,MegaRetail_HQ,12.36,True,3.99
2026-07-09,FMCG-204,SwiftBlink_Prime,12.68,True,3.99
2026-07-09,FMCG-204,ApexMarket_Direct,11.32,True,3.99
2026-07-10,FMCG-204,MegaRetail_HQ,10.23,True,3.99
2026-07-10,FMCG-204,SwiftBlink_Prime,12.49,True,3.99
2026-07-10,FMCG-204,ApexMarket_Direct,10.61,True,3.99
2026-07-11,FMCG-204,MegaRetail_HQ,12.22,True,3.99
2026-07-11,FMCG-204,SwiftBlink_Prime,12.15,True,3.99
2026-07-11,FMCG-204,ApexMarket_Direct,10.37,True,3.99
2026-07-12,FMCG-204,MegaRetail_HQ,12.89,True,3.99
2026-07-12,FMCG-204,SwiftBlink_Prime,12.22,True,3.99
2026-07-12,FMCG-204,ApexMarket_Direct,10.95,True,3.99
2026-07-13,FMCG-204,MegaRetail_HQ,12.32,True,3.99
2026-07-13,FMCG-204,SwiftBlink_Prime,12.15,True,3.99
2026-07-13,FMCG-204,ApexMarket_Direct,10.39,True,3.99
2026-07-14,FMCG-204,MegaRetail_HQ,11.8,True,3.99
2026-07-14,FMCG-204,SwiftBlink_Prime,11.36,True,3.99
2026-07-14,FMCG-204,ApexMarket_Direct,9.12,True,3.99
2026-07-15,FMCG-204,MegaRetail_HQ,11.43,True,3.99
2026-07-15,FMCG-204,SwiftBlink_Prime,11.17,True,3.99
2026-07-15,FMCG-204,ApexMarket_Direct,10.99,True,3.99
2026-07-16,FMCG-204,MegaRetail_HQ,12.06,True,3.99
2026-07-16,FMCG-204,SwiftBlink_Prime,9.78,True,3.99
2026-07-16,FMCG-204,ApexMarket_Direct,11.32,True,3.99
2026-07-17,FMCG-204,MegaRetail_HQ,11.97,True,3.99
2026-07-17,FMCG-204,SwiftBlink_Prime,12.02,True,3.99
2026-07-17,FMCG-204,ApexMarket_Direct,10.87,True,3.99
2026-07-18,FMCG-204,MegaRetail_HQ,11.62,False,3.99
2026-07-18,FMCG-204,SwiftBlink_Prime,11.73,True,3.99
2026-07-18,FMCG-204,ApexMarket_Direct,10.89,True,3.99
2026-07-19,FMCG-204,MegaRetail_HQ,11.93,True,3.99
2026-07-19,FMCG-204,SwiftBlink_Prime,11.3,True,3.99
2026-07-19,FMCG-204,ApexMarket_Direct,10.48,True,3.99
2026-07-20,FMCG-204,MegaRetail_HQ,11.87,True,3.99
2026-07-20,FMCG-204,SwiftBlink_Prime,11.24,True,3.99
2026-07-20,FMCG-204,ApexMarket_Direct,10.72,False,3.99
2026-07-21,FMCG-204,MegaRetail_HQ,12.03,True,3.99
2026-07-21,FMCG-204,SwiftBlink_Prime,11.21,True,3.99
2026-07-21,FMCG-204,ApexMarket_Direct,11.27,True,3.99
2026-07-22,FMCG-204,MegaRetail_HQ,10.27,True,3.99
2026-07-22,FMCG-204,SwiftBlink_Prime,11.21,True,3.99
2026-07-22,FMCG-204,ApexMarket_Direct,11.37,True,3.99
2026-07-23,FMCG-204,MegaRetail_HQ,11.68,True,3.99
2026-07-23,FMCG-204,SwiftBlink_Prime,11.05,True,3.99
2026-07-23,FMCG-204,ApexMarket_Direct,11.84,True,3.99
2026-07-24,FMCG-204,MegaRetail_HQ,12.34,True,3.99
2026-07-24,FMCG-204,SwiftBlink_Prime,11.05,True,3.99
2026-07-24,FMCG-204,ApexMarket_Direct,12.11,True,3.99
2026-07-25,FMCG-204,MegaRetail_HQ,12.36,True,3.99
2026-07-25,FMCG-204,SwiftBlink_Prime,11.36,True,3.99
2026-07-25,FMCG-204,ApexMarket_Direct,10.08,False,3.99
2026-07-26,FMCG-204,MegaRetail_HQ,11.56,True,3.99
2026-07-26,FMCG-204,SwiftBlink_Prime,11.34,True,3.99
2026-07-26,FMCG-204,ApexMarket_Direct,12.22,True,3.99
2026-07-27,FMCG-204,MegaRetail_HQ,11.99,True,3.99
2026-07-27,FMCG-204,SwiftBlink_Prime,11.2,True,3.99
2026-07-27,FMCG-204,ApexMarket_Direct,12.2,True,3.99
2026-07-28,FMCG-204,MegaRetail_HQ,12.0,True,3.99
2026-07-28,FMCG-204,SwiftBlink_Prime,10.84,True,3.99
2026-07-28,FMCG-204,ApexMarket_Direct,11.75,True,3.99
2026-07-29,FMCG-204,MegaRetail_HQ,11.96,True,3.99
2026-07-29,FMCG-204,SwiftBlink_Prime,10.8,True,3.99
2026-07-29,FMCG-204,ApexMarket_Direct,11.9,True,3.99
2026-07-30,FMCG-204,MegaRetail_HQ,11.82,True,3.99
2026-07-30,FMCG-204,SwiftBlink_Prime,11.08,True,3.99
2026-07-30,FMCG-204,ApexMarket_Direct,12.29,True,3.99
2026-07-31,FMCG-204,MegaRetail_HQ,12.2,True,3.99
2026-07-31,FMCG-204,SwiftBlink_Prime,11.83,True,3.99
2026-07-31,FMCG-204,ApexMarket_Direct,11.35,True,3.99
2026-08-01,FMCG-204,MegaRetail_HQ,9.81,True,3.99
2026-08-01,FMCG-204,SwiftBlink_Prime,11.66,True,3.99
2026-08-01,FMCG-204,ApexMarket_Direct,11.05,True,3.99
2026-08-02,FMCG-204,MegaRetail_HQ,11.84,True,3.99
2026-08-02,FMCG-204,SwiftBlink_Prime,11.74,False,3.99
2026-08-02,FMCG-204,ApexMarket_Direct,11.57,True,3.99
2026-08-03,FMCG-204,MegaRetail_HQ,12.18,True,3.99
2026-08-03,FMCG-204,SwiftBlink_Prime,11.91,True,3.99
2026-08-03,FMCG-204,ApexMarket_Direct,11.79,True,3.99
2026-08-04,FMCG-204,MegaRetail_HQ,11.93,True,3.99
2026-08-04,FMCG-204,SwiftBlink_Prime,10.31,True,3.99
2026-08-04,FMCG-204,ApexMarket_Direct,11.77,True,3.99
2026-08-05,FMCG-204,MegaRetail_HQ,11.71,True,3.99
2026-08-05,FMCG-204,SwiftBlink_Prime,12.23,True,3.99
2026-08-05,FMCG-204,ApexMarket_Direct,9.76,True,3.99
2026-08-06,FMCG-204,MegaRetail_HQ,12.19,True,3.99
2026-08-06,FMCG-204,SwiftBlink_Prime,12.31,True,3.99
2026-08-06,FMCG-204,ApexMarket_Direct,11.5,True,3.99
2026-08-07,FMCG-204,MegaRetail_HQ,12.64,True,3.99
2026-08-07,FMCG-204,SwiftBlink_Prime,12.74,True,3.99
2026-08-07,FMCG-204,ApexMarket_Direct,9.94,True,3.99
2026-08-08,FMCG-204,MegaRetail_HQ,12.52,True,3.99
2026-08-08,FMCG-204,SwiftBlink_Prime,12.82,True,3.99
2026-08-08,FMCG-204,ApexMarket_Direct,12.06,True,3.99
2026-08-09,FMCG-204,MegaRetail_HQ,12.06,True,3.99
2026-08-09,FMCG-204,SwiftBlink_Prime,11.8,True,3.99
2026-08-09,FMCG-204,ApexMarket_Direct,12.12,True,3.99
2026-08-10,FMCG-204,MegaRetail_HQ,11.35,True,3.99
2026-08-10,FMCG-204,SwiftBlink_Prime,11.7,True,3.99
2026-08-10,FMCG-204,ApexMarket_Direct,11.3,True,3.99
2026-08-11,FMCG-204,MegaRetail_HQ,11.9,True,3.99
2026-08-11,FMCG-204,SwiftBlink_Prime,12.08,True,3.99
2026-08-11,FMCG-204,ApexMarket_Direct,11.08,True,3.99
2026-08-12,FMCG-204,MegaRetail_HQ,11.61,True,3.99
2026-08-12,FMCG-204,SwiftBlink_Prime,12.1,True,3.99
2026-08-12,FMCG-204,ApexMarket_Direct,11.04,True,3.99
2026-08-13,FMCG-204,MegaRetail_HQ,11.75,True,3.99
2026-08-13,FMCG-204,SwiftBlink_Prime,11.88,True,3.99
2026-08-13,FMCG-204,ApexMarket_Direct,10.98,True,3.99
2026-08-14,FMCG-204,MegaRetail_HQ,9.94,True,3.99
2026-08-14,FMCG-204,SwiftBlink_Prime,11.77,True,3.99
2026-08-14,FMCG-204,ApexMarket_Direct,11.31,True,3.99
2026-08-15,FMCG-204,MegaRetail_HQ,9.91,True,3.99
2026-08-15,FMCG-204,SwiftBlink_Prime,12.23,True,3.99
2026-08-15,FMCG-204,ApexMarket_Direct,11.63,True,3.99
2026-08-16,FMCG-204,MegaRetail_HQ,11.59,True,3.99
2026-08-16,FMCG-204,SwiftBlink_Prime,11.74,True,3.99
2026-08-16,FMCG-204,ApexMarket_Direct,11.8,True,3.99
2026-08-17,FMCG-204,MegaRetail_HQ,11.69,True,3.99
2026-08-17,FMCG-204,SwiftBlink_Prime,11.55,True,3.99
2026-08-17,FMCG-204,ApexMarket_Direct,11.86,True,3.99
2026-08-18,FMCG-204,MegaRetail_HQ,12.09,True,3.99
2026-08-18,FMCG-204,SwiftBlink_Prime,12.01,True,3.99
2026-08-18,FMCG-204,ApexMarket_Direct,9.57,True,3.99
2026-08-19,FMCG-204,MegaRetail_HQ,12.64,True,3.99
2026-08-19,FMCG-204,SwiftBlink_Prime,12.19,True,3.99
2026-08-19,FMCG-204,ApexMarket_Direct,10.99,False,3.99
2026-08-20,FMCG-204,MegaRetail_HQ,12.42,True,3.99
2026-08-20,FMCG-204,SwiftBlink_Prime,12.3,True,3.99
2026-08-20,FMCG-204,ApexMarket_Direct,10.85,True,3.99
2026-08-21,FMCG-204,MegaRetail_HQ,13.03,True,3.99
2026-08-21,FMCG-204,SwiftBlink_Prime,12.7,True,3.99
2026-08-21,FMCG-204,ApexMarket_Direct,11.28,True,3.99
2026-08-22,FMCG-204,MegaRetail_HQ,13.04,True,3.99
2026-08-22,FMCG-204,SwiftBlink_Prime,12.92,True,3.99
2026-08-22,FMCG-204,ApexMarket_Direct,10.89,True,3.99
2026-08-23,FMCG-204,MegaRetail_HQ,12.91,True,3.99
2026-08-23,FMCG-204,SwiftBlink_Prime,12.61,True,3.99
2026-08-23,FMCG-204,ApexMarket_Direct,11.24,True,3.99
2026-08-24,FMCG-204,MegaRetail_HQ,12.54,True,3.99
2026-08-24,FMCG-204,SwiftBlink_Prime,12.83,True,3.99
2026-08-24,FMCG-204,ApexMarket_Direct,11.35,True,3.99
2026-08-25,FMCG-204,MegaRetail_HQ,12.46,True,3.99
2026-08-25,FMCG-204,SwiftBlink_Prime,13.29,True,3.99
2026-08-25,FMCG-204,ApexMarket_Direct,11.0,True,3.99
2026-08-26,FMCG-204,MegaRetail_HQ,12.07,True,3.99
2026-08-26,FMCG-204,SwiftBlink_Prime,13.62,True,3.99
2026-08-26,FMCG-204,ApexMarket_Direct,11.34,True,3.99
2026-08-27,FMCG-204,MegaRetail_HQ,12.14,True,3.99
2026-08-27,FMCG-204,SwiftBlink_Prime,13.36,True,3.99
2026-08-27,FMCG-204,ApexMarket_Direct,11.07,True,3.99
2026-08-28,FMCG-204,MegaRetail_HQ,11.41,True,3.99
2026-08-28,FMCG-204,SwiftBlink_Prime,13.08,True,3.99
2026-08-28,FMCG-204,ApexMarket_Direct,11.34,True,3.99
2026-08-29,FMCG-204,MegaRetail_HQ,11.73,True,3.99
2026-08-29,FMCG-204,SwiftBlink_Prime,12.89,True,3.99
2026-08-29,FMCG-204,ApexMarket_Direct,11.01,True,3.99
2026-08-30,FMCG-204,MegaRetail_HQ,11.43,True,3.99
2026-08-30,FMCG-204,SwiftBlink_Prime,12.69,True,3.99
2026-08-30,FMCG-204,ApexMarket_Direct,9.21,True,3.99
2026-08-31,FMCG-204,MegaRetail_HQ,11.64,True,3.99
2026-08-31,FMCG-204,SwiftBlink_Prime,12.26,True,3.99
2026-08-31,FMCG-204,ApexMarket_Direct,10.83,True,3.99
2026-09-01,FMCG-204,MegaRetail_HQ,12.44,True,3.99
2026-09-01,FMCG-204,SwiftBlink_Prime,12.59,True,3.99
2026-09-01,FMCG-204,ApexMarket_Direct,11.53,True,3.99
2026-09-02,FMCG-204,MegaRetail_HQ,12.81,True,3.99
2026-09-02,FMCG-204,SwiftBlink_Prime,12.59,True,3.99
2026-09-02,FMCG-204,ApexMarket_Direct,11.99,False,3.99
2026-09-03,FMCG-204,MegaRetail_HQ,12.97,True,3.99
2026-09-03,FMCG-204,SwiftBlink_Prime,12.43,True,3.99
2026-09-03,FMCG-204,ApexMarket_Direct,12.04,True,3.99
2026-09-04,FMCG-204,MegaRetail_HQ,13.37,True,3.99
2026-09-04,FMCG-204,SwiftBlink_Prime,11.87,True,3.99
2026-09-04,FMCG-204,ApexMarket_Direct,11.41,True,3.99
2026-09-05,FMCG-204,MegaRetail_HQ,12.88,True,3.99
2026-09-05,FMCG-204,SwiftBlink_Prime,11.94,True,3.99
2026-09-05,FMCG-204,ApexMarket_Direct,11.46,True,3.99
2026-09-06,FMCG-204,MegaRetail_HQ,12.7,False,3.99
2026-09-06,FMCG-204,SwiftBlink_Prime,10.08,True,3.99
2026-09-06,FMCG-204,ApexMarket_Direct,9.88,True,3.99
2026-09-07,FMCG-204,MegaRetail_HQ,12.91,True,3.99
2026-09-07,FMCG-204,SwiftBlink_Prime,12.4,True,3.99
2026-09-07,FMCG-204,ApexMarket_Direct,11.16,True,3.99
2026-09-08,FMCG-204,MegaRetail_HQ,13.02,True,3.99
2026-09-08,FMCG-204,SwiftBlink_Prime,10.12,True,3.99
2026-09-08,FMCG-204,ApexMarket_Direct,11.87,True,3.99
2026-09-09,FMCG-204,MegaRetail_HQ,13.02,False,3.99
2026-09-09,FMCG-204,SwiftBlink_Prime,11.67,True,3.99
2026-09-09,FMCG-204,ApexMarket_Direct,11.58,False,3.99
2026-09-10,FMCG-204,MegaRetail_HQ,12.87,True,3.99
2026-09-10,FMCG-204,SwiftBlink_Prime,12.03,True,3.99
2026-09-10,FMCG-204,ApexMarket_Direct,11.5,True,3.99
2026-09-11,FMCG-204,MegaRetail_HQ,12.43,True,3.99
2026-09-11,FMCG-204,SwiftBlink_Prime,11.92,True,3.99
2026-09-11,FMCG-204,ApexMarket_Direct,11.39,True,3.99
2026-09-12,FMCG-204,MegaRetail_HQ,12.27,True,3.99
2026-09-12,FMCG-204,SwiftBlink_Prime,11.69,True,3.99
2026-09-12,FMCG-204,ApexMarket_Direct,11.49,True,3.99
2026-09-13,FMCG-204,MegaRetail_HQ,12.12,True,3.99
2026-09-13,FMCG-204,SwiftBlink_Prime,11.61,True,3.99
2026-09-13,FMCG-204,ApexMarket_Direct,11.5,True,3.99
2026-09-14,FMCG-204,MegaRetail_HQ,12.54,True,3.99
2026-09-14,FMCG-204,SwiftBlink_Prime,11.66,True,3.99
2026-09-14,FMCG-204,ApexMarket_Direct,12.21,False,3.99
2026-09-15,FMCG-204,MegaRetail_HQ,12.65,True,3.99
2026-09-15,FMCG-204,SwiftBlink_Prime,11.49,True,3.99
2026-09-15,FMCG-204,ApexMarket_Direct,10.41,True,3.99
2026-09-16,FMCG-204,MegaRetail_HQ,10.67,True,3.99
2026-09-16,FMCG-204,SwiftBlink_Prime,11.62,True,3.99
2026-09-16,FMCG-204,ApexMarket_Direct,12.11,True,3.99
2026-09-17,FMCG-204,MegaRetail_HQ,12.94,True,3.99
2026-09-17,FMCG-204,SwiftBlink_Prime,11.6,True,3.99
2026-09-17,FMCG-204,ApexMarket_Direct,12.43,True,3.99
2026-09-18,FMCG-204,MegaRetail_HQ,12.4,True,3.99
2026-09-18,FMCG-204,SwiftBlink_Prime,11.57,False,3.99
2026-09-18,FMCG-204,ApexMarket_Direct,12.24,True,3.99
2026-06-21,FMCG-205,MegaRetail_HQ,27.01,True,3.99
2026-06-21,FMCG-205,SwiftBlink_Prime,26.7,False,3.99
2026-06-21,FMCG-205,ApexMarket_Direct,26.75,True,3.99
2026-06-22,FMCG-205,MegaRetail_HQ,26.99,True,3.99
2026-06-22,FMCG-205,SwiftBlink_Prime,26.66,True,3.99
2026-06-22,FMCG-205,ApexMarket_Direct,26.42,True,3.99
2026-06-23,FMCG-205,MegaRetail_HQ,27.61,True,3.99
2026-06-23,FMCG-205,SwiftBlink_Prime,27.0,True,3.99
2026-06-23,FMCG-205,ApexMarket_Direct,27.53,True,3.99
2026-06-24,FMCG-205,MegaRetail_HQ,28.4,True,3.99
2026-06-24,FMCG-205,SwiftBlink_Prime,27.34,True,3.99
2026-06-24,FMCG-205,ApexMarket_Direct,22.27,True,3.99
2026-06-25,FMCG-205,MegaRetail_HQ,28.87,True,3.99
2026-06-25,FMCG-205,SwiftBlink_Prime,26.74,True,3.99
2026-06-25,FMCG-205,ApexMarket_Direct,23.96,False,3.99
2026-06-26,FMCG-205,MegaRetail_HQ,26.95,True,3.99
2026-06-26,FMCG-205,SwiftBlink_Prime,24.48,True,3.99
2026-06-26,FMCG-205,ApexMarket_Direct,25.07,True,3.99
2026-06-27,FMCG-205,MegaRetail_HQ,28.08,True,3.99
2026-06-27,FMCG-205,SwiftBlink_Prime,25.37,True,3.99
2026-06-27,FMCG-205,ApexMarket_Direct,26.67,True,3.99
2026-06-28,FMCG-205,MegaRetail_HQ,28.14,True,3.99
2026-06-28,FMCG-205,SwiftBlink_Prime,25.47,True,3.99
2026-06-28,FMCG-205,ApexMarket_Direct,27.02,True,3.99
2026-06-29,FMCG-205,MegaRetail_HQ,28.42,True,3.99
2026-06-29,FMCG-205,SwiftBlink_Prime,24.83,True,3.99
2026-06-29,FMCG-205,ApexMarket_Direct,27.12,True,3.99
2026-06-30,FMCG-205,MegaRetail_HQ,27.47,True,3.99
2026-06-30,FMCG-205,SwiftBlink_Prime,26.86,True,3.99
2026-06-30,FMCG-205,ApexMarket_Direct,26.54,True,3.99
2026-07-01,FMCG-205,MegaRetail_HQ,26.46,True,3.99
2026-07-01,FMCG-205,SwiftBlink_Prime,26.36,False,3.99
2026-07-01,FMCG-205,ApexMarket_Direct,27.96,True,3.99
2026-07-02,FMCG-205,MegaRetail_HQ,27.07,True,3.99
2026-07-02,FMCG-205,SwiftBlink_Prime,25.13,True,3.99
2026-07-02,FMCG-205,ApexMarket_Direct,28.2,True,3.99
2026-07-03,FMCG-205,MegaRetail_HQ,26.28,True,3.99
2026-07-03,FMCG-205,SwiftBlink_Prime,25.97,True,3.99
2026-07-03,FMCG-205,ApexMarket_Direct,28.91,True,3.99
2026-07-04,FMCG-205,MegaRetail_HQ,26.2,True,3.99
2026-07-04,FMCG-205,SwiftBlink_Prime,25.66,True,3.99
2026-07-04,FMCG-205,ApexMarket_Direct,29.81,True,3.99
2026-07-05,FMCG-205,MegaRetail_HQ,26.86,True,3.99
2026-07-05,FMCG-205,SwiftBlink_Prime,25.21,True,3.99
2026-07-05,FMCG-205,ApexMarket_Direct,28.62,True,3.99
2026-07-06,FMCG-205,MegaRetail_HQ,26.81,False,3.99
2026-07-06,FMCG-205,SwiftBlink_Prime,25.67,False,3.99
2026-07-06,FMCG-205,ApexMarket_Direct,29.15,True,3.99
2026-07-07,FMCG-205,MegaRetail_HQ,22.68,True,3.99
2026-07-07,FMCG-205,SwiftBlink_Prime,26.28,True,3.99
2026-07-07,FMCG-205,ApexMarket_Direct,29.86,True,3.99
2026-07-08,FMCG-205,MegaRetail_HQ,25.92,True,3.99
2026-07-08,FMCG-205,SwiftBlink_Prime,21.44,True,3.99
2026-07-08,FMCG-205,ApexMarket_Direct,29.97,True,3.99
2026-07-09,FMCG-205,MegaRetail_HQ,25.98,True,3.99
2026-07-09,FMCG-205,SwiftBlink_Prime,26.62,True,3.99
2026-07-09,FMCG-205,ApexMarket_Direct,29.13,True,3.99
2026-07-10,FMCG-205,MegaRetail_HQ,25.64,True,3.99
2026-07-10,FMCG-205,SwiftBlink_Prime,23.09,True,3.99
2026-07-10,FMCG-205,ApexMarket_Direct,29.14,True,3.99
2026-07-11,FMCG-205,MegaRetail_HQ,25.81,True,3.99
2026-07-11,FMCG-205,SwiftBlink_Prime,29.07,True,3.99
2026-07-11,FMCG-205,ApexMarket_Direct,29.78,True,3.99
2026-07-12,FMCG-205,MegaRetail_HQ,26.8,False,3.99
2026-07-12,FMCG-205,SwiftBlink_Prime,29.18,True,3.99
2026-07-12,FMCG-205,ApexMarket_Direct,29.38,True,3.99
2026-07-13,FMCG-205,MegaRetail_HQ,24.26,True,3.99
2026-07-13,FMCG-205,SwiftBlink_Prime,29.02,True,3.99
2026-07-13,FMCG-205,ApexMarket_Direct,28.63,False,3.99
2026-07-14,FMCG-205,MegaRetail_HQ,23.71,True,3.99
2026-07-14,FMCG-205,SwiftBlink_Prime,28.68,True,3.99
2026-07-14,FMCG-205,ApexMarket_Direct,27.54,True,3.99
2026-07-15,FMCG-205,MegaRetail_HQ,24.98,True,3.99
2026-07-15,FMCG-205,SwiftBlink_Prime,28.44,True,3.99
2026-07-15,FMCG-205,ApexMarket_Direct,27.91,True,3.99
2026-07-16,FMCG-205,MegaRetail_HQ,25.9,True,3.99
2026-07-16,FMCG-205,SwiftBlink_Prime,27.72,True,3.99
2026-07-16,FMCG-205,ApexMarket_Direct,25.26,True,3.99
2026-07-17,FMCG-205,MegaRetail_HQ,26.37,True,3.99
2026-07-17,FMCG-205,SwiftBlink_Prime,29.23,True,3.99
2026-07-17,FMCG-205,ApexMarket_Direct,27.16,True,3.99
2026-07-18,FMCG-205,MegaRetail_HQ,26.94,True,3.99
2026-07-18,FMCG-205,SwiftBlink_Prime,28.59,True,3.99
2026-07-18,FMCG-205,ApexMarket_Direct,27.45,True,3.99
2026-07-19,FMCG-205,MegaRetail_HQ,26.29,True,3.99
2026-07-19,FMCG-205,SwiftBlink_Prime,29.31,True,3.99
2026-07-19,FMCG-205,ApexMarket_Direct,26.9,True,3.99
2026-07-20,FMCG-205,MegaRetail_HQ,27.03,True,3.99
2026-07-20,FMCG-205,SwiftBlink_Prime,23.95,True,3.99
2026-07-20,FMCG-205,ApexMarket_Direct,27.12,True,3.99
2026-07-21,FMCG-205,MegaRetail_HQ,26.19,True,3.99
2026-07-21,FMCG-205,SwiftBlink_Prime,28.4,True,3.99
2026-07-21,FMCG-205,ApexMarket_Direct,26.42,True,3.99
2026-07-22,FMCG-205,MegaRetail_HQ,27.41,True,3.99
2026-07-22,FMCG-205,SwiftBlink_Prime,28.21,True,3.99
2026-07-22,FMCG-205,ApexMarket_Direct,26.52,True,3.99
2026-07-23,FMCG-205,MegaRetail_HQ,27.86,True,3.99
2026-07-23,FMCG-205,SwiftBlink_Prime,28.9,True,3.99
2026-07-23,FMCG-205,ApexMarket_Direct,26.33,True,3.99
2026-07-24,FMCG-205,MegaRetail_HQ,24.4,True,3.99
2026-07-24,FMCG-205,SwiftBlink_Prime,28.59,True,3.99
2026-07-24,FMCG-205,ApexMarket_Direct,26.15,True,3.99
2026-07-25,FMCG-205,MegaRetail_HQ,26.76,True,3.99
2026-07-25,FMCG-205,SwiftBlink_Prime,27.13,True,3.99
2026-07-25,FMCG-205,ApexMarket_Direct,26.61,True,3.99
2026-07-26,FMCG-205,MegaRetail_HQ,26.2,True,3.99
2026-07-26,FMCG-205,SwiftBlink_Prime,26.86,True,3.99
2026-07-26,FMCG-205,ApexMarket_Direct,25.95,True,3.99
2026-07-27,FMCG-205,MegaRetail_HQ,26.01,False,3.99
2026-07-27,FMCG-205,SwiftBlink_Prime,26.84,True,3.99
2026-07-27,FMCG-205,ApexMarket_Direct,26.0,True,3.99
2026-07-28,FMCG-205,MegaRetail_HQ,26.57,True,3.99
2026-07-28,FMCG-205,SwiftBlink_Prime,26.82,True,3.99
2026-07-28,FMCG-205,ApexMarket_Direct,25.02,True,3.99
2026-07-29,FMCG-205,MegaRetail_HQ,25.34,True,3.99
2026-07-29,FMCG-205,SwiftBlink_Prime,22.31,True,3.99
2026-07-29,FMCG-205,ApexMarket_Direct,25.84,True,3.99
2026-07-30,FMCG-205,MegaRetail_HQ,26.2,True,3.99
2026-07-30,FMCG-205,SwiftBlink_Prime,21.09,True,3.99
2026-07-30,FMCG-205,ApexMarket_Direct,26.55,True,3.99
2026-07-31,FMCG-205,MegaRetail_HQ,26.12,True,3.99
2026-07-31,FMCG-205,SwiftBlink_Prime,26.21,True,3.99
2026-07-31,FMCG-205,ApexMarket_Direct,25.91,True,3.99
2026-08-01,FMCG-205,MegaRetail_HQ,26.23,True,3.99
2026-08-01,FMCG-205,SwiftBlink_Prime,25.25,False,3.99
2026-08-01,FMCG-205,ApexMarket_Direct,26.62,True,3.99
2026-08-02,FMCG-205,MegaRetail_HQ,26.61,True,3.99
2026-08-02,FMCG-205,SwiftBlink_Prime,26.33,True,3.99
2026-08-02,FMCG-205,ApexMarket_Direct,27.71,True,3.99
2026-08-03,FMCG-205,MegaRetail_HQ,26.71,True,3.99
2026-08-03,FMCG-205,SwiftBlink_Prime,27.64,True,3.99
2026-08-03,FMCG-205,ApexMarket_Direct,26.95,True,3.99
2026-08-04,FMCG-205,MegaRetail_HQ,25.58,True,3.99
2026-08-04,FMCG-205,SwiftBlink_Prime,27.74,True,3.99
2026-08-04,FMCG-205,ApexMarket_Direct,28.25,True,3.99
2026-08-05,FMCG-205,MegaRetail_HQ,25.94,True,3.99
2026-08-05,FMCG-205,SwiftBlink_Prime,23.89,True,3.99
2026-08-05,FMCG-205,ApexMarket_Direct,27.93,True,3.99
2026-08-06,FMCG-205,MegaRetail_HQ,25.87,True,3.99
2026-08-06,FMCG-205,SwiftBlink_Prime,23.94,True,3.99
2026-08-06,FMCG-205,ApexMarket_Direct,28.11,True,3.99
2026-08-07,FMCG-205,MegaRetail_HQ,27.93,True,3.99
2026-08-07,FMCG-205,SwiftBlink_Prime,27.8,True,3.99
2026-08-07,FMCG-205,ApexMarket_Direct,28.03,True,3.99
2026-08-08,FMCG-205,MegaRetail_HQ,27.84,True,3.99
2026-08-08,FMCG-205,SwiftBlink_Prime,27.13,True,3.99
2026-08-08,FMCG-205,ApexMarket_Direct,28.21,True,3.99
2026-08-09,FMCG-205,MegaRetail_HQ,26.87,True,3.99
2026-08-09,FMCG-205,SwiftBlink_Prime,26.44,True,3.99
2026-08-09,FMCG-205,ApexMarket_Direct,26.92,True,3.99
2026-08-10,FMCG-205,MegaRetail_HQ,26.64,True,3.99
2026-08-10,FMCG-205,SwiftBlink_Prime,26.09,True,3.99
2026-08-10,FMCG-205,ApexMarket_Direct,27.05,True,3.99
2026-08-11,FMCG-205,MegaRetail_HQ,28.79,True,3.99
2026-08-11,FMCG-205,SwiftBlink_Prime,27.15,True,3.99
2026-08-11,FMCG-205,ApexMarket_Direct,26.67,True,3.99
2026-08-12,FMCG-205,MegaRetail_HQ,27.16,True,3.99
2026-08-12,FMCG-205,SwiftBlink_Prime,26.87,True,3.99
2026-08-12,FMCG-205,ApexMarket_Direct,26.53,True,3.99
2026-08-13,FMCG-205,MegaRetail_HQ,26.53,True,3.99
2026-08-13,FMCG-205,SwiftBlink_Prime,26.55,True,3.99
2026-08-13,FMCG-205,ApexMarket_Direct,26.96,True,3.99
2026-08-14,FMCG-205,MegaRetail_HQ,27.09,True,3.99
2026-08-14,FMCG-205,SwiftBlink_Prime,26.75,False,3.99
2026-08-14,FMCG-205,ApexMarket_Direct,27.28,True,3.99
2026-08-15,FMCG-205,MegaRetail_HQ,26.45,True,3.99
2026-08-15,FMCG-205,SwiftBlink_Prime,28.09,False,3.99
2026-08-15,FMCG-205,ApexMarket_Direct,23.31,True,3.99
2026-08-16,FMCG-205,MegaRetail_HQ,25.54,True,3.99
2026-08-16,FMCG-205,SwiftBlink_Prime,27.46,True,3.99
2026-08-16,FMCG-205,ApexMarket_Direct,27.26,True,3.99
2026-08-17,FMCG-205,MegaRetail_HQ,24.39,True,3.99
2026-08-17,FMCG-205,SwiftBlink_Prime,26.48,True,3.99
2026-08-17,FMCG-205,ApexMarket_Direct,27.76,True,3.99
2026-08-18,FMCG-205,MegaRetail_HQ,23.96,True,3.99
2026-08-18,FMCG-205,SwiftBlink_Prime,25.72,True,3.99
2026-08-18,FMCG-205,ApexMarket_Direct,27.34,True,3.99
2026-08-19,FMCG-205,MegaRetail_HQ,24.01,True,3.99
2026-08-19,FMCG-205,SwiftBlink_Prime,24.98,True,3.99
2026-08-19,FMCG-205,ApexMarket_Direct,27.5,True,3.99
2026-08-20,FMCG-205,MegaRetail_HQ,21.7,True,3.99
2026-08-20,FMCG-205,SwiftBlink_Prime,25.95,True,3.99
2026-08-20,FMCG-205,ApexMarket_Direct,27.55,True,3.99
2026-08-21,FMCG-205,MegaRetail_HQ,26.61,True,3.99
2026-08-21,FMCG-205,SwiftBlink_Prime,25.8,True,3.99
2026-08-21,FMCG-205,ApexMarket_Direct,28.56,True,3.99
2026-08-22,FMCG-205,MegaRetail_HQ,26.91,True,3.99
2026-08-22,FMCG-205,SwiftBlink_Prime,26.45,True,3.99
2026-08-22,FMCG-205,ApexMarket_Direct,29.47,True,3.99
2026-08-23,FMCG-205,MegaRetail_HQ,26.56,True,3.99
2026-08-23,FMCG-205,SwiftBlink_Prime,26.72,True,3.99
2026-08-23,FMCG-205,ApexMarket_Direct,28.05,True,3.99
2026-08-24,FMCG-205,MegaRetail_HQ,24.85,False,3.99
2026-08-24,FMCG-205,SwiftBlink_Prime,28.0,True,3.99
2026-08-24,FMCG-205,ApexMarket_Direct,28.8,True,3.99
2026-08-25,FMCG-205,MegaRetail_HQ,25.17,True,3.99
2026-08-25,FMCG-205,SwiftBlink_Prime,28.84,True,3.99
2026-08-25,FMCG-205,ApexMarket_Direct,29.32,True,3.99
2026-08-26,FMCG-205,MegaRetail_HQ,25.28,True,3.99
2026-08-26,FMCG-205,SwiftBlink_Prime,28.63,True,3.99
2026-08-26,FMCG-205,ApexMarket_Direct,28.38,True,3.99
2026-08-27,FMCG-205,MegaRetail_HQ,24.94,True,3.99
2026-08-27,FMCG-205,SwiftBlink_Prime,23.2,True,3.99
2026-08-27,FMCG-205,ApexMarket_Direct,27.86,True,3.99
2026-08-28,FMCG-205,MegaRetail_HQ,26.26,True,3.99
2026-08-28,FMCG-205,SwiftBlink_Prime,26.51,True,3.99
2026-08-28,FMCG-205,ApexMarket_Direct,28.27,True,3.99
2026-08-29,FMCG-205,MegaRetail_HQ,26.76,False,3.99
2026-08-29,FMCG-205,SwiftBlink_Prime,26.53,True,3.99
2026-08-29,FMCG-205,ApexMarket_Direct,27.16,True,3.99
2026-08-30,FMCG-205,MegaRetail_HQ,26.69,True,3.99
2026-08-30,FMCG-205,SwiftBlink_Prime,23.16,True,3.99
2026-08-30,FMCG-205,ApexMarket_Direct,26.82,True,3.99
2026-08-31,FMCG-205,MegaRetail_HQ,26.91,True,3.99
2026-08-31,FMCG-205,SwiftBlink_Prime,22.85,True,3.99
2026-08-31,FMCG-205,ApexMarket_Direct,27.68,True,3.99
2026-09-01,FMCG-205,MegaRetail_HQ,20.94,True,3.99
2026-09-01,FMCG-205,SwiftBlink_Prime,26.08,True,3.99
2026-09-01,FMCG-205,ApexMarket_Direct,25.89,True,3.99
2026-09-02,FMCG-205,MegaRetail_HQ,26.1,True,3.99
2026-09-02,FMCG-205,SwiftBlink_Prime,26.31,True,3.99
2026-09-02,FMCG-205,ApexMarket_Direct,26.37,True,3.99
2026-09-03,FMCG-205,MegaRetail_HQ,26.95,True,3.99
2026-09-03,FMCG-205,SwiftBlink_Prime,26.64,True,3.99
2026-09-03,FMCG-205,ApexMarket_Direct,26.34,True,3.99
2026-09-04,FMCG-205,MegaRetail_HQ,26.78,True,3.99
2026-09-04,FMCG-205,SwiftBlink_Prime,26.75,True,3.99
2026-09-04,FMCG-205,ApexMarket_Direct,26.59,True,3.99
2026-09-05,FMCG-205,MegaRetail_HQ,27.36,True,3.99
2026-09-05,FMCG-205,SwiftBlink_Prime,26.08,True,3.99
2026-09-05,FMCG-205,ApexMarket_Direct,24.7,True,3.99
2026-09-06,FMCG-205,MegaRetail_HQ,27.96,True,3.99
2026-09-06,FMCG-205,SwiftBlink_Prime,25.53,True,3.99
2026-09-06,FMCG-205,ApexMarket_Direct,24.7,True,3.99
2026-09-07,FMCG-205,MegaRetail_HQ,27.55,True,3.99
2026-09-07,FMCG-205,SwiftBlink_Prime,26.34,True,3.99
2026-09-07,FMCG-205,ApexMarket_Direct,24.01,True,3.99
2026-09-08,FMCG-205,MegaRetail_HQ,26.87,True,3.99
2026-09-08,FMCG-205,SwiftBlink_Prime,26.32,True,3.99
2026-09-08,FMCG-205,ApexMarket_Direct,25.75,True,3.99
2026-09-09,FMCG-205,MegaRetail_HQ,26.7,True,3.99
2026-09-09,FMCG-205,SwiftBlink_Prime,22.51,True,3.99
2026-09-09,FMCG-205,ApexMarket_Direct,25.52,True,3.99
2026-09-10,FMCG-205,MegaRetail_HQ,26.87,True,3.99
2026-09-10,FMCG-205,SwiftBlink_Prime,26.88,True,3.99
2026-09-10,FMCG-205,ApexMarket_Direct,25.69,True,3.99
2026-09-11,FMCG-205,MegaRetail_HQ,25.59,True,3.99
2026-09-11,FMCG-205,SwiftBlink_Prime,24.43,True,3.99
2026-09-11,FMCG-205,ApexMarket_Direct,24.89,True,3.99
2026-09-12,FMCG-205,MegaRetail_HQ,26.2,True,3.99
2026-09-12,FMCG-205,SwiftBlink_Prime,29.28,True,3.99
2026-09-12,FMCG-205,ApexMarket_Direct,25.62,True,3.99
2026-09-13,FMCG-205,MegaRetail_HQ,27.05,True,3.99
2026-09-13,FMCG-205,SwiftBlink_Prime,30.71,True,3.99
2026-09-13,FMCG-205,ApexMarket_Direct,25.27,True,3.99
2026-09-14,FMCG-205,MegaRetail_HQ,27.45,True,3.99
2026-09-14,FMCG-205,SwiftBlink_Prime,28.78,True,3.99
2026-09-14,FMCG-205,ApexMarket_Direct,25.39,True,3.99
2026-09-15,FMCG-205,MegaRetail_HQ,28.25,True,3.99
2026-09-15,FMCG-205,SwiftBlink_Prime,28.5,True,3.99
2026-09-15,FMCG-205,ApexMarket_Direct,24.17,True,3.99
2026-09-16,FMCG-205,MegaRetail_HQ,28.41,True,3.99
2026-09-16,FMCG-205,SwiftBlink_Prime,28.95,True,3.99
2026-09-16,FMCG-205,ApexMarket_Direct,24.41,True,3.99
2026-09-17,FMCG-205,MegaRetail_HQ,28.8,True,3.99
2026-09-17,FMCG-205,SwiftBlink_Prime,28.76,True,3.99
2026-09-17,FMCG-205,ApexMarket_Direct,23.19,True,3.99
2026-09-18,FMCG-205,MegaRetail_HQ,27.5,True,3.99
2026-09-18,FMCG-205,SwiftBlink_Prime,23.92,True,3.99
2026-09-18,FMCG-205,ApexMarket_Direct,22.22,True,3.99
2026-06-21,FMCG-206,MegaRetail_HQ,6.09,True,3.99
2026-06-21,FMCG-206,SwiftBlink_Prime,5.91,True,3.99
2026-06-21,FMCG-206,ApexMarket_Direct,5.02,True,3.99
2026-06-22,FMCG-206,MegaRetail_HQ,6.36,True,3.99
2026-06-22,FMCG-206,SwiftBlink_Prime,6.04,True,3.99
2026-06-22,FMCG-206,ApexMarket_Direct,6.19,True,3.99
2026-06-23,FMCG-206,MegaRetail_HQ,6.67,True,3.99
2026-06-23,FMCG-206,SwiftBlink_Prime,5.72,True,3.99
2026-06-23,FMCG-206,ApexMarket_Direct,5.27,True,3.99
2026-06-24,FMCG-206,MegaRetail_HQ,6.66,True,3.99
2026-06-24,FMCG-206,SwiftBlink_Prime,5.77,True,3.99
2026-06-24,FMCG-206,ApexMarket_Direct,6.04,False,3.99
2026-06-25,FMCG-206,MegaRetail_HQ,6.59,True,3.99
2026-06-25,FMCG-206,SwiftBlink_Prime,5.92,True,3.99
2026-06-25,FMCG-206,ApexMarket_Direct,5.98,True,3.99
2026-06-26,FMCG-206,MegaRetail_HQ,6.41,True,3.99
2026-06-26,FMCG-206,SwiftBlink_Prime,5.91,True,3.99
2026-06-26,FMCG-206,ApexMarket_Direct,5.75,True,3.99
2026-06-27,FMCG-206,MegaRetail_HQ,6.37,True,3.99
2026-06-27,FMCG-206,SwiftBlink_Prime,6.07,True,3.99
2026-06-27,FMCG-206,ApexMarket_Direct,5.68,True,3.99
2026-06-28,FMCG-206,MegaRetail_HQ,6.5,True,3.99
2026-06-28,FMCG-206,SwiftBlink_Prime,6.15,True,3.99
2026-06-28,FMCG-206,ApexMarket_Direct,4.9,False,3.99
2026-06-29,FMCG-206,MegaRetail_HQ,6.46,True,3.99
2026-06-29,FMCG-206,SwiftBlink_Prime,5.94,False,3.99
2026-06-29,FMCG-206,ApexMarket_Direct,5.81,True,3.99
2026-06-30,FMCG-206,MegaRetail_HQ,6.3,True,3.99
2026-06-30,FMCG-206,SwiftBlink_Prime,6.4,True,3.99
2026-06-30,FMCG-206,ApexMarket_Direct,5.83,True,3.99
2026-07-01,FMCG-206,MegaRetail_HQ,6.35,True,3.99
2026-07-01,FMCG-206,SwiftBlink_Prime,6.47,True,3.99
2026-07-01,FMCG-206,ApexMarket_Direct,6.13,True,3.99
2026-07-02,FMCG-206,MegaRetail_HQ,5.3,True,3.99
2026-07-02,FMCG-206,SwiftBlink_Prime,6.23,True,3.99
2026-07-02,FMCG-206,ApexMarket_Direct,5.99,True,3.99
2026-07-03,FMCG-206,MegaRetail_HQ,6.05,True,3.99
2026-07-03,FMCG-206,SwiftBlink_Prime,6.3,True,3.99
2026-07-03,FMCG-206,ApexMarket_Direct,6.11,True,3.99
2026-07-04,FMCG-206,MegaRetail_HQ,6.13,True,3.99
2026-07-04,FMCG-206,SwiftBlink_Prime,6.33,True,3.99
2026-07-04,FMCG-206,ApexMarket_Direct,6.1,True,3.99
2026-07-05,FMCG-206,MegaRetail_HQ,6.03,True,3.99
2026-07-05,FMCG-206,SwiftBlink_Prime,6.2,True,3.99
2026-07-05,FMCG-206,ApexMarket_Direct,5.98,True,3.99
2026-07-06,FMCG-206,MegaRetail_HQ,5.95,True,3.99
2026-07-06,FMCG-206,SwiftBlink_Prime,6.36,False,3.99
2026-07-06,FMCG-206,ApexMarket_Direct,6.02,True,3.99
2026-07-07,FMCG-206,MegaRetail_HQ,5.74,True,3.99
2026-07-07,FMCG-206,SwiftBlink_Prime,6.29,True,3.99
2026-07-07,FMCG-206,ApexMarket_Direct,6.19,True,3.99
2026-07-08,FMCG-206,MegaRetail_HQ,4.9,True,3.99
2026-07-08,FMCG-206,SwiftBlink_Prime,5.93,True,3.99
2026-07-08,FMCG-206,ApexMarket_Direct,6.18,True,3.99
2026-07-09,FMCG-206,MegaRetail_HQ,5.8,True,3.99
2026-07-09,FMCG-206,SwiftBlink_Prime,5.59,True,3.99
2026-07-09,FMCG-206,ApexMarket_Direct,6.03,True,3.99
2026-07-10,FMCG-206,MegaRetail_HQ,5.67,True,3.99
2026-07-10,FMCG-206,SwiftBlink_Prime,5.9,True,3.99
2026-07-10,FMCG-206,ApexMarket_Direct,4.97,True,3.99
2026-07-11,FMCG-206,MegaRetail_HQ,5.76,True,3.99
2026-07-11,FMCG-206,SwiftBlink_Prime,6.16,True,3.99
2026-07-11,FMCG-206,ApexMarket_Direct,5.69,True,3.99
2026-07-12,FMCG-206,MegaRetail_HQ,6.07,True,3.99
2026-07-12,FMCG-206,SwiftBlink_Prime,5.78,True,3.99
2026-07-12,FMCG-206,ApexMarket_Direct,5.82,True,3.99
2026-07-13,FMCG-206,MegaRetail_HQ,5.81,True,3.99
2026-07-13,FMCG-206,SwiftBlink_Prime,5.99,True,3.99
2026-07-13,FMCG-206,ApexMarket_Direct,5.88,True,3.99
2026-07-14,FMCG-206,MegaRetail_HQ,5.69,True,3.99
2026-07-14,FMCG-206,SwiftBlink_Prime,4.72,True,3.99
2026-07-14,FMCG-206,ApexMarket_Direct,5.86,True,3.99
2026-07-15,FMCG-206,MegaRetail_HQ,5.46,True,3.99
2026-07-15,FMCG-206,SwiftBlink_Prime,5.46,True,3.99
2026-07-15,FMCG-206,ApexMarket_Direct,6.05,True,3.99
2026-07-16,FMCG-206,MegaRetail_HQ,5.57,True,3.99
2026-07-16,FMCG-206,SwiftBlink_Prime,5.68,True,3.99
2026-07-16,FMCG-206,ApexMarket_Direct,6.47,True,3.99
2026-07-17,FMCG-206,MegaRetail_HQ,4.71,True,3.99
2026-07-17,FMCG-206,SwiftBlink_Prime,5.54,True,3.99
2026-07-17,FMCG-206,ApexMarket_Direct,6.41,True,3.99
2026-07-18,FMCG-206,MegaRetail_HQ,5.74,True,3.99
2026-07-18,FMCG-206,SwiftBlink_Prime,5.54,False,3.99
2026-07-18,FMCG-206,ApexMarket_Direct,6.21,True,3.99
2026-07-19,FMCG-206,MegaRetail_HQ,5.89,True,3.99
2026-07-19,FMCG-206,SwiftBlink_Prime,5.61,True,3.99
2026-07-19,FMCG-206,ApexMarket_Direct,5.76,True,3.99
2026-07-20,FMCG-206,MegaRetail_HQ,5.83,True,3.99
2026-07-20,FMCG-206,SwiftBlink_Prime,5.21,True,3.99
2026-07-20,FMCG-206,ApexMarket_Direct,6.03,True,3.99
2026-07-21,FMCG-206,MegaRetail_HQ,5.77,True,3.99
2026-07-21,FMCG-206,SwiftBlink_Prime,5.42,True,3.99
2026-07-21,FMCG-206,ApexMarket_Direct,6.35,True,3.99
2026-07-22,FMCG-206,MegaRetail_HQ,5.87,True,3.99
2026-07-22,FMCG-206,SwiftBlink_Prime,5.35,True,3.99
2026-07-22,FMCG-206,ApexMarket_Direct,6.69,True,3.99
2026-07-23,FMCG-206,MegaRetail_HQ,5.84,True,3.99
2026-07-23,FMCG-206,SwiftBlink_Prime,5.3,True,3.99
2026-07-23,FMCG-206,ApexMarket_Direct,6.62,True,3.99
2026-07-24,FMCG-206,MegaRetail_HQ,5.86,True,3.99
2026-07-24,FMCG-206,SwiftBlink_Prime,5.67,True,3.99
2026-07-24,FMCG-206,ApexMarket_Direct,6.47,True,3.99
2026-07-25,FMCG-206,MegaRetail_HQ,5.84,True,3.99
2026-07-25,FMCG-206,SwiftBlink_Prime,5.77,True,3.99
2026-07-25,FMCG-206,ApexMarket_Direct,6.52,True,3.99
2026-07-26,FMCG-206,MegaRetail_HQ,5.76,False,3.99
2026-07-26,FMCG-206,SwiftBlink_Prime,5.68,True,3.99
2026-07-26,FMCG-206,ApexMarket_Direct,6.17,True,3.99
2026-07-27,FMCG-206,MegaRetail_HQ,5.72,True,3.99
2026-07-27,FMCG-206,SwiftBlink_Prime,5.84,True,3.99
2026-07-27,FMCG-206,ApexMarket_Direct,5.83,True,3.99
2026-07-28,FMCG-206,MegaRetail_HQ,5.81,True,3.99
2026-07-28,FMCG-206,SwiftBlink_Prime,5.94,True,3.99
2026-07-28,FMCG-206,ApexMarket_Direct,6.07,True,3.99
2026-07-29,FMCG-206,MegaRetail_HQ,5.74,True,3.99
2026-07-29,FMCG-206,SwiftBlink_Prime,5.71,True,3.99
2026-07-29,FMCG-206,ApexMarket_Direct,6.19,True,3.99
2026-07-30,FMCG-206,MegaRetail_HQ,5.56,True,3.99
2026-07-30,FMCG-206,SwiftBlink_Prime,5.88,True,3.99
2026-07-30,FMCG-206,ApexMarket_Direct,6.09,True,3.99
2026-07-31,FMCG-206,MegaRetail_HQ,5.4,True,3.99
2026-07-31,FMCG-206,SwiftBlink_Prime,5.76,False,3.99
2026-07-31,FMCG-206,ApexMarket_Direct,6.09,True,3.99
2026-08-01,FMCG-206,MegaRetail_HQ,5.54,True,3.99
2026-08-01,FMCG-206,SwiftBlink_Prime,6.04,True,3.99
2026-08-01,FMCG-206,ApexMarket_Direct,6.22,True,3.99
2026-08-02,FMCG-206,MegaRetail_HQ,5.51,True,3.99
2026-08-02,FMCG-206,SwiftBlink_Prime,6.14,True,3.99
2026-08-02,FMCG-206,ApexMarket_Direct,5.88,True,3.99
2026-08-03,FMCG-206,MegaRetail_HQ,5.51,True,3.99
2026-08-03,FMCG-206,SwiftBlink_Prime,4.91,False,3.99
2026-08-03,FMCG-206,ApexMarket_Direct,6.26,True,3.99
2026-08-04,FMCG-206,MegaRetail_HQ,5.41,True,3.99
2026-08-04,FMCG-206,SwiftBlink_Prime,5.86,True,3.99
2026-08-04,FMCG-206,ApexMarket_Direct,6.27,True,3.99
2026-08-05,FMCG-206,MegaRetail_HQ,5.23,True,3.99
2026-08-05,FMCG-206,SwiftBlink_Prime,5.82,True,3.99
2026-08-05,FMCG-206,ApexMarket_Direct,6.4,True,3.99
2026-08-06,FMCG-206,MegaRetail_HQ,5.09,True,3.99
2026-08-06,FMCG-206,SwiftBlink_Prime,5.8,True,3.99
2026-08-06,FMCG-206,ApexMarket_Direct,6.22,True,3.99
2026-08-07,FMCG-206,MegaRetail_HQ,5.05,True,3.99
2026-08-07,FMCG-206,SwiftBlink_Prime,5.75,True,3.99
2026-08-07,FMCG-206,ApexMarket_Direct,6.3,True,3.99
2026-08-08,FMCG-206,MegaRetail_HQ,5.02,True,3.99
2026-08-08,FMCG-206,SwiftBlink_Prime,5.77,True,3.99
2026-08-08,FMCG-206,ApexMarket_Direct,6.46,True,3.99
2026-08-09,FMCG-206,MegaRetail_HQ,4.84,True,3.99
2026-08-09,FMCG-206,SwiftBlink_Prime,5.9,True,3.99
2026-08-09,FMCG-206,ApexMarket_Direct,6.61,True,3.99
2026-08-10,FMCG-206,MegaRetail_HQ,4.84,True,3.99
2026-08-10,FMCG-206,SwiftBlink_Prime,5.86,True,3.99
2026-08-10,FMCG-206,ApexMarket_Direct,6.46,True,3.99
2026-08-11,FMCG-206,MegaRetail_HQ,5.09,True,3.99
2026-08-11,FMCG-206,SwiftBlink_Prime,5.82,True,3.99
2026-08-11,FMCG-206,ApexMarket_Direct,6.26,True,3.99
2026-08-12,FMCG-206,MegaRetail_HQ,5.39,True,3.99
2026-08-12,FMCG-206,SwiftBlink_Prime,5.8,True,3.99
2026-08-12,FMCG-206,ApexMarket_Direct,6.0,True,3.99
2026-08-13,FMCG-206,MegaRetail_HQ,5.53,True,3.99
2026-08-13,FMCG-206,SwiftBlink_Prime,5.82,True,3.99
2026-08-13,FMCG-206,ApexMarket_Direct,5.97,True,3.99
2026-08-14,FMCG-206,MegaRetail_HQ,4.96,True,3.99
2026-08-14,FMCG-206,SwiftBlink_Prime,6.05,True,3.99
2026-08-14,FMCG-206,ApexMarket_Direct,5.81,True,3.99
2026-08-15,FMCG-206,MegaRetail_HQ,5.02,True,3.99
2026-08-15,FMCG-206,SwiftBlink_Prime,6.2,True,3.99
2026-08-15,FMCG-206,ApexMarket_Direct,4.71,True,3.99
2026-08-16,FMCG-206,MegaRetail_HQ,5.12,True,3.99
2026-08-16,FMCG-206,SwiftBlink_Prime,6.16,True,3.99
2026-08-16,FMCG-206,ApexMarket_Direct,5.63,True,3.99
2026-08-17,FMCG-206,MegaRetail_HQ,5.22,False,3.99
2026-08-17,FMCG-206,SwiftBlink_Prime,5.87,True,3.99
2026-08-17,FMCG-206,ApexMarket_Direct,5.93,True,3.99
2026-08-18,FMCG-206,MegaRetail_HQ,5.62,True,3.99
2026-08-18,FMCG-206,SwiftBlink_Prime,5.66,True,3.99
2026-08-18,FMCG-206,ApexMarket_Direct,4.88,True,3.99
2026-08-19,FMCG-206,MegaRetail_HQ,5.75,True,3.99
2026-08-19,FMCG-206,SwiftBlink_Prime,5.84,True,3.99
2026-08-19,FMCG-206,ApexMarket_Direct,6.24,True,3.99
2026-08-20,FMCG-206,MegaRetail_HQ,5.69,True,3.99
2026-08-20,FMCG-206,SwiftBlink_Prime,5.76,True,3.99
2026-08-20,FMCG-206,ApexMarket_Direct,6.09,True,3.99
2026-08-21,FMCG-206,MegaRetail_HQ,5.89,True,3.99
2026-08-21,FMCG-206,SwiftBlink_Prime,5.8,True,3.99
2026-08-21,FMCG-206,ApexMarket_Direct,5.37,True,3.99
2026-08-22,FMCG-206,MegaRetail_HQ,5.51,True,3.99
2026-08-22,FMCG-206,SwiftBlink_Prime,5.7,True,3.99
2026-08-22,FMCG-206,ApexMarket_Direct,6.3,True,3.99
2026-08-23,FMCG-206,MegaRetail_HQ,5.33,True,3.99
2026-08-23,FMCG-206,SwiftBlink_Prime,5.89,True,3.99
2026-08-23,FMCG-206,ApexMarket_Direct,6.3,True,3.99
2026-08-24,FMCG-206,MegaRetail_HQ,5.48,True,3.99
2026-08-24,FMCG-206,SwiftBlink_Prime,5.69,True,3.99
2026-08-24,FMCG-206,ApexMarket_Direct,5.25,True,3.99
2026-08-25,FMCG-206,MegaRetail_HQ,5.4,False,3.99
2026-08-25,FMCG-206,SwiftBlink_Prime,5.74,True,3.99
2026-08-25,FMCG-206,ApexMarket_Direct,5.88,True,3.99
2026-08-26,FMCG-206,MegaRetail_HQ,5.69,False,3.99
2026-08-26,FMCG-206,SwiftBlink_Prime,5.68,True,3.99
2026-08-26,FMCG-206,ApexMarket_Direct,5.8,True,3.99
2026-08-27,FMCG-206,MegaRetail_HQ,5.61,True,3.99
2026-08-27,FMCG-206,SwiftBlink_Prime,5.84,True,3.99
2026-08-27,FMCG-206,ApexMarket_Direct,5.76,True,3.99
2026-08-28,FMCG-206,MegaRetail_HQ,5.46,True,3.99
2026-08-28,FMCG-206,SwiftBlink_Prime,5.31,True,3.99
2026-08-28,FMCG-206,ApexMarket_Direct,5.93,True,3.99
2026-08-29,FMCG-206,MegaRetail_HQ,5.28,True,3.99
2026-08-29,FMCG-206,SwiftBlink_Prime,5.34,True,3.99
2026-08-29,FMCG-206,ApexMarket_Direct,5.7,True,3.99
2026-08-30,FMCG-206,MegaRetail_HQ,4.63,True,3.99
2026-08-30,FMCG-206,SwiftBlink_Prime,4.97,True,3.99
2026-08-30,FMCG-206,ApexMarket_Direct,5.65,True,3.99
2026-08-31,FMCG-206,MegaRetail_HQ,5.46,True,3.99
2026-08-31,FMCG-206,SwiftBlink_Prime,4.92,True,3.99
2026-08-31,FMCG-206,ApexMarket_Direct,5.74,True,3.99
2026-09-01,FMCG-206,MegaRetail_HQ,5.51,True,3.99
2026-09-01,FMCG-206,SwiftBlink_Prime,4.37,True,3.99
2026-09-01,FMCG-206,ApexMarket_Direct,5.52,True,3.99
2026-09-02,FMCG-206,MegaRetail_HQ,5.89,True,3.99
2026-09-02,FMCG-206,SwiftBlink_Prime,5.07,True,3.99
2026-09-02,FMCG-206,ApexMarket_Direct,5.77,True,3.99
2026-09-03,FMCG-206,MegaRetail_HQ,4.98,True,3.99
2026-09-03,FMCG-206,SwiftBlink_Prime,5.02,False,3.99
2026-09-03,FMCG-206,ApexMarket_Direct,4.9,True,3.99
2026-09-04,FMCG-206,MegaRetail_HQ,6.08,True,3.99
2026-09-04,FMCG-206,SwiftBlink_Prime,5.03,True,3.99
2026-09-04,FMCG-206,ApexMarket_Direct,5.45,True,3.99
2026-09-05,FMCG-206,MegaRetail_HQ,6.11,True,3.99
2026-09-05,FMCG-206,SwiftBlink_Prime,5.12,True,3.99
2026-09-05,FMCG-206,ApexMarket_Direct,5.55,True,3.99
2026-09-06,FMCG-206,MegaRetail_HQ,6.02,True,3.99
2026-09-06,FMCG-206,SwiftBlink_Prime,5.16,True,3.99
2026-09-06,FMCG-206,ApexMarket_Direct,5.59,True,3.99
2026-09-07,FMCG-206,MegaRetail_HQ,6.01,True,3.99
2026-09-07,FMCG-206,SwiftBlink_Prime,5.2,True,3.99
2026-09-07,FMCG-206,ApexMarket_Direct,5.85,True,3.99
2026-09-08,FMCG-206,MegaRetail_HQ,6.02,True,3.99
2026-09-08,FMCG-206,SwiftBlink_Prime,5.33,True,3.99
2026-09-08,FMCG-206,ApexMarket_Direct,5.44,True,3.99
2026-09-09,FMCG-206,MegaRetail_HQ,5.18,True,3.99
2026-09-09,FMCG-206,SwiftBlink_Prime,5.3,True,3.99
2026-09-09,FMCG-206,ApexMarket_Direct,5.45,True,3.99
2026-09-10,FMCG-206,MegaRetail_HQ,6.01,True,3.99
2026-09-10,FMCG-206,SwiftBlink_Prime,5.78,True,3.99
2026-09-10,FMCG-206,ApexMarket_Direct,5.61,True,3.99
2026-09-11,FMCG-206,MegaRetail_HQ,5.89,True,3.99
2026-09-11,FMCG-206,SwiftBlink_Prime,5.42,True,3.99
2026-09-11,FMCG-206,ApexMarket_Direct,5.95,True,3.99
2026-09-12,FMCG-206,MegaRetail_HQ,5.04,True,3.99
2026-09-12,FMCG-206,SwiftBlink_Prime,4.47,True,3.99
2026-09-12,FMCG-206,ApexMarket_Direct,5.87,True,3.99
2026-09-13,FMCG-206,MegaRetail_HQ,5.48,True,3.99
2026-09-13,FMCG-206,SwiftBlink_Prime,5.33,True,3.99
2026-09-13,FMCG-206,ApexMarket_Direct,5.86,True,3.99
2026-09-14,FMCG-206,MegaRetail_HQ,5.67,True,3.99
2026-09-14,FMCG-206,SwiftBlink_Prime,5.48,True,3.99
2026-09-14,FMCG-206,ApexMarket_Direct,6.09,True,3.99
2026-09-15,FMCG-206,MegaRetail_HQ,5.83,True,3.99
2026-09-15,FMCG-206,SwiftBlink_Prime,5.67,True,3.99
2026-09-15,FMCG-206,ApexMarket_Direct,5.67,True,3.99
2026-09-16,FMCG-206,MegaRetail_HQ,5.74,True,3.99
2026-09-16,FMCG-206,SwiftBlink_Prime,5.87,True,3.99
2026-09-16,FMCG-206,ApexMarket_Direct,5.72,True,3.99
2026-09-17,FMCG-206,MegaRetail_HQ,5.87,True,3.99
2026-09-17,FMCG-206,SwiftBlink_Prime,5.85,False,3.99
2026-09-17,FMCG-206,ApexMarket_Direct,5.64,True,3.99
2026-09-18,FMCG-206,MegaRetail_HQ,5.97,True,3.99
2026-09-18,FMCG-206,SwiftBlink_Prime,6.1,True,3.99
2026-09-18,FMCG-206,ApexMarket_Direct,5.59,True,3.99
2026-06-21,BEAU-301,MegaRetail_HQ,21.69,True,3.99
2026-06-21,BEAU-301,SwiftBlink_Prime,21.53,True,3.99
2026-06-21,BEAU-301,ApexMarket_Direct,24.72,True,3.99
2026-06-22,BEAU-301,MegaRetail_HQ,23.06,False,3.99
2026-06-22,BEAU-301,SwiftBlink_Prime,20.15,False,3.99
2026-06-22,BEAU-301,ApexMarket_Direct,25.24,True,3.99
2026-06-23,BEAU-301,MegaRetail_HQ,22.23,True,3.99
2026-06-23,BEAU-301,SwiftBlink_Prime,21.58,True,3.99
2026-06-23,BEAU-301,ApexMarket_Direct,24.39,True,3.99
2026-06-24,BEAU-301,MegaRetail_HQ,22.88,True,3.99
2026-06-24,BEAU-301,SwiftBlink_Prime,21.83,True,3.99
2026-06-24,BEAU-301,ApexMarket_Direct,19.47,True,3.99
2026-06-25,BEAU-301,MegaRetail_HQ,22.71,True,3.99
2026-06-25,BEAU-301,SwiftBlink_Prime,22.28,True,3.99
2026-06-25,BEAU-301,ApexMarket_Direct,22.75,True,3.99
2026-06-26,BEAU-301,MegaRetail_HQ,22.44,True,3.99
2026-06-26,BEAU-301,SwiftBlink_Prime,22.62,False,3.99
2026-06-26,BEAU-301,ApexMarket_Direct,19.12,True,3.99
2026-06-27,BEAU-301,MegaRetail_HQ,22.52,True,3.99
2026-06-27,BEAU-301,SwiftBlink_Prime,22.35,True,3.99
2026-06-27,BEAU-301,ApexMarket_Direct,21.79,True,3.99
2026-06-28,BEAU-301,MegaRetail_HQ,21.66,True,3.99
2026-06-28,BEAU-301,SwiftBlink_Prime,22.46,True,3.99
2026-06-28,BEAU-301,ApexMarket_Direct,23.28,True,3.99
2026-06-29,BEAU-301,MegaRetail_HQ,22.13,True,3.99
2026-06-29,BEAU-301,SwiftBlink_Prime,23.34,True,3.99
2026-06-29,BEAU-301,ApexMarket_Direct,22.74,True,3.99
2026-06-30,BEAU-301,MegaRetail_HQ,23.08,True,3.99
2026-06-30,BEAU-301,SwiftBlink_Prime,24.35,True,3.99
2026-06-30,BEAU-301,ApexMarket_Direct,22.4,True,3.99
2026-07-01,BEAU-301,MegaRetail_HQ,23.33,False,3.99
2026-07-01,BEAU-301,SwiftBlink_Prime,24.95,True,3.99
2026-07-01,BEAU-301,ApexMarket_Direct,22.71,True,3.99
2026-07-02,BEAU-301,MegaRetail_HQ,23.61,True,3.99
2026-07-02,BEAU-301,SwiftBlink_Prime,24.43,True,3.99
2026-07-02,BEAU-301,ApexMarket_Direct,23.87,True,3.99
2026-07-03,BEAU-301,MegaRetail_HQ,24.05,True,3.99
2026-07-03,BEAU-301,SwiftBlink_Prime,24.27,True,3.99
2026-07-03,BEAU-301,ApexMarket_Direct,22.78,True,3.99
2026-07-04,BEAU-301,MegaRetail_HQ,24.48,True,3.99
2026-07-04,BEAU-301,SwiftBlink_Prime,24.18,True,3.99
2026-07-04,BEAU-301,ApexMarket_Direct,22.88,True,3.99
2026-07-05,BEAU-301,MegaRetail_HQ,24.93,True,3.99
2026-07-05,BEAU-301,SwiftBlink_Prime,23.47,True,3.99
2026-07-05,BEAU-301,ApexMarket_Direct,22.87,True,3.99
2026-07-06,BEAU-301,MegaRetail_HQ,24.58,True,3.99
2026-07-06,BEAU-301,SwiftBlink_Prime,19.99,False,3.99
2026-07-06,BEAU-301,ApexMarket_Direct,24.26,True,3.99
2026-07-07,BEAU-301,MegaRetail_HQ,23.48,True,3.99
2026-07-07,BEAU-301,SwiftBlink_Prime,23.86,False,3.99
2026-07-07,BEAU-301,ApexMarket_Direct,20.69,True,3.99
2026-07-08,BEAU-301,MegaRetail_HQ,23.65,True,3.99
2026-07-08,BEAU-301,SwiftBlink_Prime,23.41,True,3.99
2026-07-08,BEAU-301,ApexMarket_Direct,24.28,True,3.99
2026-07-09,BEAU-301,MegaRetail_HQ,20.5,True,3.99
2026-07-09,BEAU-301,SwiftBlink_Prime,23.14,True,3.99
2026-07-09,BEAU-301,ApexMarket_Direct,23.08,True,3.99
2026-07-10,BEAU-301,MegaRetail_HQ,23.73,True,3.99
2026-07-10,BEAU-301,SwiftBlink_Prime,23.49,True,3.99
2026-07-10,BEAU-301,ApexMarket_Direct,23.12,True,3.99
2026-07-11,BEAU-301,MegaRetail_HQ,23.35,True,3.99
2026-07-11,BEAU-301,SwiftBlink_Prime,23.0,True,3.99
2026-07-11,BEAU-301,ApexMarket_Direct,24.18,False,3.99
2026-07-12,BEAU-301,MegaRetail_HQ,22.14,True,3.99
2026-07-12,BEAU-301,SwiftBlink_Prime,22.79,True,3.99
2026-07-12,BEAU-301,ApexMarket_Direct,23.93,True,3.99
2026-07-13,BEAU-301,MegaRetail_HQ,22.87,True,3.99
2026-07-13,BEAU-301,SwiftBlink_Prime,22.55,True,3.99
2026-07-13,BEAU-301,ApexMarket_Direct,23.96,True,3.99
2026-07-14,BEAU-301,MegaRetail_HQ,22.4,True,3.99
2026-07-14,BEAU-301,SwiftBlink_Prime,23.07,True,3.99
2026-07-14,BEAU-301,ApexMarket_Direct,22.72,True,3.99
2026-07-15,BEAU-301,MegaRetail_HQ,22.18,True,3.99
2026-07-15,BEAU-301,SwiftBlink_Prime,21.86,True,3.99
2026-07-15,BEAU-301,ApexMarket_Direct,23.68,True,3.99
2026-07-16,BEAU-301,MegaRetail_HQ,21.86,True,3.99
2026-07-16,BEAU-301,SwiftBlink_Prime,23.98,True,3.99
2026-07-16,BEAU-301,ApexMarket_Direct,22.67,True,3.99
2026-07-17,BEAU-301,MegaRetail_HQ,22.96,True,3.99
2026-07-17,BEAU-301,SwiftBlink_Prime,24.08,True,3.99
2026-07-17,BEAU-301,ApexMarket_Direct,22.37,True,3.99
2026-07-18,BEAU-301,MegaRetail_HQ,22.57,False,3.99
2026-07-18,BEAU-301,SwiftBlink_Prime,23.41,True,3.99
2026-07-18,BEAU-301,ApexMarket_Direct,21.28,True,3.99
2026-07-19,BEAU-301,MegaRetail_HQ,23.61,True,3.99
2026-07-19,BEAU-301,SwiftBlink_Prime,22.98,True,3.99
2026-07-19,BEAU-301,ApexMarket_Direct,21.01,True,3.99
2026-07-20,BEAU-301,MegaRetail_HQ,20.68,True,3.99
2026-07-20,BEAU-301,SwiftBlink_Prime,24.36,True,3.99
2026-07-20,BEAU-301,ApexMarket_Direct,21.5,True,3.99
2026-07-21,BEAU-301,MegaRetail_HQ,23.87,True,3.99
2026-07-21,BEAU-301,SwiftBlink_Prime,24.59,True,3.99
2026-07-21,BEAU-301,ApexMarket_Direct,21.51,True,3.99
2026-07-22,BEAU-301,MegaRetail_HQ,19.83,True,3.99
2026-07-22,BEAU-301,SwiftBlink_Prime,24.3,True,3.99
2026-07-22,BEAU-301,ApexMarket_Direct,20.34,True,3.99
2026-07-23,BEAU-301,MegaRetail_HQ,22.9,True,3.99
2026-07-23,BEAU-301,SwiftBlink_Prime,24.36,True,3.99
2026-07-23,BEAU-301,ApexMarket_Direct,21.32,True,3.99
2026-07-24,BEAU-301,MegaRetail_HQ,21.67,True,3.99
2026-07-24,BEAU-301,SwiftBlink_Prime,24.34,True,3.99
2026-07-24,BEAU-301,ApexMarket_Direct,18.41,True,3.99
2026-07-25,BEAU-301,MegaRetail_HQ,21.97,True,3.99
2026-07-25,BEAU-301,SwiftBlink_Prime,24.39,True,3.99
2026-07-25,BEAU-301,ApexMarket_Direct,22.08,True,3.99
2026-07-26,BEAU-301,MegaRetail_HQ,21.93,True,3.99
2026-07-26,BEAU-301,SwiftBlink_Prime,20.93,True,3.99
2026-07-26,BEAU-301,ApexMarket_Direct,21.78,True,3.99
2026-07-27,BEAU-301,MegaRetail_HQ,21.83,True,3.99
2026-07-27,BEAU-301,SwiftBlink_Prime,24.77,True,3.99
2026-07-27,BEAU-301,ApexMarket_Direct,18.06,True,3.99
2026-07-28,BEAU-301,MegaRetail_HQ,22.1,True,3.99
2026-07-28,BEAU-301,SwiftBlink_Prime,20.8,True,3.99
2026-07-28,BEAU-301,ApexMarket_Direct,21.41,True,3.99
2026-07-29,BEAU-301,MegaRetail_HQ,22.1,True,3.99
2026-07-29,BEAU-301,SwiftBlink_Prime,23.85,True,3.99
2026-07-29,BEAU-301,ApexMarket_Direct,21.45,True,3.99
2026-07-30,BEAU-301,MegaRetail_HQ,21.8,True,3.99
2026-07-30,BEAU-301,SwiftBlink_Prime,23.79,True,3.99
2026-07-30,BEAU-301,ApexMarket_Direct,21.91,True,3.99
2026-07-31,BEAU-301,MegaRetail_HQ,20.97,True,3.99
2026-07-31,BEAU-301,SwiftBlink_Prime,22.45,True,3.99
2026-07-31,BEAU-301,ApexMarket_Direct,22.32,True,3.99
2026-08-01,BEAU-301,MegaRetail_HQ,20.41,True,3.99
2026-08-01,BEAU-301,SwiftBlink_Prime,22.51,True,3.99
2026-08-01,BEAU-301,ApexMarket_Direct,20.86,True,3.99
2026-08-02,BEAU-301,MegaRetail_HQ,21.03,True,3.99
2026-08-02,BEAU-301,SwiftBlink_Prime,21.44,True,3.99
2026-08-02,BEAU-301,ApexMarket_Direct,20.83,True,3.99
2026-08-03,BEAU-301,MegaRetail_HQ,20.01,True,3.99
2026-08-03,BEAU-301,SwiftBlink_Prime,21.85,True,3.99
2026-08-03,BEAU-301,ApexMarket_Direct,20.75,True,3.99
2026-08-04,BEAU-301,MegaRetail_HQ,21.82,True,3.99
2026-08-04,BEAU-301,SwiftBlink_Prime,20.95,True,3.99
2026-08-04,BEAU-301,ApexMarket_Direct,23.04,True,3.99
2026-08-05,BEAU-301,MegaRetail_HQ,21.6,True,3.99
2026-08-05,BEAU-301,SwiftBlink_Prime,20.83,True,3.99
2026-08-05,BEAU-301,ApexMarket_Direct,22.49,True,3.99
2026-08-06,BEAU-301,MegaRetail_HQ,22.06,True,3.99
2026-08-06,BEAU-301,SwiftBlink_Prime,19.65,True,3.99
2026-08-06,BEAU-301,ApexMarket_Direct,22.75,True,3.99
2026-08-07,BEAU-301,MegaRetail_HQ,22.67,True,3.99
2026-08-07,BEAU-301,SwiftBlink_Prime,20.19,True,3.99
2026-08-07,BEAU-301,ApexMarket_Direct,23.89,False,3.99
2026-08-08,BEAU-301,MegaRetail_HQ,21.07,True,3.99
2026-08-08,BEAU-301,SwiftBlink_Prime,19.49,True,3.99
2026-08-08,BEAU-301,ApexMarket_Direct,22.03,True,3.99
2026-08-09,BEAU-301,MegaRetail_HQ,17.99,True,3.99
2026-08-09,BEAU-301,SwiftBlink_Prime,19.94,True,3.99
2026-08-09,BEAU-301,ApexMarket_Direct,24.31,True,3.99
2026-08-10,BEAU-301,MegaRetail_HQ,20.99,True,3.99
2026-08-10,BEAU-301,SwiftBlink_Prime,20.6,True,3.99
2026-08-10,BEAU-301,ApexMarket_Direct,23.95,True,3.99
2026-08-11,BEAU-301,MegaRetail_HQ,22.1,True,3.99
2026-08-11,BEAU-301,SwiftBlink_Prime,21.05,True,3.99
2026-08-11,BEAU-301,ApexMarket_Direct,22.22,True,3.99
2026-08-12,BEAU-301,MegaRetail_HQ,22.07,True,3.99
2026-08-12,BEAU-301,SwiftBlink_Prime,22.1,True,3.99
2026-08-12,BEAU-301,ApexMarket_Direct,23.33,True,3.99
2026-08-13,BEAU-301,MegaRetail_HQ,20.53,True,3.99
2026-08-13,BEAU-301,SwiftBlink_Prime,22.71,True,3.99
2026-08-13,BEAU-301,ApexMarket_Direct,22.72,True,3.99
2026-08-14,BEAU-301,MegaRetail_HQ,20.72,True,3.99
2026-08-14,BEAU-301,SwiftBlink_Prime,22.78,True,3.99
2026-08-14,BEAU-301,ApexMarket_Direct,22.95,True,3.99
2026-08-15,BEAU-301,MegaRetail_HQ,22.34,True,3.99
2026-08-15,BEAU-301,SwiftBlink_Prime,22.16,True,3.99
2026-08-15,BEAU-301,ApexMarket_Direct,21.74,True,3.99
2026-08-16,BEAU-301,MegaRetail_HQ,22.9,True,3.99
2026-08-16,BEAU-301,SwiftBlink_Prime,19.05,True,3.99
2026-08-16,BEAU-301,ApexMarket_Direct,21.64,True,3.99
2026-08-17,BEAU-301,MegaRetail_HQ,22.07,True,3.99
2026-08-17,BEAU-301,SwiftBlink_Prime,22.09,True,3.99
2026-08-17,BEAU-301,ApexMarket_Direct,18.78,True,3.99
2026-08-18,BEAU-301,MegaRetail_HQ,20.74,True,3.99
2026-08-18,BEAU-301,SwiftBlink_Prime,22.72,True,3.99
2026-08-18,BEAU-301,ApexMarket_Direct,21.85,True,3.99
2026-08-19,BEAU-301,MegaRetail_HQ,20.44,False,3.99
2026-08-19,BEAU-301,SwiftBlink_Prime,22.37,False,3.99
2026-08-19,BEAU-301,ApexMarket_Direct,22.19,True,3.99
2026-08-20,BEAU-301,MegaRetail_HQ,20.15,True,3.99
2026-08-20,BEAU-301,SwiftBlink_Prime,21.51,True,3.99
2026-08-20,BEAU-301,ApexMarket_Direct,21.07,True,3.99
2026-08-21,BEAU-301,MegaRetail_HQ,20.37,True,3.99
2026-08-21,BEAU-301,SwiftBlink_Prime,21.3,True,3.99
2026-08-21,BEAU-301,ApexMarket_Direct,22.22,True,3.99
2026-08-22,BEAU-301,MegaRetail_HQ,19.53,False,3.99
2026-08-22,BEAU-301,SwiftBlink_Prime,17.99,True,3.99
2026-08-22,BEAU-301,ApexMarket_Direct,21.92,True,3.99
2026-08-23,BEAU-301,MegaRetail_HQ,19.6,True,3.99
2026-08-23,BEAU-301,SwiftBlink_Prime,21.17,True,3.99
2026-08-23,BEAU-301,ApexMarket_Direct,21.64,True,3.99
2026-08-24,BEAU-301,MegaRetail_HQ,19.48,True,3.99
2026-08-24,BEAU-301,SwiftBlink_Prime,22.32,True,3.99
2026-08-24,BEAU-301,ApexMarket_Direct,17.99,True,3.99
2026-08-25,BEAU-301,MegaRetail_HQ,19.44,True,3.99
2026-08-25,BEAU-301,SwiftBlink_Prime,22.64,True,3.99
2026-08-25,BEAU-301,ApexMarket_Direct,19.79,True,3.99
2026-08-26,BEAU-301,MegaRetail_HQ,18.94,True,3.99
2026-08-26,BEAU-301,SwiftBlink_Prime,21.67,True,3.99
2026-08-26,BEAU-301,ApexMarket_Direct,21.42,True,3.99
2026-08-27,BEAU-301,MegaRetail_HQ,17.98,True,3.99
2026-08-27,BEAU-301,SwiftBlink_Prime,21.63,True,3.99
2026-08-27,BEAU-301,ApexMarket_Direct,21.5,True,3.99
2026-08-28,BEAU-301,MegaRetail_HQ,17.68,True,3.99
2026-08-28,BEAU-301,SwiftBlink_Prime,22.65,True,3.99
2026-08-28,BEAU-301,ApexMarket_Direct,22.81,True,3.99
2026-08-29,BEAU-301,MegaRetail_HQ,18.5,True,3.99
2026-08-29,BEAU-301,SwiftBlink_Prime,23.45,True,3.99
2026-08-29,BEAU-301,ApexMarket_Direct,19.37,True,3.99
2026-08-30,BEAU-301,MegaRetail_HQ,19.9,True,3.99
2026-08-30,BEAU-301,SwiftBlink_Prime,22.76,True,3.99
2026-08-30,BEAU-301,ApexMarket_Direct,22.55,True,3.99
2026-08-31,BEAU-301,MegaRetail_HQ,21.52,False,3.99
2026-08-31,BEAU-301,SwiftBlink_Prime,22.17,True,3.99
2026-08-31,BEAU-301,ApexMarket_Direct,22.96,True,3.99
2026-09-01,BEAU-301,MegaRetail_HQ,22.02,True,3.99
2026-09-01,BEAU-301,SwiftBlink_Prime,21.15,True,3.99
2026-09-01,BEAU-301,ApexMarket_Direct,22.25,True,3.99
2026-09-02,BEAU-301,MegaRetail_HQ,21.89,True,3.99
2026-09-02,BEAU-301,SwiftBlink_Prime,21.76,True,3.99
2026-09-02,BEAU-301,ApexMarket_Direct,22.71,True,3.99
2026-09-03,BEAU-301,MegaRetail_HQ,21.32,True,3.99
2026-09-03,BEAU-301,SwiftBlink_Prime,21.86,True,3.99
2026-09-03,BEAU-301,ApexMarket_Direct,23.17,True,3.99
2026-09-04,BEAU-301,MegaRetail_HQ,18.49,True,3.99
2026-09-04,BEAU-301,SwiftBlink_Prime,21.41,False,3.99
2026-09-04,BEAU-301,ApexMarket_Direct,22.75,True,3.99
2026-09-05,BEAU-301,MegaRetail_HQ,21.47,True,3.99
2026-09-05,BEAU-301,SwiftBlink_Prime,21.54,True,3.99
2026-09-05,BEAU-301,ApexMarket_Direct,22.42,True,3.99
2026-09-06,BEAU-301,MegaRetail_HQ,17.95,False,3.99
2026-09-06,BEAU-301,SwiftBlink_Prime,22.67,True,3.99
2026-09-06,BEAU-301,ApexMarket_Direct,23.44,True,3.99
2026-09-07,BEAU-301,MegaRetail_HQ,21.89,True,3.99
2026-09-07,BEAU-301,SwiftBlink_Prime,22.48,True,3.99
2026-09-07,BEAU-301,ApexMarket_Direct,23.23,True,3.99
2026-09-08,BEAU-301,MegaRetail_HQ,19.47,True,3.99
2026-09-08,BEAU-301,SwiftBlink_Prime,22.56,True,3.99
2026-09-08,BEAU-301,ApexMarket_Direct,23.86,False,3.99
2026-09-09,BEAU-301,MegaRetail_HQ,21.74,True,3.99
2026-09-09,BEAU-301,SwiftBlink_Prime,21.77,True,3.99
2026-09-09,BEAU-301,ApexMarket_Direct,23.44,True,3.99
2026-09-10,BEAU-301,MegaRetail_HQ,22.41,True,3.99
2026-09-10,BEAU-301,SwiftBlink_Prime,21.59,True,3.99
2026-09-10,BEAU-301,ApexMarket_Direct,23.55,True,3.99
2026-09-11,BEAU-301,MegaRetail_HQ,21.82,True,3.99
2026-09-11,BEAU-301,SwiftBlink_Prime,23.32,True,3.99
2026-09-11,BEAU-301,ApexMarket_Direct,23.06,True,3.99
2026-09-12,BEAU-301,MegaRetail_HQ,24.23,True,3.99
2026-09-12,BEAU-301,SwiftBlink_Prime,23.89,True,3.99
2026-09-12,BEAU-301,ApexMarket_Direct,23.47,True,3.99
2026-09-13,BEAU-301,MegaRetail_HQ,24.27,True,3.99
2026-09-13,BEAU-301,SwiftBlink_Prime,24.43,True,3.99
2026-09-13,BEAU-301,ApexMarket_Direct,23.4,True,3.99
2026-09-14,BEAU-301,MegaRetail_HQ,24.39,True,3.99
2026-09-14,BEAU-301,SwiftBlink_Prime,23.77,True,3.99
2026-09-14,BEAU-301,ApexMarket_Direct,24.48,True,3.99
2026-09-15,BEAU-301,MegaRetail_HQ,24.52,True,3.99
2026-09-15,BEAU-301,SwiftBlink_Prime,23.72,True,3.99
2026-09-15,BEAU-301,ApexMarket_Direct,23.54,True,3.99
2026-09-16,BEAU-301,MegaRetail_HQ,20.74,True,3.99
2026-09-16,BEAU-301,SwiftBlink_Prime,24.81,True,3.99
2026-09-16,BEAU-301,ApexMarket_Direct,23.8,True,3.99
2026-09-17,BEAU-301,MegaRetail_HQ,23.34,True,3.99
2026-09-17,BEAU-301,SwiftBlink_Prime,24.75,True,3.99
2026-09-17,BEAU-301,ApexMarket_Direct,22.83,True,3.99
2026-09-18,BEAU-301,MegaRetail_HQ,22.58,True,3.99
2026-09-18,BEAU-301,SwiftBlink_Prime,21.14,True,3.99
2026-09-18,BEAU-301,ApexMarket_Direct,21.82,True,3.99
2026-06-21,BEAU-302,MegaRetail_HQ,16.48,True,3.99
2026-06-21,BEAU-302,SwiftBlink_Prime,17.2,True,3.99
2026-06-21,BEAU-302,ApexMarket_Direct,17.03,True,3.99
2026-06-22,BEAU-302,MegaRetail_HQ,16.66,True,3.99
2026-06-22,BEAU-302,SwiftBlink_Prime,17.73,True,3.99
2026-06-22,BEAU-302,ApexMarket_Direct,17.27,True,3.99
2026-06-23,BEAU-302,MegaRetail_HQ,16.81,True,3.99
2026-06-23,BEAU-302,SwiftBlink_Prime,17.54,True,3.99
2026-06-23,BEAU-302,ApexMarket_Direct,17.72,True,3.99
2026-06-24,BEAU-302,MegaRetail_HQ,15.39,True,3.99
2026-06-24,BEAU-302,SwiftBlink_Prime,17.32,True,3.99
2026-06-24,BEAU-302,ApexMarket_Direct,17.45,True,3.99
2026-06-25,BEAU-302,MegaRetail_HQ,17.17,True,3.99
2026-06-25,BEAU-302,SwiftBlink_Prime,16.27,True,3.99
2026-06-25,BEAU-302,ApexMarket_Direct,14.52,False,3.99
2026-06-26,BEAU-302,MegaRetail_HQ,17.4,True,3.99
2026-06-26,BEAU-302,SwiftBlink_Prime,13.53,True,3.99
2026-06-26,BEAU-302,ApexMarket_Direct,16.34,True,3.99
2026-06-27,BEAU-302,MegaRetail_HQ,16.47,True,3.99
2026-06-27,BEAU-302,SwiftBlink_Prime,16.5,True,3.99
2026-06-27,BEAU-302,ApexMarket_Direct,16.85,True,3.99
2026-06-28,BEAU-302,MegaRetail_HQ,16.37,True,3.99
2026-06-28,BEAU-302,SwiftBlink_Prime,16.63,True,3.99
2026-06-28,BEAU-302,ApexMarket_Direct,17.53,False,3.99
2026-06-29,BEAU-302,MegaRetail_HQ,16.47,True,3.99
2026-06-29,BEAU-302,SwiftBlink_Prime,17.12,True,3.99
2026-06-29,BEAU-302,ApexMarket_Direct,16.76,True,3.99
2026-06-30,BEAU-302,MegaRetail_HQ,17.15,True,3.99
2026-06-30,BEAU-302,SwiftBlink_Prime,16.75,True,3.99
2026-06-30,BEAU-302,ApexMarket_Direct,17.3,True,3.99
2026-07-01,BEAU-302,MegaRetail_HQ,15.77,True,3.99
2026-07-01,BEAU-302,SwiftBlink_Prime,16.81,True,3.99
2026-07-01,BEAU-302,ApexMarket_Direct,17.62,True,3.99
2026-07-02,BEAU-302,MegaRetail_HQ,18.41,True,3.99
2026-07-02,BEAU-302,SwiftBlink_Prime,16.7,True,3.99
2026-07-02,BEAU-302,ApexMarket_Direct,17.1,True,3.99
2026-07-03,BEAU-302,MegaRetail_HQ,17.94,True,3.99
2026-07-03,BEAU-302,SwiftBlink_Prime,17.04,True,3.99
2026-07-03,BEAU-302,ApexMarket_Direct,16.31,True,3.99
2026-07-04,BEAU-302,MegaRetail_HQ,18.67,True,3.99
2026-07-04,BEAU-302,SwiftBlink_Prime,16.64,True,3.99
2026-07-04,BEAU-302,ApexMarket_Direct,13.4,True,3.99
2026-07-05,BEAU-302,MegaRetail_HQ,16.23,True,3.99
2026-07-05,BEAU-302,SwiftBlink_Prime,17.48,True,3.99
2026-07-05,BEAU-302,ApexMarket_Direct,16.11,True,3.99
2026-07-06,BEAU-302,MegaRetail_HQ,18.74,True,3.99
2026-07-06,BEAU-302,SwiftBlink_Prime,17.24,True,3.99
2026-07-06,BEAU-302,ApexMarket_Direct,16.08,True,3.99
2026-07-07,BEAU-302,MegaRetail_HQ,18.46,True,3.99
2026-07-07,BEAU-302,SwiftBlink_Prime,17.58,True,3.99
2026-07-07,BEAU-302,ApexMarket_Direct,16.26,True,3.99
2026-07-08,BEAU-302,MegaRetail_HQ,18.28,True,3.99
2026-07-08,BEAU-302,SwiftBlink_Prime,17.87,True,3.99
2026-07-08,BEAU-302,ApexMarket_Direct,13.42,True,3.99
2026-07-09,BEAU-302,MegaRetail_HQ,15.06,True,3.99
2026-07-09,BEAU-302,SwiftBlink_Prime,17.44,True,3.99
2026-07-09,BEAU-302,ApexMarket_Direct,16.09,True,3.99
2026-07-10,BEAU-302,MegaRetail_HQ,17.15,True,3.99
2026-07-10,BEAU-302,SwiftBlink_Prime,17.91,True,3.99
2026-07-10,BEAU-302,ApexMarket_Direct,17.42,True,3.99
2026-07-11,BEAU-302,MegaRetail_HQ,14.25,False,3.99
2026-07-11,BEAU-302,SwiftBlink_Prime,18.3,True,3.99
2026-07-11,BEAU-302,ApexMarket_Direct,16.71,True,3.99
2026-07-12,BEAU-302,MegaRetail_HQ,14.19,False,3.99
2026-07-12,BEAU-302,SwiftBlink_Prime,17.58,True,3.99
2026-07-12,BEAU-302,ApexMarket_Direct,17.17,True,3.99
2026-07-13,BEAU-302,MegaRetail_HQ,16.56,True,3.99
2026-07-13,BEAU-302,SwiftBlink_Prime,17.43,False,3.99
2026-07-13,BEAU-302,ApexMarket_Direct,17.22,True,3.99
2026-07-14,BEAU-302,MegaRetail_HQ,14.79,True,3.99
2026-07-14,BEAU-302,SwiftBlink_Prime,16.97,True,3.99
2026-07-14,BEAU-302,ApexMarket_Direct,17.78,True,3.99
2026-07-15,BEAU-302,MegaRetail_HQ,16.6,True,3.99
2026-07-15,BEAU-302,SwiftBlink_Prime,16.99,True,3.99
2026-07-15,BEAU-302,ApexMarket_Direct,18.59,True,3.99
2026-07-16,BEAU-302,MegaRetail_HQ,16.06,True,3.99
2026-07-16,BEAU-302,SwiftBlink_Prime,16.36,True,3.99
2026-07-16,BEAU-302,ApexMarket_Direct,18.36,True,3.99
2026-07-17,BEAU-302,MegaRetail_HQ,16.79,True,3.99
2026-07-17,BEAU-302,SwiftBlink_Prime,15.36,True,3.99
2026-07-17,BEAU-302,ApexMarket_Direct,18.08,True,3.99
2026-07-18,BEAU-302,MegaRetail_HQ,14.14,True,3.99
2026-07-18,BEAU-302,SwiftBlink_Prime,14.87,True,3.99
2026-07-18,BEAU-302,ApexMarket_Direct,18.57,True,3.99
2026-07-19,BEAU-302,MegaRetail_HQ,16.37,True,3.99
2026-07-19,BEAU-302,SwiftBlink_Prime,15.56,True,3.99
2026-07-19,BEAU-302,ApexMarket_Direct,18.56,True,3.99
2026-07-20,BEAU-302,MegaRetail_HQ,16.51,True,3.99
2026-07-20,BEAU-302,SwiftBlink_Prime,14.98,True,3.99
2026-07-20,BEAU-302,ApexMarket_Direct,18.4,True,3.99
2026-07-21,BEAU-302,MegaRetail_HQ,15.8,True,3.99
2026-07-21,BEAU-302,SwiftBlink_Prime,16.09,True,3.99
2026-07-21,BEAU-302,ApexMarket_Direct,17.88,True,3.99
2026-07-22,BEAU-302,MegaRetail_HQ,15.9,True,3.99
2026-07-22,BEAU-302,SwiftBlink_Prime,16.45,True,3.99
2026-07-22,BEAU-302,ApexMarket_Direct,17.3,True,3.99
2026-07-23,BEAU-302,MegaRetail_HQ,15.39,False,3.99
2026-07-23,BEAU-302,SwiftBlink_Prime,16.7,True,3.99
2026-07-23,BEAU-302,ApexMarket_Direct,17.12,True,3.99
2026-07-24,BEAU-302,MegaRetail_HQ,16.44,True,3.99
2026-07-24,BEAU-302,SwiftBlink_Prime,17.19,True,3.99
2026-07-24,BEAU-302,ApexMarket_Direct,17.59,True,3.99
2026-07-25,BEAU-302,MegaRetail_HQ,17.52,True,3.99
2026-07-25,BEAU-302,SwiftBlink_Prime,17.83,True,3.99
2026-07-25,BEAU-302,ApexMarket_Direct,17.43,True,3.99
2026-07-26,BEAU-302,MegaRetail_HQ,16.91,True,3.99
2026-07-26,BEAU-302,SwiftBlink_Prime,17.7,True,3.99
2026-07-26,BEAU-302,ApexMarket_Direct,17.86,True,3.99
2026-07-27,BEAU-302,MegaRetail_HQ,15.96,True,3.99
2026-07-27,BEAU-302,SwiftBlink_Prime,16.68,True,3.99
2026-07-27,BEAU-302,ApexMarket_Direct,16.92,True,3.99
2026-07-28,BEAU-302,MegaRetail_HQ,15.83,True,3.99
2026-07-28,BEAU-302,SwiftBlink_Prime,16.17,True,3.99
2026-07-28,BEAU-302,ApexMarket_Direct,15.39,False,3.99
2026-07-29,BEAU-302,MegaRetail_HQ,16.81,True,3.99
2026-07-29,BEAU-302,SwiftBlink_Prime,16.09,True,3.99
2026-07-29,BEAU-302,ApexMarket_Direct,18.0,True,3.99
2026-07-30,BEAU-302,MegaRetail_HQ,17.34,True,3.99
2026-07-30,BEAU-302,SwiftBlink_Prime,16.29,True,3.99
2026-07-30,BEAU-302,ApexMarket_Direct,17.61,True,3.99
2026-07-31,BEAU-302,MegaRetail_HQ,16.45,False,3.99
2026-07-31,BEAU-302,SwiftBlink_Prime,16.4,True,3.99
2026-07-31,BEAU-302,ApexMarket_Direct,16.91,True,3.99
2026-08-01,BEAU-302,MegaRetail_HQ,16.77,True,3.99
2026-08-01,BEAU-302,SwiftBlink_Prime,16.89,True,3.99
2026-08-01,BEAU-302,ApexMarket_Direct,16.06,True,3.99
2026-08-02,BEAU-302,MegaRetail_HQ,17.29,True,3.99
2026-08-02,BEAU-302,SwiftBlink_Prime,17.33,True,3.99
2026-08-02,BEAU-302,ApexMarket_Direct,15.88,True,3.99
2026-08-03,BEAU-302,MegaRetail_HQ,17.15,True,3.99
2026-08-03,BEAU-302,SwiftBlink_Prime,16.01,True,3.99
2026-08-03,BEAU-302,ApexMarket_Direct,15.93,True,3.99
2026-08-04,BEAU-302,MegaRetail_HQ,17.15,True,3.99
2026-08-04,BEAU-302,SwiftBlink_Prime,15.77,True,3.99
2026-08-04,BEAU-302,ApexMarket_Direct,16.27,True,3.99
2026-08-05,BEAU-302,MegaRetail_HQ,17.81,True,3.99
2026-08-05,BEAU-302,SwiftBlink_Prime,16.43,False,3.99
2026-08-05,BEAU-302,ApexMarket_Direct,16.07,True,3.99
2026-08-06,BEAU-302,MegaRetail_HQ,18.01,True,3.99
2026-08-06,BEAU-302,SwiftBlink_Prime,15.65,True,3.99
2026-08-06,BEAU-302,ApexMarket_Direct,16.72,True,3.99
2026-08-07,BEAU-302,MegaRetail_HQ,19.2,False,3.99
2026-08-07,BEAU-302,SwiftBlink_Prime,16.0,True,3.99
2026-08-07,BEAU-302,ApexMarket_Direct,16.56,True,3.99
2026-08-08,BEAU-302,MegaRetail_HQ,18.18,True,3.99
2026-08-08,BEAU-302,SwiftBlink_Prime,15.64,True,3.99
2026-08-08,BEAU-302,ApexMarket_Direct,16.46,True,3.99
2026-08-09,BEAU-302,MegaRetail_HQ,17.92,True,3.99
2026-08-09,BEAU-302,SwiftBlink_Prime,16.0,True,3.99
2026-08-09,BEAU-302,ApexMarket_Direct,16.23,True,3.99
2026-08-10,BEAU-302,MegaRetail_HQ,18.27,True,3.99
2026-08-10,BEAU-302,SwiftBlink_Prime,16.64,False,3.99
2026-08-10,BEAU-302,ApexMarket_Direct,16.6,True,3.99
2026-08-11,BEAU-302,MegaRetail_HQ,18.03,True,3.99
2026-08-11,BEAU-302,SwiftBlink_Prime,16.14,True,3.99
2026-08-11,BEAU-302,ApexMarket_Direct,16.45,True,3.99
2026-08-12,BEAU-302,MegaRetail_HQ,15.11,False,3.99
2026-08-12,BEAU-302,SwiftBlink_Prime,15.65,True,3.99
2026-08-12,BEAU-302,ApexMarket_Direct,16.56,True,3.99
2026-08-13,BEAU-302,MegaRetail_HQ,18.13,True,3.99
2026-08-13,BEAU-302,SwiftBlink_Prime,16.37,True,3.99
2026-08-13,BEAU-302,ApexMarket_Direct,13.87,True,3.99
2026-08-14,BEAU-302,MegaRetail_HQ,18.32,True,3.99
2026-08-14,BEAU-302,SwiftBlink_Prime,17.2,True,3.99
2026-08-14,BEAU-302,ApexMarket_Direct,16.26,True,3.99
2026-08-15,BEAU-302,MegaRetail_HQ,18.35,True,3.99
2026-08-15,BEAU-302,SwiftBlink_Prime,17.67,True,3.99
2026-08-15,BEAU-302,ApexMarket_Direct,15.99,True,3.99
2026-08-16,BEAU-302,MegaRetail_HQ,17.97,True,3.99
2026-08-16,BEAU-302,SwiftBlink_Prime,17.46,True,3.99
2026-08-16,BEAU-302,ApexMarket_Direct,15.41,True,3.99
2026-08-17,BEAU-302,MegaRetail_HQ,16.83,True,3.99
2026-08-17,BEAU-302,SwiftBlink_Prime,17.89,True,3.99
2026-08-17,BEAU-302,ApexMarket_Direct,15.23,True,3.99
2026-08-18,BEAU-302,MegaRetail_HQ,16.87,True,3.99
2026-08-18,BEAU-302,SwiftBlink_Prime,17.66,True,3.99
2026-08-18,BEAU-302,ApexMarket_Direct,16.11,True,3.99
2026-08-19,BEAU-302,MegaRetail_HQ,17.45,True,3.99
2026-08-19,BEAU-302,SwiftBlink_Prime,17.92,True,3.99
2026-08-19,BEAU-302,ApexMarket_Direct,17.43,True,3.99
2026-08-20,BEAU-302,MegaRetail_HQ,17.33,True,3.99
2026-08-20,BEAU-302,SwiftBlink_Prime,18.41,True,3.99
2026-08-20,BEAU-302,ApexMarket_Direct,17.36,True,3.99
2026-08-21,BEAU-302,MegaRetail_HQ,17.03,True,3.99
2026-08-21,BEAU-302,SwiftBlink_Prime,17.48,True,3.99
2026-08-21,BEAU-302,ApexMarket_Direct,17.04,True,3.99
2026-08-22,BEAU-302,MegaRetail_HQ,17.08,True,3.99
2026-08-22,BEAU-302,SwiftBlink_Prime,18.08,True,3.99
2026-08-22,BEAU-302,ApexMarket_Direct,13.89,True,3.99
2026-08-23,BEAU-302,MegaRetail_HQ,17.01,True,3.99
2026-08-23,BEAU-302,SwiftBlink_Prime,17.96,True,3.99
2026-08-23,BEAU-302,ApexMarket_Direct,16.79,True,3.99
2026-08-24,BEAU-302,MegaRetail_HQ,16.98,True,3.99
2026-08-24,BEAU-302,SwiftBlink_Prime,17.34,True,3.99
2026-08-24,BEAU-302,ApexMarket_Direct,16.76,True,3.99
2026-08-25,BEAU-302,MegaRetail_HQ,14.45,True,3.99
2026-08-25,BEAU-302,SwiftBlink_Prime,17.33,True,3.99
2026-08-25,BEAU-302,ApexMarket_Direct,16.57,True,3.99
2026-08-26,BEAU-302,MegaRetail_HQ,14.14,True,3.99
2026-08-26,BEAU-302,SwiftBlink_Prime,18.7,True,3.99
2026-08-26,BEAU-302,ApexMarket_Direct,16.1,True,3.99
2026-08-27,BEAU-302,MegaRetail_HQ,15.63,True,3.99
2026-08-27,BEAU-302,SwiftBlink_Prime,15.57,True,3.99
2026-08-27,BEAU-302,ApexMarket_Direct,17.33,True,3.99
2026-08-28,BEAU-302,MegaRetail_HQ,15.07,True,3.99
2026-08-28,BEAU-302,SwiftBlink_Prime,18.58,True,3.99
2026-08-28,BEAU-302,ApexMarket_Direct,17.54,True,3.99
2026-08-29,BEAU-302,MegaRetail_HQ,12.27,True,3.99
2026-08-29,BEAU-302,SwiftBlink_Prime,18.94,True,3.99
2026-08-29,BEAU-302,ApexMarket_Direct,16.45,True,3.99
2026-08-30,BEAU-302,MegaRetail_HQ,14.59,True,3.99
2026-08-30,BEAU-302,SwiftBlink_Prime,18.81,True,3.99
2026-08-30,BEAU-302,ApexMarket_Direct,13.76,False,3.99
2026-08-31,BEAU-302,MegaRetail_HQ,16.02,True,3.99
2026-08-31,BEAU-302,SwiftBlink_Prime,17.83,True,3.99
2026-08-31,BEAU-302,ApexMarket_Direct,16.32,True,3.99
2026-09-01,BEAU-302,MegaRetail_HQ,15.48,True,3.99
2026-09-01,BEAU-302,SwiftBlink_Prime,17.44,True,3.99
2026-09-01,BEAU-302,ApexMarket_Direct,16.36,True,3.99
2026-09-02,BEAU-302,MegaRetail_HQ,15.69,True,3.99
2026-09-02,BEAU-302,SwiftBlink_Prime,16.65,True,3.99
2026-09-02,BEAU-302,ApexMarket_Direct,16.88,True,3.99
2026-09-03,BEAU-302,MegaRetail_HQ,15.88,True,3.99
2026-09-03,BEAU-302,SwiftBlink_Prime,15.89,True,3.99
2026-09-03,BEAU-302,ApexMarket_Direct,16.56,True,3.99
2026-09-04,BEAU-302,MegaRetail_HQ,16.11,True,3.99
2026-09-04,BEAU-302,SwiftBlink_Prime,15.4,True,3.99
2026-09-04,BEAU-302,ApexMarket_Direct,17.07,True,3.99
2026-09-05,BEAU-302,MegaRetail_HQ,15.83,True,3.99
2026-09-05,BEAU-302,SwiftBlink_Prime,13.13,True,3.99
2026-09-05,BEAU-302,ApexMarket_Direct,17.32,True,3.99
2026-09-06,BEAU-302,MegaRetail_HQ,16.76,True,3.99
2026-09-06,BEAU-302,SwiftBlink_Prime,15.15,True,3.99
2026-09-06,BEAU-302,ApexMarket_Direct,17.19,True,3.99
2026-09-07,BEAU-302,MegaRetail_HQ,17.07,True,3.99
2026-09-07,BEAU-302,SwiftBlink_Prime,15.09,True,3.99
2026-09-07,BEAU-302,ApexMarket_Direct,16.97,True,3.99
2026-09-08,BEAU-302,MegaRetail_HQ,17.31,True,3.99
2026-09-08,BEAU-302,SwiftBlink_Prime,15.3,True,3.99
2026-09-08,BEAU-302,ApexMarket_Direct,16.85,True,3.99
2026-09-09,BEAU-302,MegaRetail_HQ,16.42,True,3.99
2026-09-09,BEAU-302,SwiftBlink_Prime,15.85,True,3.99
2026-09-09,BEAU-302,ApexMarket_Direct,16.43,True,3.99
2026-09-10,BEAU-302,MegaRetail_HQ,16.4,True,3.99
2026-09-10,BEAU-302,SwiftBlink_Prime,15.5,True,3.99
2026-09-10,BEAU-302,ApexMarket_Direct,15.33,True,3.99
2026-09-11,BEAU-302,MegaRetail_HQ,16.41,True,3.99
2026-09-11,BEAU-302,SwiftBlink_Prime,15.4,True,3.99
2026-09-11,BEAU-302,ApexMarket_Direct,16.51,True,3.99
2026-09-12,BEAU-302,MegaRetail_HQ,13.99,True,3.99
2026-09-12,BEAU-302,SwiftBlink_Prime,16.36,True,3.99
2026-09-12,BEAU-302,ApexMarket_Direct,17.07,False,3.99
2026-09-13,BEAU-302,MegaRetail_HQ,16.14,True,3.99
2026-09-13,BEAU-302,SwiftBlink_Prime,16.23,True,3.99
2026-09-13,BEAU-302,ApexMarket_Direct,16.75,True,3.99
2026-09-14,BEAU-302,MegaRetail_HQ,16.73,True,3.99
2026-09-14,BEAU-302,SwiftBlink_Prime,16.18,True,3.99
2026-09-14,BEAU-302,ApexMarket_Direct,15.95,False,3.99
2026-09-15,BEAU-302,MegaRetail_HQ,16.13,True,3.99
2026-09-15,BEAU-302,SwiftBlink_Prime,15.7,True,3.99
2026-09-15,BEAU-302,ApexMarket_Direct,16.61,True,3.99
2026-09-16,BEAU-302,MegaRetail_HQ,16.06,True,3.99
2026-09-16,BEAU-302,SwiftBlink_Prime,15.25,True,3.99
2026-09-16,BEAU-302,ApexMarket_Direct,16.58,True,3.99
2026-09-17,BEAU-302,MegaRetail_HQ,16.61,False,3.99
2026-09-17,BEAU-302,SwiftBlink_Prime,15.08,True,3.99
2026-09-17,BEAU-302,ApexMarket_Direct,16.4,True,3.99
2026-09-18,BEAU-302,MegaRetail_HQ,16.69,True,3.99
2026-09-18,BEAU-302,SwiftBlink_Prime,15.21,True,3.99
2026-09-18,BEAU-302,ApexMarket_Direct,16.55,True,3.99
2026-06-21,BEAU-303,MegaRetail_HQ,16.92,True,3.99
2026-06-21,BEAU-303,SwiftBlink_Prime,20.13,True,3.99
2026-06-21,BEAU-303,ApexMarket_Direct,19.09,True,3.99
2026-06-22,BEAU-303,MegaRetail_HQ,20.34,True,3.99
2026-06-22,BEAU-303,SwiftBlink_Prime,21.61,True,3.99
2026-06-22,BEAU-303,ApexMarket_Direct,19.09,True,3.99
2026-06-23,BEAU-303,MegaRetail_HQ,21.08,True,3.99
2026-06-23,BEAU-303,SwiftBlink_Prime,21.43,True,3.99
2026-06-23,BEAU-303,ApexMarket_Direct,18.68,True,3.99
2026-06-24,BEAU-303,MegaRetail_HQ,20.3,True,3.99
2026-06-24,BEAU-303,SwiftBlink_Prime,21.44,True,3.99
2026-06-24,BEAU-303,ApexMarket_Direct,16.55,True,3.99
2026-06-25,BEAU-303,MegaRetail_HQ,20.04,True,3.99
2026-06-25,BEAU-303,SwiftBlink_Prime,21.96,True,3.99
2026-06-25,BEAU-303,ApexMarket_Direct,18.82,True,3.99
2026-06-26,BEAU-303,MegaRetail_HQ,20.67,True,3.99
2026-06-26,BEAU-303,SwiftBlink_Prime,21.51,True,3.99
2026-06-26,BEAU-303,ApexMarket_Direct,19.76,True,3.99
2026-06-27,BEAU-303,MegaRetail_HQ,21.42,True,3.99
2026-06-27,BEAU-303,SwiftBlink_Prime,20.66,False,3.99
2026-06-27,BEAU-303,ApexMarket_Direct,20.57,True,3.99
2026-06-28,BEAU-303,MegaRetail_HQ,19.58,True,3.99
2026-06-28,BEAU-303,SwiftBlink_Prime,20.76,True,3.99
2026-06-28,BEAU-303,ApexMarket_Direct,20.27,True,3.99
2026-06-29,BEAU-303,MegaRetail_HQ,20.13,True,3.99
2026-06-29,BEAU-303,SwiftBlink_Prime,21.32,False,3.99
2026-06-29,BEAU-303,ApexMarket_Direct,20.4,True,3.99
2026-06-30,BEAU-303,MegaRetail_HQ,20.12,True,3.99
2026-06-30,BEAU-303,SwiftBlink_Prime,20.64,True,3.99
2026-06-30,BEAU-303,ApexMarket_Direct,20.69,True,3.99
2026-07-01,BEAU-303,MegaRetail_HQ,20.85,True,3.99
2026-07-01,BEAU-303,SwiftBlink_Prime,20.83,True,3.99
2026-07-01,BEAU-303,ApexMarket_Direct,20.92,True,3.99
2026-07-02,BEAU-303,MegaRetail_HQ,20.4,True,3.99
2026-07-02,BEAU-303,SwiftBlink_Prime,17.35,True,3.99
2026-07-02,BEAU-303,ApexMarket_Direct,20.24,True,3.99
2026-07-03,BEAU-303,MegaRetail_HQ,21.06,True,3.99
2026-07-03,BEAU-303,SwiftBlink_Prime,19.42,True,3.99
2026-07-03,BEAU-303,ApexMarket_Direct,21.14,True,3.99
2026-07-04,BEAU-303,MegaRetail_HQ,21.27,True,3.99
2026-07-04,BEAU-303,SwiftBlink_Prime,16.8,True,3.99
2026-07-04,BEAU-303,ApexMarket_Direct,20.31,True,3.99
2026-07-05,BEAU-303,MegaRetail_HQ,21.47,True,3.99
2026-07-05,BEAU-303,SwiftBlink_Prime,19.37,True,3.99
2026-07-05,BEAU-303,ApexMarket_Direct,20.2,True,3.99
2026-07-06,BEAU-303,MegaRetail_HQ,22.25,True,3.99
2026-07-06,BEAU-303,SwiftBlink_Prime,19.32,True,3.99
2026-07-06,BEAU-303,ApexMarket_Direct,20.9,True,3.99
2026-07-07,BEAU-303,MegaRetail_HQ,21.71,True,3.99
2026-07-07,BEAU-303,SwiftBlink_Prime,19.84,True,3.99
2026-07-07,BEAU-303,ApexMarket_Direct,20.73,True,3.99
2026-07-08,BEAU-303,MegaRetail_HQ,21.8,True,3.99
2026-07-08,BEAU-303,SwiftBlink_Prime,20.17,True,3.99
2026-07-08,BEAU-303,ApexMarket_Direct,19.84,True,3.99
2026-07-09,BEAU-303,MegaRetail_HQ,21.51,True,3.99
2026-07-09,BEAU-303,SwiftBlink_Prime,17.49,True,3.99
2026-07-09,BEAU-303,ApexMarket_Direct,20.22,True,3.99
2026-07-10,BEAU-303,MegaRetail_HQ,21.91,True,3.99
2026-07-10,BEAU-303,SwiftBlink_Prime,20.77,True,3.99
2026-07-10,BEAU-303,ApexMarket_Direct,19.36,True,3.99
2026-07-11,BEAU-303,MegaRetail_HQ,21.04,True,3.99
2026-07-11,BEAU-303,SwiftBlink_Prime,20.48,True,3.99
2026-07-11,BEAU-303,ApexMarket_Direct,16.66,True,3.99
2026-07-12,BEAU-303,MegaRetail_HQ,21.84,True,3.99
2026-07-12,BEAU-303,SwiftBlink_Prime,20.47,True,3.99
2026-07-12,BEAU-303,ApexMarket_Direct,20.52,True,3.99
2026-07-13,BEAU-303,MegaRetail_HQ,21.72,True,3.99
2026-07-13,BEAU-303,SwiftBlink_Prime,20.27,True,3.99
2026-07-13,BEAU-303,ApexMarket_Direct,19.73,True,3.99
2026-07-14,BEAU-303,MegaRetail_HQ,20.36,True,3.99
2026-07-14,BEAU-303,SwiftBlink_Prime,21.02,True,3.99
2026-07-14,BEAU-303,ApexMarket_Direct,19.47,False,3.99
2026-07-15,BEAU-303,MegaRetail_HQ,21.35,True,3.99
2026-07-15,BEAU-303,SwiftBlink_Prime,21.16,True,3.99
2026-07-15,BEAU-303,ApexMarket_Direct,16.11,True,3.99
2026-07-16,BEAU-303,MegaRetail_HQ,21.41,True,3.99
2026-07-16,BEAU-303,SwiftBlink_Prime,20.98,True,3.99
2026-07-16,BEAU-303,ApexMarket_Direct,19.69,True,3.99
2026-07-17,BEAU-303,MegaRetail_HQ,20.72,True,3.99
2026-07-17,BEAU-303,SwiftBlink_Prime,21.38,True,3.99
2026-07-17,BEAU-303,ApexMarket_Direct,20.15,True,3.99
2026-07-18,BEAU-303,MegaRetail_HQ,18.1,True,3.99
2026-07-18,BEAU-303,SwiftBlink_Prime,21.08,True,3.99
2026-07-18,BEAU-303,ApexMarket_Direct,20.13,True,3.99
2026-07-19,BEAU-303,MegaRetail_HQ,21.52,True,3.99
2026-07-19,BEAU-303,SwiftBlink_Prime,19.58,True,3.99
2026-07-19,BEAU-303,ApexMarket_Direct,21.24,True,3.99
2026-07-20,BEAU-303,MegaRetail_HQ,20.74,True,3.99
2026-07-20,BEAU-303,SwiftBlink_Prime,18.36,True,3.99
2026-07-20,BEAU-303,ApexMarket_Direct,20.4,True,3.99
2026-07-21,BEAU-303,MegaRetail_HQ,20.87,True,3.99
2026-07-21,BEAU-303,SwiftBlink_Prime,18.74,True,3.99
2026-07-21,BEAU-303,ApexMarket_Direct,16.71,True,3.99
2026-07-22,BEAU-303,MegaRetail_HQ,17.26,True,3.99
2026-07-22,BEAU-303,SwiftBlink_Prime,18.72,True,3.99
2026-07-22,BEAU-303,ApexMarket_Direct,19.54,True,3.99
2026-07-23,BEAU-303,MegaRetail_HQ,20.34,True,3.99
2026-07-23,BEAU-303,SwiftBlink_Prime,18.72,True,3.99
2026-07-23,BEAU-303,ApexMarket_Direct,18.65,True,3.99
2026-07-24,BEAU-303,MegaRetail_HQ,19.34,True,3.99
2026-07-24,BEAU-303,SwiftBlink_Prime,18.56,True,3.99
2026-07-24,BEAU-303,ApexMarket_Direct,19.21,True,3.99
2026-07-25,BEAU-303,MegaRetail_HQ,19.24,True,3.99
2026-07-25,BEAU-303,SwiftBlink_Prime,19.15,True,3.99
2026-07-25,BEAU-303,ApexMarket_Direct,20.41,True,3.99
2026-07-26,BEAU-303,MegaRetail_HQ,19.56,True,3.99
2026-07-26,BEAU-303,SwiftBlink_Prime,18.87,True,3.99
2026-07-26,BEAU-303,ApexMarket_Direct,20.74,True,3.99
2026-07-27,BEAU-303,MegaRetail_HQ,19.06,True,3.99
2026-07-27,BEAU-303,SwiftBlink_Prime,19.32,True,3.99
2026-07-27,BEAU-303,ApexMarket_Direct,20.56,True,3.99
2026-07-28,BEAU-303,MegaRetail_HQ,19.7,True,3.99
2026-07-28,BEAU-303,SwiftBlink_Prime,19.04,True,3.99
2026-07-28,BEAU-303,ApexMarket_Direct,20.99,True,3.99
2026-07-29,BEAU-303,MegaRetail_HQ,19.19,True,3.99
2026-07-29,BEAU-303,SwiftBlink_Prime,18.43,True,3.99
2026-07-29,BEAU-303,ApexMarket_Direct,20.71,True,3.99
2026-07-30,BEAU-303,MegaRetail_HQ,19.45,True,3.99
2026-07-30,BEAU-303,SwiftBlink_Prime,18.26,True,3.99
2026-07-30,BEAU-303,ApexMarket_Direct,20.82,True,3.99
2026-07-31,BEAU-303,MegaRetail_HQ,20.0,True,3.99
2026-07-31,BEAU-303,SwiftBlink_Prime,18.54,True,3.99
2026-07-31,BEAU-303,ApexMarket_Direct,20.16,True,3.99
2026-08-01,BEAU-303,MegaRetail_HQ,19.94,True,3.99
2026-08-01,BEAU-303,SwiftBlink_Prime,18.09,True,3.99
2026-08-01,BEAU-303,ApexMarket_Direct,19.38,True,3.99
2026-08-02,BEAU-303,MegaRetail_HQ,18.88,True,3.99
2026-08-02,BEAU-303,SwiftBlink_Prime,18.66,True,3.99
2026-08-02,BEAU-303,ApexMarket_Direct,19.05,True,3.99
2026-08-03,BEAU-303,MegaRetail_HQ,19.36,True,3.99
2026-08-03,BEAU-303,SwiftBlink_Prime,18.21,False,3.99
2026-08-03,BEAU-303,ApexMarket_Direct,16.82,True,3.99
2026-08-04,BEAU-303,MegaRetail_HQ,18.96,True,3.99
2026-08-04,BEAU-303,SwiftBlink_Prime,19.19,True,3.99
2026-08-04,BEAU-303,ApexMarket_Direct,19.73,True,3.99
2026-08-05,BEAU-303,MegaRetail_HQ,18.96,True,3.99
2026-08-05,BEAU-303,SwiftBlink_Prime,18.61,True,3.99
2026-08-05,BEAU-303,ApexMarket_Direct,19.52,True,3.99
2026-08-06,BEAU-303,MegaRetail_HQ,18.94,True,3.99
2026-08-06,BEAU-303,SwiftBlink_Prime,19.46,True,3.99
2026-08-06,BEAU-303,ApexMarket_Direct,20.45,True,3.99
2026-08-07,BEAU-303,MegaRetail_HQ,17.92,True,3.99
2026-08-07,BEAU-303,SwiftBlink_Prime,19.82,True,3.99
2026-08-07,BEAU-303,ApexMarket_Direct,21.01,True,3.99
2026-08-08,BEAU-303,MegaRetail_HQ,18.75,True,3.99
2026-08-08,BEAU-303,SwiftBlink_Prime,20.19,True,3.99
2026-08-08,BEAU-303,ApexMarket_Direct,21.51,True,3.99
2026-08-09,BEAU-303,MegaRetail_HQ,18.64,True,3.99
2026-08-09,BEAU-303,SwiftBlink_Prime,20.88,True,3.99
2026-08-09,BEAU-303,ApexMarket_Direct,20.8,True,3.99
2026-08-10,BEAU-303,MegaRetail_HQ,19.91,True,3.99
2026-08-10,BEAU-303,SwiftBlink_Prime,18.49,True,3.99
2026-08-10,BEAU-303,ApexMarket_Direct,20.15,True,3.99
2026-08-11,BEAU-303,MegaRetail_HQ,20.29,True,3.99
2026-08-11,BEAU-303,SwiftBlink_Prime,21.79,True,3.99
2026-08-11,BEAU-303,ApexMarket_Direct,20.61,True,3.99
2026-08-12,BEAU-303,MegaRetail_HQ,19.63,True,3.99
2026-08-12,BEAU-303,SwiftBlink_Prime,20.49,True,3.99
2026-08-12,BEAU-303,ApexMarket_Direct,20.28,True,3.99
2026-08-13,BEAU-303,MegaRetail_HQ,19.08,True,3.99
2026-08-13,BEAU-303,SwiftBlink_Prime,19.86,True,3.99
2026-08-13,BEAU-303,ApexMarket_Direct,19.66,True,3.99
2026-08-14,BEAU-303,MegaRetail_HQ,19.11,True,3.99
2026-08-14,BEAU-303,SwiftBlink_Prime,20.42,True,3.99
2026-08-14,BEAU-303,ApexMarket_Direct,19.25,True,3.99
2026-08-15,BEAU-303,MegaRetail_HQ,19.88,True,3.99
2026-08-15,BEAU-303,SwiftBlink_Prime,20.3,True,3.99
2026-08-15,BEAU-303,ApexMarket_Direct,19.41,True,3.99
2026-08-16,BEAU-303,MegaRetail_HQ,20.16,False,3.99
2026-08-16,BEAU-303,SwiftBlink_Prime,20.25,True,3.99
2026-08-16,BEAU-303,ApexMarket_Direct,19.49,True,3.99
2026-08-17,BEAU-303,MegaRetail_HQ,21.16,True,3.99
2026-08-17,BEAU-303,SwiftBlink_Prime,21.69,True,3.99
2026-08-17,BEAU-303,ApexMarket_Direct,19.74,True,3.99
2026-08-18,BEAU-303,MegaRetail_HQ,22.07,True,3.99
2026-08-18,BEAU-303,SwiftBlink_Prime,18.59,True,3.99
2026-08-18,BEAU-303,ApexMarket_Direct,20.03,True,3.99
2026-08-19,BEAU-303,MegaRetail_HQ,22.76,True,3.99
2026-08-19,BEAU-303,SwiftBlink_Prime,21.09,False,3.99
2026-08-19,BEAU-303,ApexMarket_Direct,20.46,True,3.99
2026-08-20,BEAU-303,MegaRetail_HQ,22.94,True,3.99
2026-08-20,BEAU-303,SwiftBlink_Prime,20.78,True,3.99
2026-08-20,BEAU-303,ApexMarket_Direct,20.17,True,3.99
2026-08-21,BEAU-303,MegaRetail_HQ,21.58,True,3.99
2026-08-21,BEAU-303,SwiftBlink_Prime,21.09,True,3.99
2026-08-21,BEAU-303,ApexMarket_Direct,19.89,True,3.99
2026-08-22,BEAU-303,MegaRetail_HQ,22.06,True,3.99
2026-08-22,BEAU-303,SwiftBlink_Prime,19.95,True,3.99
2026-08-22,BEAU-303,ApexMarket_Direct,19.49,False,3.99
2026-08-23,BEAU-303,MegaRetail_HQ,23.1,True,3.99
2026-08-23,BEAU-303,SwiftBlink_Prime,19.41,True,3.99
2026-08-23,BEAU-303,ApexMarket_Direct,20.27,True,3.99
2026-08-24,BEAU-303,MegaRetail_HQ,22.3,True,3.99
2026-08-24,BEAU-303,SwiftBlink_Prime,19.65,True,3.99
2026-08-24,BEAU-303,ApexMarket_Direct,16.33,True,3.99
2026-08-25,BEAU-303,MegaRetail_HQ,22.11,True,3.99
2026-08-25,BEAU-303,SwiftBlink_Prime,19.41,False,3.99
2026-08-25,BEAU-303,ApexMarket_Direct,18.96,True,3.99
2026-08-26,BEAU-303,MegaRetail_HQ,21.52,True,3.99
2026-08-26,BEAU-303,SwiftBlink_Prime,18.41,True,3.99
2026-08-26,BEAU-303,ApexMarket_Direct,19.83,True,3.99
2026-08-27,BEAU-303,MegaRetail_HQ,21.01,True,3.99
2026-08-27,BEAU-303,SwiftBlink_Prime,18.4,True,3.99
2026-08-27,BEAU-303,ApexMarket_Direct,19.75,True,3.99
2026-08-28,BEAU-303,MegaRetail_HQ,20.8,True,3.99
2026-08-28,BEAU-303,SwiftBlink_Prime,19.83,True,3.99
2026-08-28,BEAU-303,ApexMarket_Direct,20.89,True,3.99
2026-08-29,BEAU-303,MegaRetail_HQ,20.67,True,3.99
2026-08-29,BEAU-303,SwiftBlink_Prime,16.3,True,3.99
2026-08-29,BEAU-303,ApexMarket_Direct,20.24,True,3.99
2026-08-30,BEAU-303,MegaRetail_HQ,21.66,True,3.99
2026-08-30,BEAU-303,SwiftBlink_Prime,16.16,True,3.99
2026-08-30,BEAU-303,ApexMarket_Direct,20.48,True,3.99
2026-08-31,BEAU-303,MegaRetail_HQ,20.38,True,3.99
2026-08-31,BEAU-303,SwiftBlink_Prime,19.64,True,3.99
2026-08-31,BEAU-303,ApexMarket_Direct,20.36,True,3.99
2026-09-01,BEAU-303,MegaRetail_HQ,19.54,True,3.99
2026-09-01,BEAU-303,SwiftBlink_Prime,21.16,True,3.99
2026-09-01,BEAU-303,ApexMarket_Direct,20.57,True,3.99
2026-09-02,BEAU-303,MegaRetail_HQ,21.12,True,3.99
2026-09-02,BEAU-303,SwiftBlink_Prime,20.39,True,3.99
2026-09-02,BEAU-303,ApexMarket_Direct,19.81,True,3.99
2026-09-03,BEAU-303,MegaRetail_HQ,19.92,True,3.99
2026-09-03,BEAU-303,SwiftBlink_Prime,20.34,True,3.99
2026-09-03,BEAU-303,ApexMarket_Direct,17.72,True,3.99
2026-09-04,BEAU-303,MegaRetail_HQ,19.56,True,3.99
2026-09-04,BEAU-303,SwiftBlink_Prime,20.83,True,3.99
2026-09-04,BEAU-303,ApexMarket_Direct,20.23,True,3.99
2026-09-05,BEAU-303,MegaRetail_HQ,19.78,True,3.99
2026-09-05,BEAU-303,SwiftBlink_Prime,20.7,True,3.99
2026-09-05,BEAU-303,ApexMarket_Direct,20.81,True,3.99
2026-09-06,BEAU-303,MegaRetail_HQ,19.5,True,3.99
2026-09-06,BEAU-303,SwiftBlink_Prime,19.8,True,3.99
2026-09-06,BEAU-303,ApexMarket_Direct,20.93,True,3.99
2026-09-07,BEAU-303,MegaRetail_HQ,19.3,False,3.99
2026-09-07,BEAU-303,SwiftBlink_Prime,19.02,True,3.99
2026-09-07,BEAU-303,ApexMarket_Direct,20.25,True,3.99
2026-09-08,BEAU-303,MegaRetail_HQ,19.22,True,3.99
2026-09-08,BEAU-303,SwiftBlink_Prime,18.19,True,3.99
2026-09-08,BEAU-303,ApexMarket_Direct,20.32,True,3.99
2026-09-09,BEAU-303,MegaRetail_HQ,19.22,True,3.99
2026-09-09,BEAU-303,SwiftBlink_Prime,15.78,True,3.99
2026-09-09,BEAU-303,ApexMarket_Direct,19.78,True,3.99
2026-09-10,BEAU-303,MegaRetail_HQ,18.96,True,3.99
2026-09-10,BEAU-303,SwiftBlink_Prime,18.72,True,3.99
2026-09-10,BEAU-303,ApexMarket_Direct,20.42,True,3.99
2026-09-11,BEAU-303,MegaRetail_HQ,19.38,True,3.99
2026-09-11,BEAU-303,SwiftBlink_Prime,18.49,True,3.99
2026-09-11,BEAU-303,ApexMarket_Direct,20.03,True,3.99
2026-09-12,BEAU-303,MegaRetail_HQ,19.45,True,3.99
2026-09-12,BEAU-303,SwiftBlink_Prime,17.83,True,3.99
2026-09-12,BEAU-303,ApexMarket_Direct,20.59,True,3.99
2026-09-13,BEAU-303,MegaRetail_HQ,19.25,True,3.99
2026-09-13,BEAU-303,SwiftBlink_Prime,17.93,True,3.99
2026-09-13,BEAU-303,ApexMarket_Direct,17.57,True,3.99
2026-09-14,BEAU-303,MegaRetail_HQ,18.85,True,3.99
2026-09-14,BEAU-303,SwiftBlink_Prime,17.7,True,3.99
2026-09-14,BEAU-303,ApexMarket_Direct,16.41,True,3.99
2026-09-15,BEAU-303,MegaRetail_HQ,19.72,True,3.99
2026-09-15,BEAU-303,SwiftBlink_Prime,17.79,True,3.99
2026-09-15,BEAU-303,ApexMarket_Direct,19.89,True,3.99
2026-09-16,BEAU-303,MegaRetail_HQ,19.46,True,3.99
2026-09-16,BEAU-303,SwiftBlink_Prime,16.11,True,3.99
2026-09-16,BEAU-303,ApexMarket_Direct,19.66,True,3.99
2026-09-17,BEAU-303,MegaRetail_HQ,19.72,True,3.99
2026-09-17,BEAU-303,SwiftBlink_Prime,16.39,True,3.99
2026-09-17,BEAU-303,ApexMarket_Direct,20.74,True,3.99
2026-09-18,BEAU-303,MegaRetail_HQ,19.11,True,3.99
2026-09-18,BEAU-303,SwiftBlink_Prime,14.4,True,3.99
2026-09-18,BEAU-303,ApexMarket_Direct,21.58,True,3.99
2026-06-21,BEAU-304,MegaRetail_HQ,14.45,True,3.99
2026-06-21,BEAU-304,SwiftBlink_Prime,14.28,True,3.99
2026-06-21,BEAU-304,ApexMarket_Direct,13.62,True,3.99
2026-06-22,BEAU-304,MegaRetail_HQ,14.93,True,3.99
2026-06-22,BEAU-304,SwiftBlink_Prime,14.64,True,3.99
2026-06-22,BEAU-304,ApexMarket_Direct,12.92,True,3.99
2026-06-23,BEAU-304,MegaRetail_HQ,15.17,True,3.99
2026-06-23,BEAU-304,SwiftBlink_Prime,14.39,True,3.99
2026-06-23,BEAU-304,ApexMarket_Direct,13.38,True,3.99
2026-06-24,BEAU-304,MegaRetail_HQ,14.38,True,3.99
2026-06-24,BEAU-304,SwiftBlink_Prime,14.05,True,3.99
2026-06-24,BEAU-304,ApexMarket_Direct,13.05,True,3.99
2026-06-25,BEAU-304,MegaRetail_HQ,15.08,True,3.99
2026-06-25,BEAU-304,SwiftBlink_Prime,15.16,True,3.99
2026-06-25,BEAU-304,ApexMarket_Direct,13.23,True,3.99
2026-06-26,BEAU-304,MegaRetail_HQ,15.13,True,3.99
2026-06-26,BEAU-304,SwiftBlink_Prime,14.84,True,3.99
2026-06-26,BEAU-304,ApexMarket_Direct,13.43,True,3.99
2026-06-27,BEAU-304,MegaRetail_HQ,14.93,True,3.99
2026-06-27,BEAU-304,SwiftBlink_Prime,14.69,True,3.99
2026-06-27,BEAU-304,ApexMarket_Direct,13.86,True,3.99
2026-06-28,BEAU-304,MegaRetail_HQ,14.84,True,3.99
2026-06-28,BEAU-304,SwiftBlink_Prime,14.29,True,3.99
2026-06-28,BEAU-304,ApexMarket_Direct,13.93,True,3.99
2026-06-29,BEAU-304,MegaRetail_HQ,14.82,True,3.99
2026-06-29,BEAU-304,SwiftBlink_Prime,13.94,True,3.99
2026-06-29,BEAU-304,ApexMarket_Direct,14.66,True,3.99
2026-06-30,BEAU-304,MegaRetail_HQ,14.97,False,3.99
2026-06-30,BEAU-304,SwiftBlink_Prime,13.85,True,3.99
2026-06-30,BEAU-304,ApexMarket_Direct,14.72,True,3.99
2026-07-01,BEAU-304,MegaRetail_HQ,14.2,True,3.99
2026-07-01,BEAU-304,SwiftBlink_Prime,13.28,False,3.99
2026-07-01,BEAU-304,ApexMarket_Direct,15.49,True,3.99
2026-07-02,BEAU-304,MegaRetail_HQ,14.42,True,3.99
2026-07-02,BEAU-304,SwiftBlink_Prime,13.79,True,3.99
2026-07-02,BEAU-304,ApexMarket_Direct,15.66,True,3.99
2026-07-03,BEAU-304,MegaRetail_HQ,14.23,True,3.99
2026-07-03,BEAU-304,SwiftBlink_Prime,14.14,True,3.99
2026-07-03,BEAU-304,ApexMarket_Direct,15.19,True,3.99
2026-07-04,BEAU-304,MegaRetail_HQ,14.52,True,3.99
2026-07-04,BEAU-304,SwiftBlink_Prime,13.37,True,3.99
2026-07-04,BEAU-304,ApexMarket_Direct,15.31,True,3.99
2026-07-05,BEAU-304,MegaRetail_HQ,14.77,True,3.99
2026-07-05,BEAU-304,SwiftBlink_Prime,14.08,True,3.99
2026-07-05,BEAU-304,ApexMarket_Direct,15.67,True,3.99
2026-07-06,BEAU-304,MegaRetail_HQ,12.61,True,3.99
2026-07-06,BEAU-304,SwiftBlink_Prime,14.2,True,3.99
2026-07-06,BEAU-304,ApexMarket_Direct,16.36,True,3.99
2026-07-07,BEAU-304,MegaRetail_HQ,15.24,True,3.99
2026-07-07,BEAU-304,SwiftBlink_Prime,14.58,True,3.99
2026-07-07,BEAU-304,ApexMarket_Direct,17.08,True,3.99
2026-07-08,BEAU-304,MegaRetail_HQ,14.91,True,3.99
2026-07-08,BEAU-304,SwiftBlink_Prime,14.62,True,3.99
2026-07-08,BEAU-304,ApexMarket_Direct,17.3,True,3.99
2026-07-09,BEAU-304,MegaRetail_HQ,14.88,True,3.99
2026-07-09,BEAU-304,SwiftBlink_Prime,14.27,True,3.99
2026-07-09,BEAU-304,ApexMarket_Direct,14.1,True,3.99
2026-07-10,BEAU-304,MegaRetail_HQ,14.45,True,3.99
2026-07-10,BEAU-304,SwiftBlink_Prime,14.33,True,3.99
2026-07-10,BEAU-304,ApexMarket_Direct,16.1,True,3.99
2026-07-11,BEAU-304,MegaRetail_HQ,13.57,True,3.99
2026-07-11,BEAU-304,SwiftBlink_Prime,14.7,True,3.99
2026-07-11,BEAU-304,ApexMarket_Direct,15.66,True,3.99
2026-07-12,BEAU-304,MegaRetail_HQ,13.78,True,3.99
2026-07-12,BEAU-304,SwiftBlink_Prime,14.78,True,3.99
2026-07-12,BEAU-304,ApexMarket_Direct,14.73,True,3.99
2026-07-13,BEAU-304,MegaRetail_HQ,14.13,True,3.99
2026-07-13,BEAU-304,SwiftBlink_Prime,15.13,True,3.99
2026-07-13,BEAU-304,ApexMarket_Direct,14.04,True,3.99
2026-07-14,BEAU-304,MegaRetail_HQ,13.92,True,3.99
2026-07-14,BEAU-304,SwiftBlink_Prime,15.24,True,3.99
2026-07-14,BEAU-304,ApexMarket_Direct,12.86,False,3.99
2026-07-15,BEAU-304,MegaRetail_HQ,13.82,True,3.99
2026-07-15,BEAU-304,SwiftBlink_Prime,15.7,True,3.99
2026-07-15,BEAU-304,ApexMarket_Direct,13.28,False,3.99
2026-07-16,BEAU-304,MegaRetail_HQ,13.94,True,3.99
2026-07-16,BEAU-304,SwiftBlink_Prime,15.05,True,3.99
2026-07-16,BEAU-304,ApexMarket_Direct,13.23,True,3.99
2026-07-17,BEAU-304,MegaRetail_HQ,13.07,True,3.99
2026-07-17,BEAU-304,SwiftBlink_Prime,15.4,True,3.99
2026-07-17,BEAU-304,ApexMarket_Direct,12.95,True,3.99
2026-07-18,BEAU-304,MegaRetail_HQ,13.52,False,3.99
2026-07-18,BEAU-304,SwiftBlink_Prime,13.36,False,3.99
2026-07-18,BEAU-304,ApexMarket_Direct,13.44,True,3.99
2026-07-19,BEAU-304,MegaRetail_HQ,13.52,True,3.99
2026-07-19,BEAU-304,SwiftBlink_Prime,15.6,True,3.99
2026-07-19,BEAU-304,ApexMarket_Direct,14.04,True,3.99
2026-07-20,BEAU-304,MegaRetail_HQ,13.46,False,3.99
2026-07-20,BEAU-304,SwiftBlink_Prime,14.48,True,3.99
2026-07-20,BEAU-304,ApexMarket_Direct,14.09,True,3.99
2026-07-21,BEAU-304,MegaRetail_HQ,13.9,True,3.99
2026-07-21,BEAU-304,SwiftBlink_Prime,14.21,True,3.99
2026-07-21,BEAU-304,ApexMarket_Direct,14.78,True,3.99
2026-07-22,BEAU-304,MegaRetail_HQ,14.2,True,3.99
2026-07-22,BEAU-304,SwiftBlink_Prime,13.46,True,3.99
2026-07-22,BEAU-304,ApexMarket_Direct,15.8,True,3.99
2026-07-23,BEAU-304,MegaRetail_HQ,13.58,True,3.99
2026-07-23,BEAU-304,SwiftBlink_Prime,13.45,True,3.99
2026-07-23,BEAU-304,ApexMarket_Direct,15.48,True,3.99
2026-07-24,BEAU-304,MegaRetail_HQ,13.91,True,3.99
2026-07-24,BEAU-304,SwiftBlink_Prime,13.37,True,3.99
2026-07-24,BEAU-304,ApexMarket_Direct,14.44,True,3.99
2026-07-25,BEAU-304,MegaRetail_HQ,14.07,True,3.99
2026-07-25,BEAU-304,SwiftBlink_Prime,12.68,True,3.99
2026-07-25,BEAU-304,ApexMarket_Direct,13.99,True,3.99
2026-07-26,BEAU-304,MegaRetail_HQ,13.99,True,3.99
2026-07-26,BEAU-304,SwiftBlink_Prime,13.4,True,3.99
2026-07-26,BEAU-304,ApexMarket_Direct,11.69,True,3.99
2026-07-27,BEAU-304,MegaRetail_HQ,14.28,True,3.99
2026-07-27,BEAU-304,SwiftBlink_Prime,11.3,True,3.99
2026-07-27,BEAU-304,ApexMarket_Direct,13.63,True,3.99
2026-07-28,BEAU-304,MegaRetail_HQ,12.58,True,3.99
2026-07-28,BEAU-304,SwiftBlink_Prime,12.58,True,3.99
2026-07-28,BEAU-304,ApexMarket_Direct,13.69,True,3.99
2026-07-29,BEAU-304,MegaRetail_HQ,15.23,True,3.99
2026-07-29,BEAU-304,SwiftBlink_Prime,12.76,True,3.99
2026-07-29,BEAU-304,ApexMarket_Direct,13.66,True,3.99
2026-07-30,BEAU-304,MegaRetail_HQ,14.88,True,3.99
2026-07-30,BEAU-304,SwiftBlink_Prime,13.16,True,3.99
2026-07-30,BEAU-304,ApexMarket_Direct,13.44,True,3.99
2026-07-31,BEAU-304,MegaRetail_HQ,15.31,True,3.99
2026-07-31,BEAU-304,SwiftBlink_Prime,11.93,True,3.99
2026-07-31,BEAU-304,ApexMarket_Direct,13.69,True,3.99
2026-08-01,BEAU-304,MegaRetail_HQ,14.91,True,3.99
2026-08-01,BEAU-304,SwiftBlink_Prime,12.88,True,3.99
2026-08-01,BEAU-304,ApexMarket_Direct,12.77,False,3.99
2026-08-02,BEAU-304,MegaRetail_HQ,12.81,True,3.99
2026-08-02,BEAU-304,SwiftBlink_Prime,13.38,True,3.99
2026-08-02,BEAU-304,ApexMarket_Direct,13.34,True,3.99
2026-08-03,BEAU-304,MegaRetail_HQ,14.05,True,3.99
2026-08-03,BEAU-304,SwiftBlink_Prime,13.32,True,3.99
2026-08-03,BEAU-304,ApexMarket_Direct,11.14,True,3.99
2026-08-04,BEAU-304,MegaRetail_HQ,13.61,True,3.99
2026-08-04,BEAU-304,SwiftBlink_Prime,12.92,True,3.99
2026-08-04,BEAU-304,ApexMarket_Direct,14.08,True,3.99
2026-08-05,BEAU-304,MegaRetail_HQ,13.72,True,3.99
2026-08-05,BEAU-304,SwiftBlink_Prime,13.88,False,3.99
2026-08-05,BEAU-304,ApexMarket_Direct,13.9,True,3.99
2026-08-06,BEAU-304,MegaRetail_HQ,12.97,True,3.99
2026-08-06,BEAU-304,SwiftBlink_Prime,13.63,True,3.99
2026-08-06,BEAU-304,ApexMarket_Direct,14.36,True,3.99
2026-08-07,BEAU-304,MegaRetail_HQ,12.8,True,3.99
2026-08-07,BEAU-304,SwiftBlink_Prime,13.5,True,3.99
2026-08-07,BEAU-304,ApexMarket_Direct,14.07,True,3.99
2026-08-08,BEAU-304,MegaRetail_HQ,13.02,True,3.99
2026-08-08,BEAU-304,SwiftBlink_Prime,14.63,True,3.99
2026-08-08,BEAU-304,ApexMarket_Direct,14.79,True,3.99
2026-08-09,BEAU-304,MegaRetail_HQ,14.18,True,3.99
2026-08-09,BEAU-304,SwiftBlink_Prime,14.29,True,3.99
2026-08-09,BEAU-304,ApexMarket_Direct,15.55,True,3.99
2026-08-10,BEAU-304,MegaRetail_HQ,14.51,True,3.99
2026-08-10,BEAU-304,SwiftBlink_Prime,14.21,True,3.99
2026-08-10,BEAU-304,ApexMarket_Direct,15.52,True,3.99
2026-08-11,BEAU-304,MegaRetail_HQ,14.49,True,3.99
2026-08-11,BEAU-304,SwiftBlink_Prime,12.65,True,3.99
2026-08-11,BEAU-304,ApexMarket_Direct,15.66,True,3.99
2026-08-12,BEAU-304,MegaRetail_HQ,14.68,True,3.99
2026-08-12,BEAU-304,SwiftBlink_Prime,12.46,True,3.99
2026-08-12,BEAU-304,ApexMarket_Direct,14.56,True,3.99
2026-08-13,BEAU-304,MegaRetail_HQ,15.31,True,3.99
2026-08-13,BEAU-304,SwiftBlink_Prime,14.6,True,3.99
2026-08-13,BEAU-304,ApexMarket_Direct,13.73,True,3.99
2026-08-14,BEAU-304,MegaRetail_HQ,12.26,True,3.99
2026-08-14,BEAU-304,SwiftBlink_Prime,15.36,True,3.99
2026-08-14,BEAU-304,ApexMarket_Direct,12.44,True,3.99
2026-08-15,BEAU-304,MegaRetail_HQ,14.33,True,3.99
2026-08-15,BEAU-304,SwiftBlink_Prime,15.13,False,3.99
2026-08-15,BEAU-304,ApexMarket_Direct,14.6,True,3.99
2026-08-16,BEAU-304,MegaRetail_HQ,14.99,True,3.99
2026-08-16,BEAU-304,SwiftBlink_Prime,15.49,True,3.99
2026-08-16,BEAU-304,ApexMarket_Direct,14.78,True,3.99
2026-08-17,BEAU-304,MegaRetail_HQ,14.97,True,3.99
2026-08-17,BEAU-304,SwiftBlink_Prime,15.39,True,3.99
2026-08-17,BEAU-304,ApexMarket_Direct,12.27,True,3.99
2026-08-18,BEAU-304,MegaRetail_HQ,14.43,True,3.99
2026-08-18,BEAU-304,SwiftBlink_Prime,15.1,True,3.99
2026-08-18,BEAU-304,ApexMarket_Direct,14.22,True,3.99
2026-08-19,BEAU-304,MegaRetail_HQ,14.49,True,3.99
2026-08-19,BEAU-304,SwiftBlink_Prime,15.51,False,3.99
2026-08-19,BEAU-304,ApexMarket_Direct,14.18,True,3.99
2026-08-20,BEAU-304,MegaRetail_HQ,14.32,True,3.99
2026-08-20,BEAU-304,SwiftBlink_Prime,15.78,True,3.99
2026-08-20,BEAU-304,ApexMarket_Direct,14.59,True,3.99
2026-08-21,BEAU-304,MegaRetail_HQ,14.45,True,3.99
2026-08-21,BEAU-304,SwiftBlink_Prime,15.68,True,3.99
2026-08-21,BEAU-304,ApexMarket_Direct,14.6,True,3.99
2026-08-22,BEAU-304,MegaRetail_HQ,14.47,True,3.99
2026-08-22,BEAU-304,SwiftBlink_Prime,15.69,True,3.99
2026-08-22,BEAU-304,ApexMarket_Direct,14.55,True,3.99
2026-08-23,BEAU-304,MegaRetail_HQ,14.71,True,3.99
2026-08-23,BEAU-304,SwiftBlink_Prime,15.42,True,3.99
2026-08-23,BEAU-304,ApexMarket_Direct,14.47,True,3.99
2026-08-24,BEAU-304,MegaRetail_HQ,14.88,True,3.99
2026-08-24,BEAU-304,SwiftBlink_Prime,15.56,True,3.99
2026-08-24,BEAU-304,ApexMarket_Direct,14.47,True,3.99
2026-08-25,BEAU-304,MegaRetail_HQ,14.93,True,3.99
2026-08-25,BEAU-304,SwiftBlink_Prime,12.31,True,3.99
2026-08-25,BEAU-304,ApexMarket_Direct,14.76,True,3.99
2026-08-26,BEAU-304,MegaRetail_HQ,14.67,True,3.99
2026-08-26,BEAU-304,SwiftBlink_Prime,14.34,True,3.99
2026-08-26,BEAU-304,ApexMarket_Direct,14.94,True,3.99
2026-08-27,BEAU-304,MegaRetail_HQ,14.49,True,3.99
2026-08-27,BEAU-304,SwiftBlink_Prime,15.01,True,3.99
2026-08-27,BEAU-304,ApexMarket_Direct,15.51,True,3.99
2026-08-28,BEAU-304,MegaRetail_HQ,14.41,True,3.99
2026-08-28,BEAU-304,SwiftBlink_Prime,15.68,True,3.99
2026-08-28,BEAU-304,ApexMarket_Direct,15.27,True,3.99
2026-08-29,BEAU-304,MegaRetail_HQ,14.8,True,3.99
2026-08-29,BEAU-304,SwiftBlink_Prime,15.87,True,3.99
2026-08-29,BEAU-304,ApexMarket_Direct,15.44,True,3.99
2026-08-30,BEAU-304,MegaRetail_HQ,14.41,True,3.99
2026-08-30,BEAU-304,SwiftBlink_Prime,15.33,True,3.99
2026-08-30,BEAU-304,ApexMarket_Direct,14.81,True,3.99
2026-08-31,BEAU-304,MegaRetail_HQ,14.0,True,3.99
2026-08-31,BEAU-304,SwiftBlink_Prime,14.68,False,3.99
2026-08-31,BEAU-304,ApexMarket_Direct,14.39,False,3.99
2026-09-01,BEAU-304,MegaRetail_HQ,13.78,True,3.99
2026-09-01,BEAU-304,SwiftBlink_Prime,14.52,False,3.99
2026-09-01,BEAU-304,ApexMarket_Direct,13.88,True,3.99
2026-09-02,BEAU-304,MegaRetail_HQ,14.29,True,3.99
2026-09-02,BEAU-304,SwiftBlink_Prime,14.65,True,3.99
2026-09-02,BEAU-304,ApexMarket_Direct,13.88,True,3.99
2026-09-03,BEAU-304,MegaRetail_HQ,14.06,True,3.99
2026-09-03,BEAU-304,SwiftBlink_Prime,14.13,False,3.99
2026-09-03,BEAU-304,ApexMarket_Direct,13.43,True,3.99
2026-09-04,BEAU-304,MegaRetail_HQ,14.66,True,3.99
2026-09-04,BEAU-304,SwiftBlink_Prime,11.71,True,3.99
2026-09-04,BEAU-304,ApexMarket_Direct,12.99,True,3.99
2026-09-05,BEAU-304,MegaRetail_HQ,12.38,True,3.99
2026-09-05,BEAU-304,SwiftBlink_Prime,13.75,False,3.99
2026-09-05,BEAU-304,ApexMarket_Direct,12.82,True,3.99
2026-09-06,BEAU-304,MegaRetail_HQ,14.68,True,3.99
2026-09-06,BEAU-304,SwiftBlink_Prime,14.08,True,3.99
2026-09-06,BEAU-304,ApexMarket_Direct,13.49,True,3.99
2026-09-07,BEAU-304,MegaRetail_HQ,14.38,True,3.99
2026-09-07,BEAU-304,SwiftBlink_Prime,15.3,True,3.99
2026-09-07,BEAU-304,ApexMarket_Direct,13.87,True,3.99
2026-09-08,BEAU-304,MegaRetail_HQ,14.42,True,3.99
2026-09-08,BEAU-304,SwiftBlink_Prime,15.23,False,3.99
2026-09-08,BEAU-304,ApexMarket_Direct,13.87,True,3.99
2026-09-09,BEAU-304,MegaRetail_HQ,12.63,True,3.99
2026-09-09,BEAU-304,SwiftBlink_Prime,14.79,True,3.99
2026-09-09,BEAU-304,ApexMarket_Direct,14.06,True,3.99
2026-09-10,BEAU-304,MegaRetail_HQ,14.54,True,3.99
2026-09-10,BEAU-304,SwiftBlink_Prime,14.24,True,3.99
2026-09-10,BEAU-304,ApexMarket_Direct,13.7,True,3.99
2026-09-11,BEAU-304,MegaRetail_HQ,15.05,True,3.99
2026-09-11,BEAU-304,SwiftBlink_Prime,13.82,True,3.99
2026-09-11,BEAU-304,ApexMarket_Direct,13.8,True,3.99
2026-09-12,BEAU-304,MegaRetail_HQ,14.52,True,3.99
2026-09-12,BEAU-304,SwiftBlink_Prime,14.13,True,3.99
2026-09-12,BEAU-304,ApexMarket_Direct,13.94,True,3.99
2026-09-13,BEAU-304,MegaRetail_HQ,14.32,True,3.99
2026-09-13,BEAU-304,SwiftBlink_Prime,13.85,True,3.99
2026-09-13,BEAU-304,ApexMarket_Direct,13.48,True,3.99
2026-09-14,BEAU-304,MegaRetail_HQ,12.01,True,3.99
2026-09-14,BEAU-304,SwiftBlink_Prime,14.51,False,3.99
2026-09-14,BEAU-304,ApexMarket_Direct,13.23,True,3.99
2026-09-15,BEAU-304,MegaRetail_HQ,11.56,True,3.99
2026-09-15,BEAU-304,SwiftBlink_Prime,14.27,True,3.99
2026-09-15,BEAU-304,ApexMarket_Direct,12.54,True,3.99
2026-09-16,BEAU-304,MegaRetail_HQ,11.77,True,3.99
2026-09-16,BEAU-304,SwiftBlink_Prime,14.48,True,3.99
2026-09-16,BEAU-304,ApexMarket_Direct,13.0,True,3.99
2026-09-17,BEAU-304,MegaRetail_HQ,11.93,True,3.99
2026-09-17,BEAU-304,SwiftBlink_Prime,14.28,False,3.99
2026-09-17,BEAU-304,ApexMarket_Direct,12.81,True,3.99
2026-09-18,BEAU-304,MegaRetail_HQ,13.9,True,3.99
2026-09-18,BEAU-304,SwiftBlink_Prime,14.37,True,3.99
2026-09-18,BEAU-304,ApexMarket_Direct,13.17,True,3.99
2026-06-21,BEAU-305,MegaRetail_HQ,10.63,True,3.99
2026-06-21,BEAU-305,SwiftBlink_Prime,11.12,True,3.99
2026-06-21,BEAU-305,ApexMarket_Direct,10.96,True,3.99
2026-06-22,BEAU-305,MegaRetail_HQ,10.95,True,3.99
2026-06-22,BEAU-305,SwiftBlink_Prime,10.75,True,3.99
2026-06-22,BEAU-305,ApexMarket_Direct,11.29,True,3.99
2026-06-23,BEAU-305,MegaRetail_HQ,10.39,True,3.99
2026-06-23,BEAU-305,SwiftBlink_Prime,10.99,True,3.99
2026-06-23,BEAU-305,ApexMarket_Direct,10.51,True,3.99
2026-06-24,BEAU-305,MegaRetail_HQ,10.69,True,3.99
2026-06-24,BEAU-305,SwiftBlink_Prime,11.01,True,3.99
2026-06-24,BEAU-305,ApexMarket_Direct,10.33,True,3.99
2026-06-25,BEAU-305,MegaRetail_HQ,9.74,True,3.99
2026-06-25,BEAU-305,SwiftBlink_Prime,11.18,True,3.99
2026-06-25,BEAU-305,ApexMarket_Direct,9.85,True,3.99
2026-06-26,BEAU-305,MegaRetail_HQ,9.46,True,3.99
2026-06-26,BEAU-305,SwiftBlink_Prime,10.99,True,3.99
2026-06-26,BEAU-305,ApexMarket_Direct,9.56,True,3.99
2026-06-27,BEAU-305,MegaRetail_HQ,9.7,True,3.99
2026-06-27,BEAU-305,SwiftBlink_Prime,10.84,True,3.99
2026-06-27,BEAU-305,ApexMarket_Direct,9.87,True,3.99
2026-06-28,BEAU-305,MegaRetail_HQ,9.96,True,3.99
2026-06-28,BEAU-305,SwiftBlink_Prime,10.3,True,3.99
2026-06-28,BEAU-305,ApexMarket_Direct,10.3,True,3.99
2026-06-29,BEAU-305,MegaRetail_HQ,10.55,True,3.99
2026-06-29,BEAU-305,SwiftBlink_Prime,10.59,True,3.99
2026-06-29,BEAU-305,ApexMarket_Direct,10.36,True,3.99
2026-06-30,BEAU-305,MegaRetail_HQ,10.54,True,3.99
2026-06-30,BEAU-305,SwiftBlink_Prime,11.04,True,3.99
2026-06-30,BEAU-305,ApexMarket_Direct,10.59,True,3.99
2026-07-01,BEAU-305,MegaRetail_HQ,10.3,True,3.99
2026-07-01,BEAU-305,SwiftBlink_Prime,10.68,False,3.99
2026-07-01,BEAU-305,ApexMarket_Direct,10.3,True,3.99
2026-07-02,BEAU-305,MegaRetail_HQ,10.2,True,3.99
2026-07-02,BEAU-305,SwiftBlink_Prime,10.28,True,3.99
2026-07-02,BEAU-305,ApexMarket_Direct,10.2,True,3.99
2026-07-03,BEAU-305,MegaRetail_HQ,9.94,True,3.99
2026-07-03,BEAU-305,SwiftBlink_Prime,11.08,True,3.99
2026-07-03,BEAU-305,ApexMarket_Direct,10.03,True,3.99
2026-07-04,BEAU-305,MegaRetail_HQ,9.96,True,3.99
2026-07-04,BEAU-305,SwiftBlink_Prime,11.27,True,3.99
2026-07-04,BEAU-305,ApexMarket_Direct,8.92,True,3.99
2026-07-05,BEAU-305,MegaRetail_HQ,10.53,True,3.99
2026-07-05,BEAU-305,SwiftBlink_Prime,9.52,True,3.99
2026-07-05,BEAU-305,ApexMarket_Direct,11.14,True,3.99
2026-07-06,BEAU-305,MegaRetail_HQ,11.23,True,3.99
2026-07-06,BEAU-305,SwiftBlink_Prime,11.05,True,3.99
2026-07-06,BEAU-305,ApexMarket_Direct,11.04,True,3.99
2026-07-07,BEAU-305,MegaRetail_HQ,11.09,True,3.99
2026-07-07,BEAU-305,SwiftBlink_Prime,10.93,True,3.99
2026-07-07,BEAU-305,ApexMarket_Direct,10.83,True,3.99
2026-07-08,BEAU-305,MegaRetail_HQ,11.16,True,3.99
2026-07-08,BEAU-305,SwiftBlink_Prime,11.21,True,3.99
2026-07-08,BEAU-305,ApexMarket_Direct,10.77,False,3.99
2026-07-09,BEAU-305,MegaRetail_HQ,11.14,True,3.99
2026-07-09,BEAU-305,SwiftBlink_Prime,10.83,True,3.99
2026-07-09,BEAU-305,ApexMarket_Direct,9.04,True,3.99
2026-07-10,BEAU-305,MegaRetail_HQ,10.2,True,3.99
2026-07-10,BEAU-305,SwiftBlink_Prime,10.79,True,3.99
2026-07-10,BEAU-305,ApexMarket_Direct,11.26,False,3.99
2026-07-11,BEAU-305,MegaRetail_HQ,10.35,True,3.99
2026-07-11,BEAU-305,SwiftBlink_Prime,10.6,True,3.99
2026-07-11,BEAU-305,ApexMarket_Direct,10.48,True,3.99
2026-07-12,BEAU-305,MegaRetail_HQ,10.18,True,3.99
2026-07-12,BEAU-305,SwiftBlink_Prime,10.49,True,3.99
2026-07-12,BEAU-305,ApexMarket_Direct,11.13,True,3.99
2026-07-13,BEAU-305,MegaRetail_HQ,10.15,True,3.99
2026-07-13,BEAU-305,SwiftBlink_Prime,10.18,True,3.99
2026-07-13,BEAU-305,ApexMarket_Direct,11.26,True,3.99
2026-07-14,BEAU-305,MegaRetail_HQ,9.49,True,3.99
2026-07-14,BEAU-305,SwiftBlink_Prime,10.52,True,3.99
2026-07-14,BEAU-305,ApexMarket_Direct,11.54,True,3.99
2026-07-15,BEAU-305,MegaRetail_HQ,9.86,True,3.99
2026-07-15,BEAU-305,SwiftBlink_Prime,10.91,False,3.99
2026-07-15,BEAU-305,ApexMarket_Direct,11.43,True,3.99
2026-07-16,BEAU-305,MegaRetail_HQ,8.45,True,3.99
2026-07-16,BEAU-305,SwiftBlink_Prime,11.3,True,3.99
2026-07-16,BEAU-305,ApexMarket_Direct,12.03,True,3.99
2026-07-17,BEAU-305,MegaRetail_HQ,10.22,True,3.99
2026-07-17,BEAU-305,SwiftBlink_Prime,10.83,True,3.99
2026-07-17,BEAU-305,ApexMarket_Direct,11.44,True,3.99
2026-07-18,BEAU-305,MegaRetail_HQ,10.32,True,3.99
2026-07-18,BEAU-305,SwiftBlink_Prime,10.68,True,3.99
2026-07-18,BEAU-305,ApexMarket_Direct,10.06,True,3.99
2026-07-19,BEAU-305,MegaRetail_HQ,10.44,True,3.99
2026-07-19,BEAU-305,SwiftBlink_Prime,11.12,True,3.99
2026-07-19,BEAU-305,ApexMarket_Direct,11.81,True,3.99
2026-07-20,BEAU-305,MegaRetail_HQ,9.78,True,3.99
2026-07-20,BEAU-305,SwiftBlink_Prime,11.31,True,3.99
2026-07-20,BEAU-305,ApexMarket_Direct,12.07,True,3.99
2026-07-21,BEAU-305,MegaRetail_HQ,10.29,True,3.99
2026-07-21,BEAU-305,SwiftBlink_Prime,9.47,True,3.99
2026-07-21,BEAU-305,ApexMarket_Direct,10.46,True,3.99
2026-07-22,BEAU-305,MegaRetail_HQ,10.81,True,3.99
2026-07-22,BEAU-305,SwiftBlink_Prime,10.81,True,3.99
2026-07-22,BEAU-305,ApexMarket_Direct,11.86,True,3.99
2026-07-23,BEAU-305,MegaRetail_HQ,10.89,True,3.99
2026-07-23,BEAU-305,SwiftBlink_Prime,10.67,True,3.99
2026-07-23,BEAU-305,ApexMarket_Direct,11.89,True,3.99
2026-07-24,BEAU-305,MegaRetail_HQ,10.92,True,3.99
2026-07-24,BEAU-305,SwiftBlink_Prime,11.2,True,3.99
2026-07-24,BEAU-305,ApexMarket_Direct,11.88,True,3.99
2026-07-25,BEAU-305,MegaRetail_HQ,10.72,True,3.99
2026-07-25,BEAU-305,SwiftBlink_Prime,11.15,True,3.99
2026-07-25,BEAU-305,ApexMarket_Direct,10.97,True,3.99
2026-07-26,BEAU-305,MegaRetail_HQ,10.68,True,3.99
2026-07-26,BEAU-305,SwiftBlink_Prime,11.11,True,3.99
2026-07-26,BEAU-305,ApexMarket_Direct,10.77,True,3.99
2026-07-27,BEAU-305,MegaRetail_HQ,10.6,True,3.99
2026-07-27,BEAU-305,SwiftBlink_Prime,11.3,True,3.99
2026-07-27,BEAU-305,ApexMarket_Direct,9.34,True,3.99
2026-07-28,BEAU-305,MegaRetail_HQ,10.32,True,3.99
2026-07-28,BEAU-305,SwiftBlink_Prime,11.52,True,3.99
2026-07-28,BEAU-305,ApexMarket_Direct,11.12,True,3.99
2026-07-29,BEAU-305,MegaRetail_HQ,10.62,True,3.99
2026-07-29,BEAU-305,SwiftBlink_Prime,11.19,True,3.99
2026-07-29,BEAU-305,ApexMarket_Direct,11.07,True,3.99
2026-07-30,BEAU-305,MegaRetail_HQ,10.16,False,3.99
2026-07-30,BEAU-305,SwiftBlink_Prime,10.81,True,3.99
2026-07-30,BEAU-305,ApexMarket_Direct,11.39,True,3.99
2026-07-31,BEAU-305,MegaRetail_HQ,10.12,True,3.99
2026-07-31,BEAU-305,SwiftBlink_Prime,11.0,True,3.99
2026-07-31,BEAU-305,ApexMarket_Direct,11.05,True,3.99
2026-08-01,BEAU-305,MegaRetail_HQ,10.24,False,3.99
2026-08-01,BEAU-305,SwiftBlink_Prime,10.89,True,3.99
2026-08-01,BEAU-305,ApexMarket_Direct,11.04,True,3.99
2026-08-02,BEAU-305,MegaRetail_HQ,10.36,True,3.99
2026-08-02,BEAU-305,SwiftBlink_Prime,10.8,True,3.99
2026-08-02,BEAU-305,ApexMarket_Direct,10.72,True,3.99
2026-08-03,BEAU-305,MegaRetail_HQ,11.26,True,3.99
2026-08-03,BEAU-305,SwiftBlink_Prime,11.1,True,3.99
2026-08-03,BEAU-305,ApexMarket_Direct,10.55,True,3.99
2026-08-04,BEAU-305,MegaRetail_HQ,11.0,True,3.99
2026-08-04,BEAU-305,SwiftBlink_Prime,11.12,True,3.99
2026-08-04,BEAU-305,ApexMarket_Direct,10.11,True,3.99
2026-08-05,BEAU-305,MegaRetail_HQ,11.17,True,3.99
2026-08-05,BEAU-305,SwiftBlink_Prime,10.72,True,3.99
2026-08-05,BEAU-305,ApexMarket_Direct,10.32,True,3.99
2026-08-06,BEAU-305,MegaRetail_HQ,10.85,True,3.99
2026-08-06,BEAU-305,SwiftBlink_Prime,11.0,True,3.99
2026-08-06,BEAU-305,ApexMarket_Direct,10.1,True,3.99
2026-08-07,BEAU-305,MegaRetail_HQ,10.58,True,3.99
2026-08-07,BEAU-305,SwiftBlink_Prime,9.78,True,3.99
2026-08-07,BEAU-305,ApexMarket_Direct,10.12,True,3.99
2026-08-08,BEAU-305,MegaRetail_HQ,10.68,True,3.99
2026-08-08,BEAU-305,SwiftBlink_Prime,11.44,True,3.99
2026-08-08,BEAU-305,ApexMarket_Direct,10.0,True,3.99
2026-08-09,BEAU-305,MegaRetail_HQ,10.8,True,3.99
2026-08-09,BEAU-305,SwiftBlink_Prime,11.8,True,3.99
2026-08-09,BEAU-305,ApexMarket_Direct,9.57,True,3.99
2026-08-10,BEAU-305,MegaRetail_HQ,10.33,True,3.99
2026-08-10,BEAU-305,SwiftBlink_Prime,11.0,True,3.99
2026-08-10,BEAU-305,ApexMarket_Direct,9.39,True,3.99
2026-08-11,BEAU-305,MegaRetail_HQ,9.93,True,3.99
2026-08-11,BEAU-305,SwiftBlink_Prime,11.1,True,3.99
2026-08-11,BEAU-305,ApexMarket_Direct,9.7,True,3.99
2026-08-12,BEAU-305,MegaRetail_HQ,10.3,True,3.99
2026-08-12,BEAU-305,SwiftBlink_Prime,11.31,True,3.99
2026-08-12,BEAU-305,ApexMarket_Direct,9.59,True,3.99
2026-08-13,BEAU-305,MegaRetail_HQ,8.27,True,3.99
2026-08-13,BEAU-305,SwiftBlink_Prime,11.04,True,3.99
2026-08-13,BEAU-305,ApexMarket_Direct,9.36,True,3.99
2026-08-14,BEAU-305,MegaRetail_HQ,10.13,True,3.99
2026-08-14,BEAU-305,SwiftBlink_Prime,11.0,True,3.99
2026-08-14,BEAU-305,ApexMarket_Direct,7.73,True,3.99
2026-08-15,BEAU-305,MegaRetail_HQ,10.43,True,3.99
2026-08-15,BEAU-305,SwiftBlink_Prime,9.12,True,3.99
2026-08-15,BEAU-305,ApexMarket_Direct,9.3,True,3.99
2026-08-16,BEAU-305,MegaRetail_HQ,10.81,True,3.99
2026-08-16,BEAU-305,SwiftBlink_Prime,10.6,True,3.99
2026-08-16,BEAU-305,ApexMarket_Direct,9.73,False,3.99
2026-08-17,BEAU-305,MegaRetail_HQ,9.32,True,3.99
2026-08-17,BEAU-305,SwiftBlink_Prime,10.46,True,3.99
2026-08-17,BEAU-305,ApexMarket_Direct,10.41,True,3.99
2026-08-18,BEAU-305,MegaRetail_HQ,11.45,True,3.99
2026-08-18,BEAU-305,SwiftBlink_Prime,10.88,True,3.99
2026-08-18,BEAU-305,ApexMarket_Direct,10.03,True,3.99
2026-08-19,BEAU-305,MegaRetail_HQ,11.68,True,3.99
2026-08-19,BEAU-305,SwiftBlink_Prime,10.53,True,3.99
2026-08-19,BEAU-305,ApexMarket_Direct,9.96,True,3.99
2026-08-20,BEAU-305,MegaRetail_HQ,11.48,True,3.99
2026-08-20,BEAU-305,SwiftBlink_Prime,11.12,True,3.99
2026-08-20,BEAU-305,ApexMarket_Direct,10.1,True,3.99
2026-08-21,BEAU-305,MegaRetail_HQ,11.52,True,3.99
2026-08-21,BEAU-305,SwiftBlink_Prime,10.66,True,3.99
2026-08-21,BEAU-305,ApexMarket_Direct,10.15,True,3.99
2026-08-22,BEAU-305,MegaRetail_HQ,11.66,True,3.99
2026-08-22,BEAU-305,SwiftBlink_Prime,10.47,True,3.99
2026-08-22,BEAU-305,ApexMarket_Direct,10.66,True,3.99
2026-08-23,BEAU-305,MegaRetail_HQ,11.5,True,3.99
2026-08-23,BEAU-305,SwiftBlink_Prime,11.02,True,3.99
2026-08-23,BEAU-305,ApexMarket_Direct,9.15,True,3.99
2026-08-24,BEAU-305,MegaRetail_HQ,9.31,True,3.99
2026-08-24,BEAU-305,SwiftBlink_Prime,10.59,True,3.99
2026-08-24,BEAU-305,ApexMarket_Direct,10.26,True,3.99
2026-08-25,BEAU-305,MegaRetail_HQ,11.46,True,3.99
2026-08-25,BEAU-305,SwiftBlink_Prime,9.12,True,3.99
2026-08-25,BEAU-305,ApexMarket_Direct,10.24,True,3.99
2026-08-26,BEAU-305,MegaRetail_HQ,10.84,True,3.99
2026-08-26,BEAU-305,SwiftBlink_Prime,11.66,True,3.99
2026-08-26,BEAU-305,ApexMarket_Direct,10.52,True,3.99
2026-08-27,BEAU-305,MegaRetail_HQ,11.1,False,3.99
2026-08-27,BEAU-305,SwiftBlink_Prime,11.51,True,3.99
2026-08-27,BEAU-305,ApexMarket_Direct,10.38,True,3.99
2026-08-28,BEAU-305,MegaRetail_HQ,10.82,True,3.99
2026-08-28,BEAU-305,SwiftBlink_Prime,11.66,True,3.99
2026-08-28,BEAU-305,ApexMarket_Direct,10.74,True,3.99
2026-08-29,BEAU-305,MegaRetail_HQ,10.67,True,3.99
2026-08-29,BEAU-305,SwiftBlink_Prime,10.02,True,3.99
2026-08-29,BEAU-305,ApexMarket_Direct,11.04,True,3.99
2026-08-30,BEAU-305,MegaRetail_HQ,10.51,True,3.99
2026-08-30,BEAU-305,SwiftBlink_Prime,12.1,True,3.99
2026-08-30,BEAU-305,ApexMarket_Direct,10.57,True,3.99
2026-08-31,BEAU-305,MegaRetail_HQ,10.57,True,3.99
2026-08-31,BEAU-305,SwiftBlink_Prime,11.46,True,3.99
2026-08-31,BEAU-305,ApexMarket_Direct,10.59,True,3.99
2026-09-01,BEAU-305,MegaRetail_HQ,10.7,True,3.99
2026-09-01,BEAU-305,SwiftBlink_Prime,11.68,True,3.99
2026-09-01,BEAU-305,ApexMarket_Direct,10.58,True,3.99
2026-09-02,BEAU-305,MegaRetail_HQ,11.01,True,3.99
2026-09-02,BEAU-305,SwiftBlink_Prime,11.78,False,3.99
2026-09-02,BEAU-305,ApexMarket_Direct,10.98,True,3.99
2026-09-03,BEAU-305,MegaRetail_HQ,10.7,True,3.99
2026-09-03,BEAU-305,SwiftBlink_Prime,11.53,True,3.99
2026-09-03,BEAU-305,ApexMarket_Direct,11.32,True,3.99
2026-09-04,BEAU-305,MegaRetail_HQ,10.81,True,3.99
2026-09-04,BEAU-305,SwiftBlink_Prime,11.47,True,3.99
2026-09-04,BEAU-305,ApexMarket_Direct,11.31,True,3.99
2026-09-05,BEAU-305,MegaRetail_HQ,11.21,True,3.99
2026-09-05,BEAU-305,SwiftBlink_Prime,11.44,True,3.99
2026-09-05,BEAU-305,ApexMarket_Direct,9.35,False,3.99
2026-09-06,BEAU-305,MegaRetail_HQ,11.43,True,3.99
2026-09-06,BEAU-305,SwiftBlink_Prime,11.38,True,3.99
2026-09-06,BEAU-305,ApexMarket_Direct,11.2,True,3.99
2026-09-07,BEAU-305,MegaRetail_HQ,11.09,True,3.99
2026-09-07,BEAU-305,SwiftBlink_Prime,10.75,True,3.99
2026-09-07,BEAU-305,ApexMarket_Direct,11.21,True,3.99
2026-09-08,BEAU-305,MegaRetail_HQ,11.54,True,3.99
2026-09-08,BEAU-305,SwiftBlink_Prime,10.51,True,3.99
2026-09-08,BEAU-305,ApexMarket_Direct,8.91,True,3.99
2026-09-09,BEAU-305,MegaRetail_HQ,11.78,True,3.99
2026-09-09,BEAU-305,SwiftBlink_Prime,10.82,True,3.99
2026-09-09,BEAU-305,ApexMarket_Direct,10.66,True,3.99
2026-09-10,BEAU-305,MegaRetail_HQ,12.01,True,3.99
2026-09-10,BEAU-305,SwiftBlink_Prime,10.52,True,3.99
2026-09-10,BEAU-305,ApexMarket_Direct,11.03,True,3.99
2026-09-11,BEAU-305,MegaRetail_HQ,11.68,True,3.99
2026-09-11,BEAU-305,SwiftBlink_Prime,10.9,True,3.99
2026-09-11,BEAU-305,ApexMarket_Direct,11.19,True,3.99
2026-09-12,BEAU-305,MegaRetail_HQ,11.85,True,3.99
2026-09-12,BEAU-305,SwiftBlink_Prime,10.95,True,3.99
2026-09-12,BEAU-305,ApexMarket_Direct,11.52,True,3.99
2026-09-13,BEAU-305,MegaRetail_HQ,12.44,True,3.99
2026-09-13,BEAU-305,SwiftBlink_Prime,10.4,True,3.99
2026-09-13,BEAU-305,ApexMarket_Direct,11.28,True,3.99
2026-09-14,BEAU-305,MegaRetail_HQ,10.57,True,3.99
2026-09-14,BEAU-305,SwiftBlink_Prime,11.25,True,3.99
2026-09-14,BEAU-305,ApexMarket_Direct,11.2,True,3.99
2026-09-15,BEAU-305,MegaRetail_HQ,12.12,True,3.99
2026-09-15,BEAU-305,SwiftBlink_Prime,11.0,True,3.99
2026-09-15,BEAU-305,ApexMarket_Direct,11.06,True,3.99
2026-09-16,BEAU-305,MegaRetail_HQ,12.07,True,3.99
2026-09-16,BEAU-305,SwiftBlink_Prime,11.18,True,3.99
2026-09-16,BEAU-305,ApexMarket_Direct,10.72,True,3.99
2026-09-17,BEAU-305,MegaRetail_HQ,11.62,True,3.99
2026-09-17,BEAU-305,SwiftBlink_Prime,10.21,True,3.99
2026-09-17,BEAU-305,ApexMarket_Direct,10.94,True,3.99
2026-09-18,BEAU-305,MegaRetail_HQ,11.06,True,3.99
2026-09-18,BEAU-305,SwiftBlink_Prime,10.12,True,3.99
2026-09-18,BEAU-305,ApexMarket_Direct,10.8,True,3.99
2026-06-21,HOME-401,MegaRetail_HQ,32.23,True,3.99
2026-06-21,HOME-401,SwiftBlink_Prime,27.97,True,3.99
2026-06-21,HOME-401,ApexMarket_Direct,28.64,True,3.99
2026-06-22,HOME-401,MegaRetail_HQ,31.36,True,3.99
2026-06-22,HOME-401,SwiftBlink_Prime,32.77,True,3.99
2026-06-22,HOME-401,ApexMarket_Direct,28.32,True,3.99
2026-06-23,HOME-401,MegaRetail_HQ,26.3,True,3.99
2026-06-23,HOME-401,SwiftBlink_Prime,33.51,True,3.99
2026-06-23,HOME-401,ApexMarket_Direct,28.52,True,3.99
2026-06-24,HOME-401,MegaRetail_HQ,31.85,True,3.99
2026-06-24,HOME-401,SwiftBlink_Prime,31.49,True,3.99
2026-06-24,HOME-401,ApexMarket_Direct,29.27,True,3.99
2026-06-25,HOME-401,MegaRetail_HQ,32.52,True,3.99
2026-06-25,HOME-401,SwiftBlink_Prime,30.19,True,3.99
2026-06-25,HOME-401,ApexMarket_Direct,24.2,False,3.99
2026-06-26,HOME-401,MegaRetail_HQ,33.34,True,3.99
2026-06-26,HOME-401,SwiftBlink_Prime,30.05,True,3.99
2026-06-26,HOME-401,ApexMarket_Direct,27.49,True,3.99
2026-06-27,HOME-401,MegaRetail_HQ,31.83,True,3.99
2026-06-27,HOME-401,SwiftBlink_Prime,30.39,True,3.99
2026-06-27,HOME-401,ApexMarket_Direct,26.81,True,3.99
2026-06-28,HOME-401,MegaRetail_HQ,32.68,True,3.99
2026-06-28,HOME-401,SwiftBlink_Prime,30.95,True,3.99
2026-06-28,HOME-401,ApexMarket_Direct,27.69,True,3.99
2026-06-29,HOME-401,MegaRetail_HQ,32.42,True,3.99
2026-06-29,HOME-401,SwiftBlink_Prime,30.84,True,3.99
2026-06-29,HOME-401,ApexMarket_Direct,26.15,True,3.99
2026-06-30,HOME-401,MegaRetail_HQ,26.67,True,3.99
2026-06-30,HOME-401,SwiftBlink_Prime,30.21,True,3.99
2026-06-30,HOME-401,ApexMarket_Direct,22.95,True,3.99
2026-07-01,HOME-401,MegaRetail_HQ,31.84,True,3.99
2026-07-01,HOME-401,SwiftBlink_Prime,29.89,True,3.99
2026-07-01,HOME-401,ApexMarket_Direct,27.99,True,3.99
2026-07-02,HOME-401,MegaRetail_HQ,31.84,True,3.99
2026-07-02,HOME-401,SwiftBlink_Prime,28.57,True,3.99
2026-07-02,HOME-401,ApexMarket_Direct,28.84,True,3.99
2026-07-03,HOME-401,MegaRetail_HQ,32.79,True,3.99
2026-07-03,HOME-401,SwiftBlink_Prime,28.61,True,3.99
2026-07-03,HOME-401,ApexMarket_Direct,29.78,True,3.99
2026-07-04,HOME-401,MegaRetail_HQ,32.5,True,3.99
2026-07-04,HOME-401,SwiftBlink_Prime,30.2,True,3.99
2026-07-04,HOME-401,ApexMarket_Direct,28.8,True,3.99
2026-07-05,HOME-401,MegaRetail_HQ,31.68,True,3.99
2026-07-05,HOME-401,SwiftBlink_Prime,25.22,True,3.99
2026-07-05,HOME-401,ApexMarket_Direct,28.6,True,3.99
2026-07-06,HOME-401,MegaRetail_HQ,31.45,True,3.99
2026-07-06,HOME-401,SwiftBlink_Prime,31.21,True,3.99
2026-07-06,HOME-401,ApexMarket_Direct,29.27,True,3.99
2026-07-07,HOME-401,MegaRetail_HQ,30.64,False,3.99
2026-07-07,HOME-401,SwiftBlink_Prime,30.43,True,3.99
2026-07-07,HOME-401,ApexMarket_Direct,29.3,True,3.99
2026-07-08,HOME-401,MegaRetail_HQ,32.32,True,3.99
2026-07-08,HOME-401,SwiftBlink_Prime,31.01,True,3.99
2026-07-08,HOME-401,ApexMarket_Direct,28.94,True,3.99
2026-07-09,HOME-401,MegaRetail_HQ,32.67,True,3.99
2026-07-09,HOME-401,SwiftBlink_Prime,32.2,True,3.99
2026-07-09,HOME-401,ApexMarket_Direct,28.66,True,3.99
2026-07-10,HOME-401,MegaRetail_HQ,31.91,True,3.99
2026-07-10,HOME-401,SwiftBlink_Prime,30.91,True,3.99
2026-07-10,HOME-401,ApexMarket_Direct,29.13,True,3.99
2026-07-11,HOME-401,MegaRetail_HQ,30.04,True,3.99
2026-07-11,HOME-401,SwiftBlink_Prime,29.92,True,3.99
2026-07-11,HOME-401,ApexMarket_Direct,25.48,True,3.99
2026-07-12,HOME-401,MegaRetail_HQ,31.17,True,3.99
2026-07-12,HOME-401,SwiftBlink_Prime,29.02,True,3.99
2026-07-12,HOME-401,ApexMarket_Direct,29.33,True,3.99
2026-07-13,HOME-401,MegaRetail_HQ,31.11,True,3.99
2026-07-13,HOME-401,SwiftBlink_Prime,28.7,True,3.99
2026-07-13,HOME-401,ApexMarket_Direct,28.77,True,3.99
2026-07-14,HOME-401,MegaRetail_HQ,30.22,True,3.99
2026-07-14,HOME-401,SwiftBlink_Prime,29.09,True,3.99
2026-07-14,HOME-401,ApexMarket_Direct,29.37,False,3.99
2026-07-15,HOME-401,MegaRetail_HQ,25.8,True,3.99
2026-07-15,HOME-401,SwiftBlink_Prime,30.31,False,3.99
2026-07-15,HOME-401,ApexMarket_Direct,29.44,True,3.99
2026-07-16,HOME-401,MegaRetail_HQ,29.66,False,3.99
2026-07-16,HOME-401,SwiftBlink_Prime,32.25,True,3.99
2026-07-16,HOME-401,ApexMarket_Direct,29.82,True,3.99
2026-07-17,HOME-401,MegaRetail_HQ,31.58,True,3.99
2026-07-17,HOME-401,SwiftBlink_Prime,31.88,True,3.99
2026-07-17,HOME-401,ApexMarket_Direct,29.39,True,3.99
2026-07-18,HOME-401,MegaRetail_HQ,31.95,True,3.99
2026-07-18,HOME-401,SwiftBlink_Prime,32.2,True,3.99
2026-07-18,HOME-401,ApexMarket_Direct,30.52,True,3.99
2026-07-19,HOME-401,MegaRetail_HQ,31.43,True,3.99
2026-07-19,HOME-401,SwiftBlink_Prime,31.15,True,3.99
2026-07-19,HOME-401,ApexMarket_Direct,29.59,True,3.99
2026-07-20,HOME-401,MegaRetail_HQ,31.49,True,3.99
2026-07-20,HOME-401,SwiftBlink_Prime,30.79,True,3.99
2026-07-20,HOME-401,ApexMarket_Direct,29.83,True,3.99
2026-07-21,HOME-401,MegaRetail_HQ,33.37,True,3.99
2026-07-21,HOME-401,SwiftBlink_Prime,31.35,True,3.99
2026-07-21,HOME-401,ApexMarket_Direct,29.68,True,3.99
2026-07-22,HOME-401,MegaRetail_HQ,32.84,True,3.99
2026-07-22,HOME-401,SwiftBlink_Prime,29.2,True,3.99
2026-07-22,HOME-401,ApexMarket_Direct,30.86,True,3.99
2026-07-23,HOME-401,MegaRetail_HQ,31.38,True,3.99
2026-07-23,HOME-401,SwiftBlink_Prime,28.69,True,3.99
2026-07-23,HOME-401,ApexMarket_Direct,30.21,True,3.99
2026-07-24,HOME-401,MegaRetail_HQ,31.99,False,3.99
2026-07-24,HOME-401,SwiftBlink_Prime,29.93,True,3.99
2026-07-24,HOME-401,ApexMarket_Direct,28.07,True,3.99
2026-07-25,HOME-401,MegaRetail_HQ,30.51,True,3.99
2026-07-25,HOME-401,SwiftBlink_Prime,31.02,True,3.99
2026-07-25,HOME-401,ApexMarket_Direct,28.34,True,3.99
2026-07-26,HOME-401,MegaRetail_HQ,30.74,True,3.99
2026-07-26,HOME-401,SwiftBlink_Prime,30.01,False,3.99
2026-07-26,HOME-401,ApexMarket_Direct,28.35,True,3.99
2026-07-27,HOME-401,MegaRetail_HQ,30.94,False,3.99
2026-07-27,HOME-401,SwiftBlink_Prime,24.96,True,3.99
2026-07-27,HOME-401,ApexMarket_Direct,29.16,True,3.99
2026-07-28,HOME-401,MegaRetail_HQ,29.83,True,3.99
2026-07-28,HOME-401,SwiftBlink_Prime,28.4,True,3.99
2026-07-28,HOME-401,ApexMarket_Direct,24.56,True,3.99
2026-07-29,HOME-401,MegaRetail_HQ,30.27,True,3.99
2026-07-29,HOME-401,SwiftBlink_Prime,24.4,True,3.99
2026-07-29,HOME-401,ApexMarket_Direct,28.8,True,3.99
2026-07-30,HOME-401,MegaRetail_HQ,30.32,True,3.99
2026-07-30,HOME-401,SwiftBlink_Prime,29.04,True,3.99
2026-07-30,HOME-401,ApexMarket_Direct,27.63,True,3.99
2026-07-31,HOME-401,MegaRetail_HQ,30.35,False,3.99
2026-07-31,HOME-401,SwiftBlink_Prime,30.23,True,3.99
2026-07-31,HOME-401,ApexMarket_Direct,28.82,False,3.99
2026-08-01,HOME-401,MegaRetail_HQ,29.76,True,3.99
2026-08-01,HOME-401,SwiftBlink_Prime,30.7,True,3.99
2026-08-01,HOME-401,ApexMarket_Direct,29.08,True,3.99
2026-08-02,HOME-401,MegaRetail_HQ,25.02,True,3.99
2026-08-02,HOME-401,SwiftBlink_Prime,31.87,True,3.99
2026-08-02,HOME-401,ApexMarket_Direct,29.1,True,3.99
2026-08-03,HOME-401,MegaRetail_HQ,30.39,True,3.99
2026-08-03,HOME-401,SwiftBlink_Prime,31.15,True,3.99
2026-08-03,HOME-401,ApexMarket_Direct,29.55,True,3.99
2026-08-04,HOME-401,MegaRetail_HQ,28.99,True,3.99
2026-08-04,HOME-401,SwiftBlink_Prime,29.95,True,3.99
2026-08-04,HOME-401,ApexMarket_Direct,28.81,True,3.99
2026-08-05,HOME-401,MegaRetail_HQ,29.17,True,3.99
2026-08-05,HOME-401,SwiftBlink_Prime,29.8,True,3.99
2026-08-05,HOME-401,ApexMarket_Direct,29.96,True,3.99
2026-08-06,HOME-401,MegaRetail_HQ,28.78,True,3.99
2026-08-06,HOME-401,SwiftBlink_Prime,30.86,True,3.99
2026-08-06,HOME-401,ApexMarket_Direct,31.07,True,3.99
2026-08-07,HOME-401,MegaRetail_HQ,23.38,True,3.99
2026-08-07,HOME-401,SwiftBlink_Prime,29.95,False,3.99
2026-08-07,HOME-401,ApexMarket_Direct,28.96,True,3.99
2026-08-08,HOME-401,MegaRetail_HQ,27.84,False,3.99
2026-08-08,HOME-401,SwiftBlink_Prime,32.05,True,3.99
2026-08-08,HOME-401,ApexMarket_Direct,28.78,True,3.99
2026-08-09,HOME-401,MegaRetail_HQ,26.43,True,3.99
2026-08-09,HOME-401,SwiftBlink_Prime,30.41,True,3.99
2026-08-09,HOME-401,ApexMarket_Direct,29.56,True,3.99
2026-08-10,HOME-401,MegaRetail_HQ,26.12,True,3.99
2026-08-10,HOME-401,SwiftBlink_Prime,30.56,True,3.99
2026-08-10,HOME-401,ApexMarket_Direct,28.9,True,3.99
2026-08-11,HOME-401,MegaRetail_HQ,26.54,True,3.99
2026-08-11,HOME-401,SwiftBlink_Prime,32.3,True,3.99
2026-08-11,HOME-401,ApexMarket_Direct,28.68,True,3.99
2026-08-12,HOME-401,MegaRetail_HQ,27.21,True,3.99
2026-08-12,HOME-401,SwiftBlink_Prime,32.37,True,3.99
2026-08-12,HOME-401,ApexMarket_Direct,29.11,True,3.99
2026-08-13,HOME-401,MegaRetail_HQ,27.72,True,3.99
2026-08-13,HOME-401,SwiftBlink_Prime,31.82,True,3.99
2026-08-13,HOME-401,ApexMarket_Direct,27.61,True,3.99
2026-08-14,HOME-401,MegaRetail_HQ,27.18,True,3.99
2026-08-14,HOME-401,SwiftBlink_Prime,31.75,False,3.99
2026-08-14,HOME-401,ApexMarket_Direct,26.76,True,3.99
2026-08-15,HOME-401,MegaRetail_HQ,28.58,True,3.99
2026-08-15,HOME-401,SwiftBlink_Prime,31.46,True,3.99
2026-08-15,HOME-401,ApexMarket_Direct,27.81,True,3.99
2026-08-16,HOME-401,MegaRetail_HQ,28.29,True,3.99
2026-08-16,HOME-401,SwiftBlink_Prime,31.66,True,3.99
2026-08-16,HOME-401,ApexMarket_Direct,27.65,True,3.99
2026-08-17,HOME-401,MegaRetail_HQ,29.38,True,3.99
2026-08-17,HOME-401,SwiftBlink_Prime,31.06,True,3.99
2026-08-17,HOME-401,ApexMarket_Direct,28.16,True,3.99
2026-08-18,HOME-401,MegaRetail_HQ,28.79,True,3.99
2026-08-18,HOME-401,SwiftBlink_Prime,30.77,True,3.99
2026-08-18,HOME-401,ApexMarket_Direct,29.22,True,3.99
2026-08-19,HOME-401,MegaRetail_HQ,27.38,True,3.99
2026-08-19,HOME-401,SwiftBlink_Prime,33.35,True,3.99
2026-08-19,HOME-401,ApexMarket_Direct,30.91,True,3.99
2026-08-20,HOME-401,MegaRetail_HQ,27.67,True,3.99
2026-08-20,HOME-401,SwiftBlink_Prime,32.36,True,3.99
2026-08-20,HOME-401,ApexMarket_Direct,31.91,True,3.99
2026-08-21,HOME-401,MegaRetail_HQ,27.59,True,3.99
2026-08-21,HOME-401,SwiftBlink_Prime,33.01,True,3.99
2026-08-21,HOME-401,ApexMarket_Direct,33.06,True,3.99
2026-08-22,HOME-401,MegaRetail_HQ,27.72,True,3.99
2026-08-22,HOME-401,SwiftBlink_Prime,25.19,True,3.99
2026-08-22,HOME-401,ApexMarket_Direct,32.87,True,3.99
2026-08-23,HOME-401,MegaRetail_HQ,28.11,True,3.99
2026-08-23,HOME-401,SwiftBlink_Prime,28.5,True,3.99
2026-08-23,HOME-401,ApexMarket_Direct,32.94,True,3.99
2026-08-24,HOME-401,MegaRetail_HQ,29.24,True,3.99
2026-08-24,HOME-401,SwiftBlink_Prime,24.88,True,3.99
2026-08-24,HOME-401,ApexMarket_Direct,32.13,True,3.99
2026-08-25,HOME-401,MegaRetail_HQ,25.03,True,3.99
2026-08-25,HOME-401,SwiftBlink_Prime,30.28,True,3.99
2026-08-25,HOME-401,ApexMarket_Direct,32.39,True,3.99
2026-08-26,HOME-401,MegaRetail_HQ,29.6,True,3.99
2026-08-26,HOME-401,SwiftBlink_Prime,26.78,True,3.99
2026-08-26,HOME-401,ApexMarket_Direct,33.14,True,3.99
2026-08-27,HOME-401,MegaRetail_HQ,24.91,True,3.99
2026-08-27,HOME-401,SwiftBlink_Prime,26.86,True,3.99
2026-08-27,HOME-401,ApexMarket_Direct,33.22,True,3.99
2026-08-28,HOME-401,MegaRetail_HQ,29.71,True,3.99
2026-08-28,HOME-401,SwiftBlink_Prime,26.71,False,3.99
2026-08-28,HOME-401,ApexMarket_Direct,33.4,True,3.99
2026-08-29,HOME-401,MegaRetail_HQ,30.24,True,3.99
2026-08-29,HOME-401,SwiftBlink_Prime,23.8,True,3.99
2026-08-29,HOME-401,ApexMarket_Direct,32.75,True,3.99
2026-08-30,HOME-401,MegaRetail_HQ,30.43,True,3.99
2026-08-30,HOME-401,SwiftBlink_Prime,30.25,True,3.99
2026-08-30,HOME-401,ApexMarket_Direct,31.34,True,3.99
2026-08-31,HOME-401,MegaRetail_HQ,29.94,True,3.99
2026-08-31,HOME-401,SwiftBlink_Prime,31.03,True,3.99
2026-08-31,HOME-401,ApexMarket_Direct,30.91,True,3.99
2026-09-01,HOME-401,MegaRetail_HQ,24.94,True,3.99
2026-09-01,HOME-401,SwiftBlink_Prime,30.65,True,3.99
2026-09-01,HOME-401,ApexMarket_Direct,31.43,True,3.99
2026-09-02,HOME-401,MegaRetail_HQ,27.6,True,3.99
2026-09-02,HOME-401,SwiftBlink_Prime,30.03,False,3.99
2026-09-02,HOME-401,ApexMarket_Direct,27.34,True,3.99
2026-09-03,HOME-401,MegaRetail_HQ,27.07,True,3.99
2026-09-03,HOME-401,SwiftBlink_Prime,31.48,True,3.99
2026-09-03,HOME-401,ApexMarket_Direct,30.97,False,3.99
2026-09-04,HOME-401,MegaRetail_HQ,23.25,True,3.99
2026-09-04,HOME-401,SwiftBlink_Prime,32.46,True,3.99
2026-09-04,HOME-401,ApexMarket_Direct,30.19,True,3.99
2026-09-05,HOME-401,MegaRetail_HQ,27.39,False,3.99
2026-09-05,HOME-401,SwiftBlink_Prime,35.13,True,0.0
2026-09-05,HOME-401,ApexMarket_Direct,30.77,True,3.99
2026-09-06,HOME-401,MegaRetail_HQ,28.83,True,3.99
2026-09-06,HOME-401,SwiftBlink_Prime,33.87,True,3.99
2026-09-06,HOME-401,ApexMarket_Direct,33.0,True,3.99
2026-09-07,HOME-401,MegaRetail_HQ,24.96,True,3.99
2026-09-07,HOME-401,SwiftBlink_Prime,33.65,True,3.99
2026-09-07,HOME-401,ApexMarket_Direct,31.92,True,3.99
2026-09-08,HOME-401,MegaRetail_HQ,29.44,True,3.99
2026-09-08,HOME-401,SwiftBlink_Prime,32.52,False,3.99
2026-09-08,HOME-401,ApexMarket_Direct,30.47,True,3.99
2026-09-09,HOME-401,MegaRetail_HQ,25.67,True,3.99
2026-09-09,HOME-401,SwiftBlink_Prime,32.29,False,3.99
2026-09-09,HOME-401,ApexMarket_Direct,30.93,True,3.99
2026-09-10,HOME-401,MegaRetail_HQ,30.45,True,3.99
2026-09-10,HOME-401,SwiftBlink_Prime,31.04,True,3.99
2026-09-10,HOME-401,ApexMarket_Direct,30.89,True,3.99
2026-09-11,HOME-401,MegaRetail_HQ,31.04,True,3.99
2026-09-11,HOME-401,SwiftBlink_Prime,31.81,True,3.99
2026-09-11,HOME-401,ApexMarket_Direct,30.19,True,3.99
2026-09-12,HOME-401,MegaRetail_HQ,32.54,True,3.99
2026-09-12,HOME-401,SwiftBlink_Prime,31.64,True,3.99
2026-09-12,HOME-401,ApexMarket_Direct,29.61,True,3.99
2026-09-13,HOME-401,MegaRetail_HQ,32.72,True,3.99
2026-09-13,HOME-401,SwiftBlink_Prime,28.21,True,3.99
2026-09-13,HOME-401,ApexMarket_Direct,28.96,True,3.99
2026-09-14,HOME-401,MegaRetail_HQ,33.81,True,3.99
2026-09-14,HOME-401,SwiftBlink_Prime,32.99,True,3.99
2026-09-14,HOME-401,ApexMarket_Direct,29.39,True,3.99
2026-09-15,HOME-401,MegaRetail_HQ,33.57,True,3.99
2026-09-15,HOME-401,SwiftBlink_Prime,33.85,True,3.99
2026-09-15,HOME-401,ApexMarket_Direct,29.05,True,3.99
2026-09-16,HOME-401,MegaRetail_HQ,33.78,True,3.99
2026-09-16,HOME-401,SwiftBlink_Prime,33.99,True,3.99
2026-09-16,HOME-401,ApexMarket_Direct,23.72,True,3.99
2026-09-17,HOME-401,MegaRetail_HQ,32.97,True,3.99
2026-09-17,HOME-401,SwiftBlink_Prime,32.58,True,3.99
2026-09-17,HOME-401,ApexMarket_Direct,30.65,True,3.99
2026-09-18,HOME-401,MegaRetail_HQ,33.3,True,3.99
2026-09-18,HOME-401,SwiftBlink_Prime,27.95,True,3.99
2026-09-18,HOME-401,ApexMarket_Direct,30.38,True,3.99
2026-06-21,HOME-402,MegaRetail_HQ,19.69,True,3.99
2026-06-21,HOME-402,SwiftBlink_Prime,20.62,False,3.99
2026-06-21,HOME-402,ApexMarket_Direct,19.83,True,3.99
2026-06-22,HOME-402,MegaRetail_HQ,19.48,True,3.99
2026-06-22,HOME-402,SwiftBlink_Prime,21.01,True,3.99
2026-06-22,HOME-402,ApexMarket_Direct,20.33,True,3.99
2026-06-23,HOME-402,MegaRetail_HQ,19.49,True,3.99
2026-06-23,HOME-402,SwiftBlink_Prime,21.91,True,3.99
2026-06-23,HOME-402,ApexMarket_Direct,21.01,False,3.99
2026-06-24,HOME-402,MegaRetail_HQ,20.0,True,3.99
2026-06-24,HOME-402,SwiftBlink_Prime,21.47,True,3.99
2026-06-24,HOME-402,ApexMarket_Direct,20.65,True,3.99
2026-06-25,HOME-402,MegaRetail_HQ,20.15,True,3.99
2026-06-25,HOME-402,SwiftBlink_Prime,22.09,True,3.99
2026-06-25,HOME-402,ApexMarket_Direct,22.07,True,3.99
2026-06-26,HOME-402,MegaRetail_HQ,20.17,True,3.99
2026-06-26,HOME-402,SwiftBlink_Prime,21.83,False,3.99
2026-06-26,HOME-402,ApexMarket_Direct,21.98,True,3.99
2026-06-27,HOME-402,MegaRetail_HQ,21.19,True,3.99
2026-06-27,HOME-402,SwiftBlink_Prime,21.81,True,3.99
2026-06-27,HOME-402,ApexMarket_Direct,22.14,True,3.99
2026-06-28,HOME-402,MegaRetail_HQ,20.18,True,3.99
2026-06-28,HOME-402,SwiftBlink_Prime,21.47,True,3.99
2026-06-28,HOME-402,ApexMarket_Direct,22.19,True,3.99
2026-06-29,HOME-402,MegaRetail_HQ,20.63,True,3.99
2026-06-29,HOME-402,SwiftBlink_Prime,21.6,True,3.99
2026-06-29,HOME-402,ApexMarket_Direct,21.17,True,3.99
2026-06-30,HOME-402,MegaRetail_HQ,20.6,True,3.99
2026-06-30,HOME-402,SwiftBlink_Prime,22.01,True,3.99
2026-06-30,HOME-402,ApexMarket_Direct,17.54,True,3.99
2026-07-01,HOME-402,MegaRetail_HQ,19.55,True,3.99
2026-07-01,HOME-402,SwiftBlink_Prime,21.6,True,3.99
2026-07-01,HOME-402,ApexMarket_Direct,20.42,True,3.99
2026-07-02,HOME-402,MegaRetail_HQ,20.1,True,3.99
2026-07-02,HOME-402,SwiftBlink_Prime,21.5,True,3.99
2026-07-02,HOME-402,ApexMarket_Direct,20.42,True,3.99
2026-07-03,HOME-402,MegaRetail_HQ,17.71,True,3.99
2026-07-03,HOME-402,SwiftBlink_Prime,18.15,True,3.99
2026-07-03,HOME-402,ApexMarket_Direct,19.48,True,3.99
2026-07-04,HOME-402,MegaRetail_HQ,19.85,True,3.99
2026-07-04,HOME-402,SwiftBlink_Prime,20.32,True,3.99
2026-07-04,HOME-402,ApexMarket_Direct,19.52,True,3.99
2026-07-05,HOME-402,MegaRetail_HQ,20.37,True,3.99
2026-07-05,HOME-402,SwiftBlink_Prime,20.57,True,3.99
2026-07-05,HOME-402,ApexMarket_Direct,15.83,True,3.99
2026-07-06,HOME-402,MegaRetail_HQ,20.58,True,3.99
2026-07-06,HOME-402,SwiftBlink_Prime,20.59,True,3.99
2026-07-06,HOME-402,ApexMarket_Direct,19.02,True,3.99
2026-07-07,HOME-402,MegaRetail_HQ,21.18,True,3.99
2026-07-07,HOME-402,SwiftBlink_Prime,20.43,True,3.99
2026-07-07,HOME-402,ApexMarket_Direct,19.59,True,3.99
2026-07-08,HOME-402,MegaRetail_HQ,20.31,True,3.99
2026-07-08,HOME-402,SwiftBlink_Prime,21.89,True,3.99
2026-07-08,HOME-402,ApexMarket_Direct,20.92,True,3.99
2026-07-09,HOME-402,MegaRetail_HQ,16.7,True,3.99
2026-07-09,HOME-402,SwiftBlink_Prime,21.22,False,3.99
2026-07-09,HOME-402,ApexMarket_Direct,20.41,True,3.99
2026-07-10,HOME-402,MegaRetail_HQ,18.98,True,3.99
2026-07-10,HOME-402,SwiftBlink_Prime,21.3,True,3.99
2026-07-10,HOME-402,ApexMarket_Direct,20.22,True,3.99
2026-07-11,HOME-402,MegaRetail_HQ,17.11,True,3.99
2026-07-11,HOME-402,SwiftBlink_Prime,20.86,True,3.99
2026-07-11,HOME-402,ApexMarket_Direct,16.22,True,3.99
2026-07-12,HOME-402,MegaRetail_HQ,20.24,True,3.99
2026-07-12,HOME-402,SwiftBlink_Prime,20.63,True,3.99
2026-07-12,HOME-402,ApexMarket_Direct,20.27,True,3.99
2026-07-13,HOME-402,MegaRetail_HQ,19.92,True,3.99
2026-07-13,HOME-402,SwiftBlink_Prime,16.83,True,3.99
2026-07-13,HOME-402,ApexMarket_Direct,20.1,True,3.99
2026-07-14,HOME-402,MegaRetail_HQ,21.15,True,3.99
2026-07-14,HOME-402,SwiftBlink_Prime,20.12,True,3.99
2026-07-14,HOME-402,ApexMarket_Direct,20.17,True,3.99
2026-07-15,HOME-402,MegaRetail_HQ,20.9,True,3.99
2026-07-15,HOME-402,SwiftBlink_Prime,19.57,True,3.99
2026-07-15,HOME-402,ApexMarket_Direct,19.77,True,3.99
2026-07-16,HOME-402,MegaRetail_HQ,21.37,True,3.99
2026-07-16,HOME-402,SwiftBlink_Prime,19.65,True,3.99
2026-07-16,HOME-402,ApexMarket_Direct,19.28,True,3.99
2026-07-17,HOME-402,MegaRetail_HQ,19.87,True,3.99
2026-07-17,HOME-402,SwiftBlink_Prime,19.98,True,3.99
2026-07-17,HOME-402,ApexMarket_Direct,18.72,True,3.99
2026-07-18,HOME-402,MegaRetail_HQ,20.25,True,3.99
2026-07-18,HOME-402,SwiftBlink_Prime,20.82,True,3.99
2026-07-18,HOME-402,ApexMarket_Direct,18.19,True,3.99
2026-07-19,HOME-402,MegaRetail_HQ,21.13,True,3.99
2026-07-19,HOME-402,SwiftBlink_Prime,20.3,True,3.99
2026-07-19,HOME-402,ApexMarket_Direct,18.1,True,3.99
2026-07-20,HOME-402,MegaRetail_HQ,21.05,True,3.99
2026-07-20,HOME-402,SwiftBlink_Prime,16.42,True,3.99
2026-07-20,HOME-402,ApexMarket_Direct,19.71,True,3.99
2026-07-21,HOME-402,MegaRetail_HQ,20.87,True,3.99
2026-07-21,HOME-402,SwiftBlink_Prime,20.57,False,3.99
2026-07-21,HOME-402,ApexMarket_Direct,18.96,True,3.99
2026-07-22,HOME-402,MegaRetail_HQ,20.99,True,3.99
2026-07-22,HOME-402,SwiftBlink_Prime,19.89,True,3.99
2026-07-22,HOME-402,ApexMarket_Direct,19.46,True,3.99
2026-07-23,HOME-402,MegaRetail_HQ,20.26,True,3.99
2026-07-23,HOME-402,SwiftBlink_Prime,19.84,True,3.99
2026-07-23,HOME-402,ApexMarket_Direct,19.21,True,3.99
2026-07-24,HOME-402,MegaRetail_HQ,20.54,True,3.99
2026-07-24,HOME-402,SwiftBlink_Prime,20.59,False,3.99
2026-07-24,HOME-402,ApexMarket_Direct,18.26,True,3.99
2026-07-25,HOME-402,MegaRetail_HQ,20.19,True,3.99
2026-07-25,HOME-402,SwiftBlink_Prime,21.64,True,3.99
2026-07-25,HOME-402,ApexMarket_Direct,18.36,True,3.99
2026-07-26,HOME-402,MegaRetail_HQ,20.63,True,3.99
2026-07-26,HOME-402,SwiftBlink_Prime,21.79,True,3.99
2026-07-26,HOME-402,ApexMarket_Direct,19.12,True,3.99
2026-07-27,HOME-402,MegaRetail_HQ,21.11,True,3.99
2026-07-27,HOME-402,SwiftBlink_Prime,22.21,True,3.99
2026-07-27,HOME-402,ApexMarket_Direct,18.88,True,3.99
2026-07-28,HOME-402,MegaRetail_HQ,20.65,True,3.99
2026-07-28,HOME-402,SwiftBlink_Prime,21.27,True,3.99
2026-07-28,HOME-402,ApexMarket_Direct,18.0,True,3.99
2026-07-29,HOME-402,MegaRetail_HQ,20.68,True,3.99
2026-07-29,HOME-402,SwiftBlink_Prime,21.68,True,3.99
2026-07-29,HOME-402,ApexMarket_Direct,18.03,True,3.99
2026-07-30,HOME-402,MegaRetail_HQ,20.86,True,3.99
2026-07-30,HOME-402,SwiftBlink_Prime,22.26,True,3.99
2026-07-30,HOME-402,ApexMarket_Direct,19.08,True,3.99
2026-07-31,HOME-402,MegaRetail_HQ,21.75,True,3.99
2026-07-31,HOME-402,SwiftBlink_Prime,22.12,True,3.99
2026-07-31,HOME-402,ApexMarket_Direct,19.6,True,3.99
2026-08-01,HOME-402,MegaRetail_HQ,21.72,True,3.99
2026-08-01,HOME-402,SwiftBlink_Prime,21.36,True,3.99
2026-08-01,HOME-402,ApexMarket_Direct,19.38,True,3.99
2026-08-02,HOME-402,MegaRetail_HQ,21.54,True,3.99
2026-08-02,HOME-402,SwiftBlink_Prime,20.96,True,3.99
2026-08-02,HOME-402,ApexMarket_Direct,18.95,False,3.99
2026-08-03,HOME-402,MegaRetail_HQ,21.35,True,3.99
2026-08-03,HOME-402,SwiftBlink_Prime,21.1,True,3.99
2026-08-03,HOME-402,ApexMarket_Direct,16.4,True,3.99
2026-08-04,HOME-402,MegaRetail_HQ,17.94,True,3.99
2026-08-04,HOME-402,SwiftBlink_Prime,21.59,True,3.99
2026-08-04,HOME-402,ApexMarket_Direct,19.34,True,3.99
2026-08-05,HOME-402,MegaRetail_HQ,21.09,True,3.99
2026-08-05,HOME-402,SwiftBlink_Prime,22.0,True,3.99
2026-08-05,HOME-402,ApexMarket_Direct,19.44,True,3.99
2026-08-06,HOME-402,MegaRetail_HQ,20.06,True,3.99
2026-08-06,HOME-402,SwiftBlink_Prime,21.3,True,3.99
2026-08-06,HOME-402,ApexMarket_Direct,20.06,True,3.99
2026-08-07,HOME-402,MegaRetail_HQ,20.2,True,3.99
2026-08-07,HOME-402,SwiftBlink_Prime,20.93,True,3.99
2026-08-07,HOME-402,ApexMarket_Direct,20.38,True,3.99
2026-08-08,HOME-402,MegaRetail_HQ,19.98,True,3.99
2026-08-08,HOME-402,SwiftBlink_Prime,20.27,True,3.99
2026-08-08,HOME-402,ApexMarket_Direct,20.33,True,3.99
2026-08-09,HOME-402,MegaRetail_HQ,19.62,True,3.99
2026-08-09,HOME-402,SwiftBlink_Prime,20.12,True,3.99
2026-08-09,HOME-402,ApexMarket_Direct,21.03,True,3.99
2026-08-10,HOME-402,MegaRetail_HQ,16.59,True,3.99
2026-08-10,HOME-402,SwiftBlink_Prime,16.85,True,3.99
2026-08-10,HOME-402,ApexMarket_Direct,19.77,True,3.99
2026-08-11,HOME-402,MegaRetail_HQ,19.48,True,3.99
2026-08-11,HOME-402,SwiftBlink_Prime,20.22,True,3.99
2026-08-11,HOME-402,ApexMarket_Direct,19.69,True,3.99
2026-08-12,HOME-402,MegaRetail_HQ,21.06,True,3.99
2026-08-12,HOME-402,SwiftBlink_Prime,20.0,True,3.99
2026-08-12,HOME-402,ApexMarket_Direct,19.82,False,3.99
2026-08-13,HOME-402,MegaRetail_HQ,18.41,True,3.99
2026-08-13,HOME-402,SwiftBlink_Prime,19.05,True,3.99
2026-08-13,HOME-402,ApexMarket_Direct,19.6,True,3.99
2026-08-14,HOME-402,MegaRetail_HQ,20.23,True,3.99
2026-08-14,HOME-402,SwiftBlink_Prime,20.0,True,3.99
2026-08-14,HOME-402,ApexMarket_Direct,19.91,True,3.99
2026-08-15,HOME-402,MegaRetail_HQ,18.69,True,3.99
2026-08-15,HOME-402,SwiftBlink_Prime,19.54,True,3.99
2026-08-15,HOME-402,ApexMarket_Direct,19.65,True,3.99
2026-08-16,HOME-402,MegaRetail_HQ,18.78,True,3.99
2026-08-16,HOME-402,SwiftBlink_Prime,19.6,True,3.99
2026-08-16,HOME-402,ApexMarket_Direct,19.11,True,3.99
2026-08-17,HOME-402,MegaRetail_HQ,19.38,True,3.99
2026-08-17,HOME-402,SwiftBlink_Prime,20.61,True,3.99
2026-08-17,HOME-402,ApexMarket_Direct,18.77,True,3.99
2026-08-18,HOME-402,MegaRetail_HQ,20.19,True,3.99
2026-08-18,HOME-402,SwiftBlink_Prime,21.13,True,3.99
2026-08-18,HOME-402,ApexMarket_Direct,19.08,True,3.99
2026-08-19,HOME-402,MegaRetail_HQ,20.55,True,3.99
2026-08-19,HOME-402,SwiftBlink_Prime,20.55,True,3.99
2026-08-19,HOME-402,ApexMarket_Direct,18.42,True,3.99
2026-08-20,HOME-402,MegaRetail_HQ,21.15,True,3.99
2026-08-20,HOME-402,SwiftBlink_Prime,19.8,True,3.99
2026-08-20,HOME-402,ApexMarket_Direct,17.96,True,3.99
2026-08-21,HOME-402,MegaRetail_HQ,21.28,True,3.99
2026-08-21,HOME-402,SwiftBlink_Prime,19.46,True,3.99
2026-08-21,HOME-402,ApexMarket_Direct,19.23,True,3.99
2026-08-22,HOME-402,MegaRetail_HQ,21.2,True,3.99
2026-08-22,HOME-402,SwiftBlink_Prime,19.69,True,3.99
2026-08-22,HOME-402,ApexMarket_Direct,18.16,True,3.99
2026-08-23,HOME-402,MegaRetail_HQ,21.17,True,3.99
2026-08-23,HOME-402,SwiftBlink_Prime,19.06,False,3.99
2026-08-23,HOME-402,ApexMarket_Direct,17.78,True,3.99
2026-08-24,HOME-402,MegaRetail_HQ,20.91,True,3.99
2026-08-24,HOME-402,SwiftBlink_Prime,19.67,True,3.99
2026-08-24,HOME-402,ApexMarket_Direct,17.41,True,3.99
2026-08-25,HOME-402,MegaRetail_HQ,20.81,True,3.99
2026-08-25,HOME-402,SwiftBlink_Prime,19.79,True,3.99
2026-08-25,HOME-402,ApexMarket_Direct,19.18,True,3.99
2026-08-26,HOME-402,MegaRetail_HQ,21.68,True,3.99
2026-08-26,HOME-402,SwiftBlink_Prime,19.63,True,3.99
2026-08-26,HOME-402,ApexMarket_Direct,19.82,True,3.99
2026-08-27,HOME-402,MegaRetail_HQ,21.66,False,3.99
2026-08-27,HOME-402,SwiftBlink_Prime,17.14,True,3.99
2026-08-27,HOME-402,ApexMarket_Direct,20.52,True,3.99
2026-08-28,HOME-402,MegaRetail_HQ,22.13,True,3.99
2026-08-28,HOME-402,SwiftBlink_Prime,20.51,True,3.99
2026-08-28,HOME-402,ApexMarket_Direct,20.32,True,3.99
2026-08-29,HOME-402,MegaRetail_HQ,22.57,True,3.99
2026-08-29,HOME-402,SwiftBlink_Prime,21.92,True,3.99
2026-08-29,HOME-402,ApexMarket_Direct,20.43,True,3.99
2026-08-30,HOME-402,MegaRetail_HQ,18.79,True,3.99
2026-08-30,HOME-402,SwiftBlink_Prime,22.15,True,3.99
2026-08-30,HOME-402,ApexMarket_Direct,17.48,True,3.99
2026-08-31,HOME-402,MegaRetail_HQ,23.01,True,3.99
2026-08-31,HOME-402,SwiftBlink_Prime,21.91,True,3.99
2026-08-31,HOME-402,ApexMarket_Direct,20.78,True,3.99
2026-09-01,HOME-402,MegaRetail_HQ,22.49,True,3.99
2026-09-01,HOME-402,SwiftBlink_Prime,19.87,False,3.99
2026-09-01,HOME-402,ApexMarket_Direct,19.98,True,3.99
2026-09-02,HOME-402,MegaRetail_HQ,22.88,True,3.99
2026-09-02,HOME-402,SwiftBlink_Prime,19.82,True,3.99
2026-09-02,HOME-402,ApexMarket_Direct,20.49,True,3.99
2026-09-03,HOME-402,MegaRetail_HQ,22.79,True,3.99
2026-09-03,HOME-402,SwiftBlink_Prime,19.99,True,3.99
2026-09-03,HOME-402,ApexMarket_Direct,20.33,False,3.99
2026-09-04,HOME-402,MegaRetail_HQ,22.65,True,3.99
2026-09-04,HOME-402,SwiftBlink_Prime,20.12,True,3.99
2026-09-04,HOME-402,ApexMarket_Direct,19.75,True,3.99
2026-09-05,HOME-402,MegaRetail_HQ,21.23,True,3.99
2026-09-05,HOME-402,SwiftBlink_Prime,20.32,True,3.99
2026-09-05,HOME-402,ApexMarket_Direct,19.26,True,3.99
2026-09-06,HOME-402,MegaRetail_HQ,21.62,True,3.99
2026-09-06,HOME-402,SwiftBlink_Prime,20.76,True,3.99
2026-09-06,HOME-402,ApexMarket_Direct,19.44,True,3.99
2026-09-07,HOME-402,MegaRetail_HQ,21.52,True,3.99
2026-09-07,HOME-402,SwiftBlink_Prime,20.5,True,3.99
2026-09-07,HOME-402,ApexMarket_Direct,19.96,True,3.99
2026-09-08,HOME-402,MegaRetail_HQ,19.84,True,3.99
2026-09-08,HOME-402,SwiftBlink_Prime,20.92,True,3.99
2026-09-08,HOME-402,ApexMarket_Direct,19.58,True,3.99
2026-09-09,HOME-402,MegaRetail_HQ,18.94,True,3.99
2026-09-09,HOME-402,SwiftBlink_Prime,18.41,True,3.99
2026-09-09,HOME-402,ApexMarket_Direct,20.12,True,3.99
2026-09-10,HOME-402,MegaRetail_HQ,18.06,True,3.99
2026-09-10,HOME-402,SwiftBlink_Prime,22.67,True,3.99
2026-09-10,HOME-402,ApexMarket_Direct,20.35,True,3.99
2026-09-11,HOME-402,MegaRetail_HQ,17.12,True,3.99
2026-09-11,HOME-402,SwiftBlink_Prime,22.95,True,3.99
2026-09-11,HOME-402,ApexMarket_Direct,19.66,True,3.99
2026-09-12,HOME-402,MegaRetail_HQ,17.75,True,3.99
2026-09-12,HOME-402,SwiftBlink_Prime,22.79,True,3.99
2026-09-12,HOME-402,ApexMarket_Direct,20.52,False,3.99
2026-09-13,HOME-402,MegaRetail_HQ,17.95,True,3.99
2026-09-13,HOME-402,SwiftBlink_Prime,21.27,True,3.99
2026-09-13,HOME-402,ApexMarket_Direct,20.61,True,3.99
2026-09-14,HOME-402,MegaRetail_HQ,19.37,True,3.99
2026-09-14,HOME-402,SwiftBlink_Prime,20.01,True,3.99
2026-09-14,HOME-402,ApexMarket_Direct,21.49,True,3.99
2026-09-15,HOME-402,MegaRetail_HQ,19.23,True,3.99
2026-09-15,HOME-402,SwiftBlink_Prime,20.87,True,3.99
2026-09-15,HOME-402,ApexMarket_Direct,20.44,True,3.99
2026-09-16,HOME-402,MegaRetail_HQ,20.04,True,3.99
2026-09-16,HOME-402,SwiftBlink_Prime,20.64,True,3.99
2026-09-16,HOME-402,ApexMarket_Direct,19.93,True,3.99
2026-09-17,HOME-402,MegaRetail_HQ,19.33,True,3.99
2026-09-17,HOME-402,SwiftBlink_Prime,19.82,True,3.99
2026-09-17,HOME-402,ApexMarket_Direct,20.07,True,3.99
2026-09-18,HOME-402,MegaRetail_HQ,16.86,True,3.99
2026-09-18,HOME-402,SwiftBlink_Prime,19.42,True,3.99
2026-09-18,HOME-402,ApexMarket_Direct,18.79,True,3.99
2026-06-21,HOME-403,MegaRetail_HQ,24.23,True,3.99
2026-06-21,HOME-403,SwiftBlink_Prime,24.44,True,3.99
2026-06-21,HOME-403,ApexMarket_Direct,25.06,True,3.99
2026-06-22,HOME-403,MegaRetail_HQ,23.47,True,3.99
2026-06-22,HOME-403,SwiftBlink_Prime,25.13,True,3.99
2026-06-22,HOME-403,ApexMarket_Direct,25.75,True,3.99
2026-06-23,HOME-403,MegaRetail_HQ,24.56,True,3.99
2026-06-23,HOME-403,SwiftBlink_Prime,24.57,True,3.99
2026-06-23,HOME-403,ApexMarket_Direct,25.68,True,3.99
2026-06-24,HOME-403,MegaRetail_HQ,24.77,True,3.99
2026-06-24,HOME-403,SwiftBlink_Prime,24.7,True,3.99
2026-06-24,HOME-403,ApexMarket_Direct,25.85,True,3.99
2026-06-25,HOME-403,MegaRetail_HQ,25.67,True,3.99
2026-06-25,HOME-403,SwiftBlink_Prime,24.77,True,3.99
2026-06-25,HOME-403,ApexMarket_Direct,25.82,True,3.99
2026-06-26,HOME-403,MegaRetail_HQ,24.65,True,3.99
2026-06-26,HOME-403,SwiftBlink_Prime,25.51,True,3.99
2026-06-26,HOME-403,ApexMarket_Direct,26.63,True,3.99
2026-06-27,HOME-403,MegaRetail_HQ,24.35,True,3.99
2026-06-27,HOME-403,SwiftBlink_Prime,24.73,True,3.99
2026-06-27,HOME-403,ApexMarket_Direct,26.62,True,3.99
2026-06-28,HOME-403,MegaRetail_HQ,24.98,True,3.99
2026-06-28,HOME-403,SwiftBlink_Prime,24.75,True,3.99
2026-06-28,HOME-403,ApexMarket_Direct,25.97,False,3.99
2026-06-29,HOME-403,MegaRetail_HQ,25.43,True,3.99
2026-06-29,HOME-403,SwiftBlink_Prime,24.26,True,3.99
2026-06-29,HOME-403,ApexMarket_Direct,26.36,True,3.99
2026-06-30,HOME-403,MegaRetail_HQ,25.69,True,3.99
2026-06-30,HOME-403,SwiftBlink_Prime,23.81,True,3.99
2026-06-30,HOME-403,ApexMarket_Direct,25.9,True,3.99
2026-07-01,HOME-403,MegaRetail_HQ,26.09,True,3.99
2026-07-01,HOME-403,SwiftBlink_Prime,23.4,True,3.99
2026-07-01,HOME-403,ApexMarket_Direct,27.15,True,3.99
2026-07-02,HOME-403,MegaRetail_HQ,26.99,True,3.99
2026-07-02,HOME-403,SwiftBlink_Prime,23.24,True,3.99
2026-07-02,HOME-403,ApexMarket_Direct,26.7,True,3.99
2026-07-03,HOME-403,MegaRetail_HQ,26.21,True,3.99
2026-07-03,HOME-403,SwiftBlink_Prime,24.55,False,3.99
2026-07-03,HOME-403,ApexMarket_Direct,26.23,True,3.99
2026-07-04,HOME-403,MegaRetail_HQ,25.16,True,3.99
2026-07-04,HOME-403,SwiftBlink_Prime,24.97,True,3.99
2026-07-04,HOME-403,ApexMarket_Direct,28.41,True,3.99
2026-07-05,HOME-403,MegaRetail_HQ,25.92,False,3.99
2026-07-05,HOME-403,SwiftBlink_Prime,25.32,True,3.99
2026-07-05,HOME-403,ApexMarket_Direct,23.5,True,3.99
2026-07-06,HOME-403,MegaRetail_HQ,26.21,True,3.99
2026-07-06,HOME-403,SwiftBlink_Prime,24.78,True,3.99
2026-07-06,HOME-403,ApexMarket_Direct,25.63,False,3.99
2026-07-07,HOME-403,MegaRetail_HQ,25.74,True,3.99
2026-07-07,HOME-403,SwiftBlink_Prime,22.19,True,3.99
2026-07-07,HOME-403,ApexMarket_Direct,25.86,True,3.99
2026-07-08,HOME-403,MegaRetail_HQ,25.58,True,3.99
2026-07-08,HOME-403,SwiftBlink_Prime,25.74,True,3.99
2026-07-08,HOME-403,ApexMarket_Direct,25.5,True,3.99
2026-07-09,HOME-403,MegaRetail_HQ,24.68,True,3.99
2026-07-09,HOME-403,SwiftBlink_Prime,24.79,True,3.99
2026-07-09,HOME-403,ApexMarket_Direct,26.96,False,3.99
2026-07-10,HOME-403,MegaRetail_HQ,20.34,True,3.99
2026-07-10,HOME-403,SwiftBlink_Prime,25.29,True,3.99
2026-07-10,HOME-403,ApexMarket_Direct,26.58,True,3.99
2026-07-11,HOME-403,MegaRetail_HQ,24.21,False,3.99
2026-07-11,HOME-403,SwiftBlink_Prime,24.93,True,3.99
2026-07-11,HOME-403,ApexMarket_Direct,25.77,True,3.99
2026-07-12,HOME-403,MegaRetail_HQ,24.75,True,3.99
2026-07-12,HOME-403,SwiftBlink_Prime,21.63,True,3.99
2026-07-12,HOME-403,ApexMarket_Direct,24.99,True,3.99
2026-07-13,HOME-403,MegaRetail_HQ,25.0,True,3.99
2026-07-13,HOME-403,SwiftBlink_Prime,25.27,True,3.99
2026-07-13,HOME-403,ApexMarket_Direct,25.32,True,3.99
2026-07-14,HOME-403,MegaRetail_HQ,23.71,True,3.99
2026-07-14,HOME-403,SwiftBlink_Prime,25.85,True,3.99
2026-07-14,HOME-403,ApexMarket_Direct,26.53,True,3.99
2026-07-15,HOME-403,MegaRetail_HQ,23.81,True,3.99
2026-07-15,HOME-403,SwiftBlink_Prime,25.47,True,3.99
2026-07-15,HOME-403,ApexMarket_Direct,25.23,True,3.99
2026-07-16,HOME-403,MegaRetail_HQ,24.31,True,3.99
2026-07-16,HOME-403,SwiftBlink_Prime,24.84,False,3.99
2026-07-16,HOME-403,ApexMarket_Direct,22.84,True,3.99
2026-07-17,HOME-403,MegaRetail_HQ,25.43,True,3.99
2026-07-17,HOME-403,SwiftBlink_Prime,23.3,True,3.99
2026-07-17,HOME-403,ApexMarket_Direct,22.67,True,3.99
2026-07-18,HOME-403,MegaRetail_HQ,25.26,True,3.99
2026-07-18,HOME-403,SwiftBlink_Prime,23.81,True,3.99
2026-07-18,HOME-403,ApexMarket_Direct,22.28,True,3.99
2026-07-19,HOME-403,MegaRetail_HQ,25.36,True,3.99
2026-07-19,HOME-403,SwiftBlink_Prime,24.24,True,3.99
2026-07-19,HOME-403,ApexMarket_Direct,23.11,True,3.99
2026-07-20,HOME-403,MegaRetail_HQ,24.6,True,3.99
2026-07-20,HOME-403,SwiftBlink_Prime,23.94,True,3.99
2026-07-20,HOME-403,ApexMarket_Direct,19.7,True,3.99
2026-07-21,HOME-403,MegaRetail_HQ,24.39,True,3.99
2026-07-21,HOME-403,SwiftBlink_Prime,24.81,True,3.99
2026-07-21,HOME-403,ApexMarket_Direct,23.23,True,3.99
2026-07-22,HOME-403,MegaRetail_HQ,24.67,True,3.99
2026-07-22,HOME-403,SwiftBlink_Prime,24.67,True,3.99
2026-07-22,HOME-403,ApexMarket_Direct,23.99,True,3.99
2026-07-23,HOME-403,MegaRetail_HQ,24.94,True,3.99
2026-07-23,HOME-403,SwiftBlink_Prime,25.12,True,3.99
2026-07-23,HOME-403,ApexMarket_Direct,25.26,False,3.99
2026-07-24,HOME-403,MegaRetail_HQ,24.45,True,3.99
2026-07-24,HOME-403,SwiftBlink_Prime,26.1,True,3.99
2026-07-24,HOME-403,ApexMarket_Direct,25.83,True,3.99
2026-07-25,HOME-403,MegaRetail_HQ,24.49,True,3.99
2026-07-25,HOME-403,SwiftBlink_Prime,26.4,True,3.99
2026-07-25,HOME-403,ApexMarket_Direct,25.54,True,3.99
2026-07-26,HOME-403,MegaRetail_HQ,25.79,True,3.99
2026-07-26,HOME-403,SwiftBlink_Prime,25.94,False,3.99
2026-07-26,HOME-403,ApexMarket_Direct,24.3,True,3.99
2026-07-27,HOME-403,MegaRetail_HQ,24.66,True,3.99
2026-07-27,HOME-403,SwiftBlink_Prime,26.24,True,3.99
2026-07-27,HOME-403,ApexMarket_Direct,25.47,True,3.99
2026-07-28,HOME-403,MegaRetail_HQ,20.99,True,3.99
2026-07-28,HOME-403,SwiftBlink_Prime,26.13,True,3.99
2026-07-28,HOME-403,ApexMarket_Direct,22.33,True,3.99
2026-07-29,HOME-403,MegaRetail_HQ,25.34,True,3.99
2026-07-29,HOME-403,SwiftBlink_Prime,26.53,True,3.99
2026-07-29,HOME-403,ApexMarket_Direct,26.88,True,3.99
2026-07-30,HOME-403,MegaRetail_HQ,25.17,False,3.99
2026-07-30,HOME-403,SwiftBlink_Prime,25.43,True,3.99
2026-07-30,HOME-403,ApexMarket_Direct,26.44,True,3.99
2026-07-31,HOME-403,MegaRetail_HQ,26.0,True,3.99
2026-07-31,HOME-403,SwiftBlink_Prime,25.62,True,3.99
2026-07-31,HOME-403,ApexMarket_Direct,25.25,True,3.99
2026-08-01,HOME-403,MegaRetail_HQ,25.3,True,3.99
2026-08-01,HOME-403,SwiftBlink_Prime,25.42,True,3.99
2026-08-01,HOME-403,ApexMarket_Direct,25.07,True,3.99
2026-08-02,HOME-403,MegaRetail_HQ,25.09,True,3.99
2026-08-02,HOME-403,SwiftBlink_Prime,26.36,False,3.99
2026-08-02,HOME-403,ApexMarket_Direct,24.57,True,3.99
2026-08-03,HOME-403,MegaRetail_HQ,26.03,True,3.99
2026-08-03,HOME-403,SwiftBlink_Prime,26.24,True,3.99
2026-08-03,HOME-403,ApexMarket_Direct,24.05,True,3.99
2026-08-04,HOME-403,MegaRetail_HQ,25.79,True,3.99
2026-08-04,HOME-403,SwiftBlink_Prime,26.18,True,3.99
2026-08-04,HOME-403,ApexMarket_Direct,24.23,True,3.99
2026-08-05,HOME-403,MegaRetail_HQ,24.25,True,3.99
2026-08-05,HOME-403,SwiftBlink_Prime,28.66,False,3.99
2026-08-05,HOME-403,ApexMarket_Direct,23.83,True,3.99
2026-08-06,HOME-403,MegaRetail_HQ,24.54,True,3.99
2026-08-06,HOME-403,SwiftBlink_Prime,27.51,True,3.99
2026-08-06,HOME-403,ApexMarket_Direct,21.89,True,3.99
2026-08-07,HOME-403,MegaRetail_HQ,24.44,True,3.99
2026-08-07,HOME-403,SwiftBlink_Prime,27.31,True,3.99
2026-08-07,HOME-403,ApexMarket_Direct,22.15,True,3.99
2026-08-08,HOME-403,MegaRetail_HQ,24.5,True,3.99
2026-08-08,HOME-403,SwiftBlink_Prime,26.83,True,3.99
2026-08-08,HOME-403,ApexMarket_Direct,21.91,True,3.99
2026-08-09,HOME-403,MegaRetail_HQ,24.44,True,3.99
2026-08-09,HOME-403,SwiftBlink_Prime,26.47,True,3.99
2026-08-09,HOME-403,ApexMarket_Direct,21.26,True,3.99
2026-08-10,HOME-403,MegaRetail_HQ,24.55,True,3.99
2026-08-10,HOME-403,SwiftBlink_Prime,26.55,True,3.99
2026-08-10,HOME-403,ApexMarket_Direct,21.23,True,3.99
2026-08-11,HOME-403,MegaRetail_HQ,23.94,True,3.99
2026-08-11,HOME-403,SwiftBlink_Prime,26.75,True,3.99
2026-08-11,HOME-403,ApexMarket_Direct,22.91,True,3.99
2026-08-12,HOME-403,MegaRetail_HQ,23.71,True,3.99
2026-08-12,HOME-403,SwiftBlink_Prime,25.29,True,3.99
2026-08-12,HOME-403,ApexMarket_Direct,24.34,True,3.99
2026-08-13,HOME-403,MegaRetail_HQ,23.65,True,3.99
2026-08-13,HOME-403,SwiftBlink_Prime,24.38,True,3.99
2026-08-13,HOME-403,ApexMarket_Direct,23.64,True,3.99
2026-08-14,HOME-403,MegaRetail_HQ,25.05,True,3.99
2026-08-14,HOME-403,SwiftBlink_Prime,24.37,False,3.99
2026-08-14,HOME-403,ApexMarket_Direct,24.07,True,3.99
2026-08-15,HOME-403,MegaRetail_HQ,24.55,True,3.99
2026-08-15,HOME-403,SwiftBlink_Prime,24.51,True,3.99
2026-08-15,HOME-403,ApexMarket_Direct,23.07,True,3.99
2026-08-16,HOME-403,MegaRetail_HQ,25.17,True,3.99
2026-08-16,HOME-403,SwiftBlink_Prime,21.67,True,3.99
2026-08-16,HOME-403,ApexMarket_Direct,23.47,True,3.99
2026-08-17,HOME-403,MegaRetail_HQ,25.22,True,3.99
2026-08-17,HOME-403,SwiftBlink_Prime,25.04,True,3.99
2026-08-17,HOME-403,ApexMarket_Direct,23.44,True,3.99
2026-08-18,HOME-403,MegaRetail_HQ,26.22,True,3.99
2026-08-18,HOME-403,SwiftBlink_Prime,24.29,True,3.99
2026-08-18,HOME-403,ApexMarket_Direct,23.42,True,3.99
2026-08-19,HOME-403,MegaRetail_HQ,27.18,True,3.99
2026-08-19,HOME-403,SwiftBlink_Prime,24.71,True,3.99
2026-08-19,HOME-403,ApexMarket_Direct,25.04,True,3.99
2026-08-20,HOME-403,MegaRetail_HQ,26.61,True,3.99
2026-08-20,HOME-403,SwiftBlink_Prime,24.76,True,3.99
2026-08-20,HOME-403,ApexMarket_Direct,25.72,True,3.99
2026-08-21,HOME-403,MegaRetail_HQ,26.3,True,3.99
2026-08-21,HOME-403,SwiftBlink_Prime,25.83,True,3.99
2026-08-21,HOME-403,ApexMarket_Direct,23.97,False,3.99
2026-08-22,HOME-403,MegaRetail_HQ,26.11,True,3.99
2026-08-22,HOME-403,SwiftBlink_Prime,26.16,True,3.99
2026-08-22,HOME-403,ApexMarket_Direct,24.17,True,3.99
2026-08-23,HOME-403,MegaRetail_HQ,26.37,True,3.99
2026-08-23,HOME-403,SwiftBlink_Prime,26.73,True,3.99
2026-08-23,HOME-403,ApexMarket_Direct,25.21,False,3.99
2026-08-24,HOME-403,MegaRetail_HQ,26.37,True,3.99
2026-08-24,HOME-403,SwiftBlink_Prime,25.33,True,3.99
2026-08-24,HOME-403,ApexMarket_Direct,21.06,True,3.99
2026-08-25,HOME-403,MegaRetail_HQ,25.7,True,3.99
2026-08-25,HOME-403,SwiftBlink_Prime,25.88,True,3.99
2026-08-25,HOME-403,ApexMarket_Direct,24.81,True,3.99
2026-08-26,HOME-403,MegaRetail_HQ,25.3,True,3.99
2026-08-26,HOME-403,SwiftBlink_Prime,25.42,True,3.99
2026-08-26,HOME-403,ApexMarket_Direct,23.56,True,3.99
2026-08-27,HOME-403,MegaRetail_HQ,24.87,True,3.99
2026-08-27,HOME-403,SwiftBlink_Prime,25.67,True,3.99
2026-08-27,HOME-403,ApexMarket_Direct,24.27,True,3.99
2026-08-28,HOME-403,MegaRetail_HQ,25.32,True,3.99
2026-08-28,HOME-403,SwiftBlink_Prime,25.9,True,3.99
2026-08-28,HOME-403,ApexMarket_Direct,24.17,True,3.99
2026-08-29,HOME-403,MegaRetail_HQ,24.58,True,3.99
2026-08-29,HOME-403,SwiftBlink_Prime,23.03,True,3.99
2026-08-29,HOME-403,ApexMarket_Direct,24.07,True,3.99
2026-08-30,HOME-403,MegaRetail_HQ,25.17,True,3.99
2026-08-30,HOME-403,SwiftBlink_Prime,27.3,True,3.99
2026-08-30,HOME-403,ApexMarket_Direct,23.92,True,3.99
2026-08-31,HOME-403,MegaRetail_HQ,24.9,True,3.99
2026-08-31,HOME-403,SwiftBlink_Prime,26.64,True,3.99
2026-08-31,HOME-403,ApexMarket_Direct,23.22,True,3.99
2026-09-01,HOME-403,MegaRetail_HQ,25.81,True,3.99
2026-09-01,HOME-403,SwiftBlink_Prime,25.62,True,3.99
2026-09-01,HOME-403,ApexMarket_Direct,23.14,True,3.99
2026-09-02,HOME-403,MegaRetail_HQ,25.53,True,3.99
2026-09-02,HOME-403,SwiftBlink_Prime,25.78,True,3.99
2026-09-02,HOME-403,ApexMarket_Direct,23.29,False,3.99
2026-09-03,HOME-403,MegaRetail_HQ,25.74,True,3.99
2026-09-03,HOME-403,SwiftBlink_Prime,25.59,True,3.99
2026-09-03,HOME-403,ApexMarket_Direct,24.75,True,3.99
2026-09-04,HOME-403,MegaRetail_HQ,26.09,False,3.99
2026-09-04,HOME-403,SwiftBlink_Prime,25.76,True,3.99
2026-09-04,HOME-403,ApexMarket_Direct,24.03,True,3.99
2026-09-05,HOME-403,MegaRetail_HQ,26.99,True,3.99
2026-09-05,HOME-403,SwiftBlink_Prime,23.78,True,3.99
2026-09-05,HOME-403,ApexMarket_Direct,23.83,False,3.99
2026-09-06,HOME-403,MegaRetail_HQ,26.32,True,3.99
2026-09-06,HOME-403,SwiftBlink_Prime,23.75,True,3.99
2026-09-06,HOME-403,ApexMarket_Direct,23.16,True,3.99
2026-09-07,HOME-403,MegaRetail_HQ,24.74,True,3.99
2026-09-07,HOME-403,SwiftBlink_Prime,20.5,True,3.99
2026-09-07,HOME-403,ApexMarket_Direct,24.1,True,3.99
2026-09-08,HOME-403,MegaRetail_HQ,25.69,True,3.99
2026-09-08,HOME-403,SwiftBlink_Prime,24.65,True,3.99
2026-09-08,HOME-403,ApexMarket_Direct,23.77,True,3.99
2026-09-09,HOME-403,MegaRetail_HQ,25.79,True,3.99
2026-09-09,HOME-403,SwiftBlink_Prime,20.43,True,3.99
2026-09-09,HOME-403,ApexMarket_Direct,23.64,True,3.99
2026-09-10,HOME-403,MegaRetail_HQ,26.37,True,3.99
2026-09-10,HOME-403,SwiftBlink_Prime,19.58,True,3.99
2026-09-10,HOME-403,ApexMarket_Direct,22.72,True,3.99
2026-09-11,HOME-403,MegaRetail_HQ,25.69,True,3.99
2026-09-11,HOME-403,SwiftBlink_Prime,22.0,True,3.99
2026-09-11,HOME-403,ApexMarket_Direct,23.08,True,3.99
2026-09-12,HOME-403,MegaRetail_HQ,25.64,True,3.99
2026-09-12,HOME-403,SwiftBlink_Prime,22.35,True,3.99
2026-09-12,HOME-403,ApexMarket_Direct,24.25,True,3.99
2026-09-13,HOME-403,MegaRetail_HQ,24.29,True,3.99
2026-09-13,HOME-403,SwiftBlink_Prime,22.12,True,3.99
2026-09-13,HOME-403,ApexMarket_Direct,23.45,True,3.99
2026-09-14,HOME-403,MegaRetail_HQ,24.38,True,3.99
2026-09-14,HOME-403,SwiftBlink_Prime,21.72,True,3.99
2026-09-14,HOME-403,ApexMarket_Direct,23.46,True,3.99
2026-09-15,HOME-403,MegaRetail_HQ,23.73,True,3.99
2026-09-15,HOME-403,SwiftBlink_Prime,23.0,True,3.99
2026-09-15,HOME-403,ApexMarket_Direct,23.91,True,3.99
2026-09-16,HOME-403,MegaRetail_HQ,22.92,True,3.99
2026-09-16,HOME-403,SwiftBlink_Prime,22.99,True,3.99
2026-09-16,HOME-403,ApexMarket_Direct,23.53,True,3.99
2026-09-17,HOME-403,MegaRetail_HQ,23.86,True,3.99
2026-09-17,HOME-403,SwiftBlink_Prime,22.74,True,3.99
2026-09-17,HOME-403,ApexMarket_Direct,23.48,True,3.99
2026-09-18,HOME-403,MegaRetail_HQ,25.35,True,3.99
2026-09-18,HOME-403,SwiftBlink_Prime,24.45,True,3.99
2026-09-18,HOME-403,ApexMarket_Direct,22.75,True,3.99
2026-06-21,HOME-404,MegaRetail_HQ,37.78,True,0.0
2026-06-21,HOME-404,SwiftBlink_Prime,35.73,True,0.0
2026-06-21,HOME-404,ApexMarket_Direct,39.0,True,0.0
2026-06-22,HOME-404,MegaRetail_HQ,39.73,True,0.0
2026-06-22,HOME-404,SwiftBlink_Prime,37.46,True,0.0
2026-06-22,HOME-404,ApexMarket_Direct,37.93,True,0.0
2026-06-23,HOME-404,MegaRetail_HQ,39.07,True,0.0
2026-06-23,HOME-404,SwiftBlink_Prime,37.94,True,0.0
2026-06-23,HOME-404,ApexMarket_Direct,37.03,True,0.0
2026-06-24,HOME-404,MegaRetail_HQ,38.64,True,0.0
2026-06-24,HOME-404,SwiftBlink_Prime,36.64,True,0.0
2026-06-24,HOME-404,ApexMarket_Direct,39.13,True,0.0
2026-06-25,HOME-404,MegaRetail_HQ,38.95,True,0.0
2026-06-25,HOME-404,SwiftBlink_Prime,37.34,True,0.0
2026-06-25,HOME-404,ApexMarket_Direct,38.1,True,0.0
2026-06-26,HOME-404,MegaRetail_HQ,37.49,True,0.0
2026-06-26,HOME-404,SwiftBlink_Prime,38.63,True,0.0
2026-06-26,HOME-404,ApexMarket_Direct,38.04,True,0.0
2026-06-27,HOME-404,MegaRetail_HQ,31.79,False,3.99
2026-06-27,HOME-404,SwiftBlink_Prime,40.19,True,0.0
2026-06-27,HOME-404,ApexMarket_Direct,38.51,True,0.0
2026-06-28,HOME-404,MegaRetail_HQ,33.13,True,3.99
2026-06-28,HOME-404,SwiftBlink_Prime,41.28,True,0.0
2026-06-28,HOME-404,ApexMarket_Direct,39.73,True,0.0
2026-06-29,HOME-404,MegaRetail_HQ,40.37,True,0.0
2026-06-29,HOME-404,SwiftBlink_Prime,36.88,True,0.0
2026-06-29,HOME-404,ApexMarket_Direct,38.63,True,0.0
2026-06-30,HOME-404,MegaRetail_HQ,40.16,True,0.0
2026-06-30,HOME-404,SwiftBlink_Prime,41.04,True,0.0
2026-06-30,HOME-404,ApexMarket_Direct,38.49,True,0.0
2026-07-01,HOME-404,MegaRetail_HQ,38.82,True,0.0
2026-07-01,HOME-404,SwiftBlink_Prime,41.29,True,0.0
2026-07-01,HOME-404,ApexMarket_Direct,38.02,True,0.0
2026-07-02,HOME-404,MegaRetail_HQ,42.26,True,0.0
2026-07-02,HOME-404,SwiftBlink_Prime,41.82,True,0.0
2026-07-02,HOME-404,ApexMarket_Direct,39.17,True,0.0
2026-07-03,HOME-404,MegaRetail_HQ,41.65,True,0.0
2026-07-03,HOME-404,SwiftBlink_Prime,40.61,True,0.0
2026-07-03,HOME-404,ApexMarket_Direct,35.37,True,0.0
2026-07-04,HOME-404,MegaRetail_HQ,40.24,True,0.0
2026-07-04,HOME-404,SwiftBlink_Prime,38.99,True,0.0
2026-07-04,HOME-404,ApexMarket_Direct,41.3,True,0.0
2026-07-05,HOME-404,MegaRetail_HQ,41.02,True,0.0
2026-07-05,HOME-404,SwiftBlink_Prime,39.22,True,0.0
2026-07-05,HOME-404,ApexMarket_Direct,42.1,True,0.0
2026-07-06,HOME-404,MegaRetail_HQ,40.63,True,0.0
2026-07-06,HOME-404,SwiftBlink_Prime,39.5,True,0.0
2026-07-06,HOME-404,ApexMarket_Direct,42.9,True,0.0
2026-07-07,HOME-404,MegaRetail_HQ,41.69,True,0.0
2026-07-07,HOME-404,SwiftBlink_Prime,40.03,True,0.0
2026-07-07,HOME-404,ApexMarket_Direct,44.32,True,0.0
2026-07-08,HOME-404,MegaRetail_HQ,42.85,True,0.0
2026-07-08,HOME-404,SwiftBlink_Prime,33.43,True,3.99
2026-07-08,HOME-404,ApexMarket_Direct,44.02,True,0.0
2026-07-09,HOME-404,MegaRetail_HQ,42.22,True,0.0
2026-07-09,HOME-404,SwiftBlink_Prime,37.45,True,0.0
2026-07-09,HOME-404,ApexMarket_Direct,42.21,True,0.0
2026-07-10,HOME-404,MegaRetail_HQ,44.18,True,0.0
2026-07-10,HOME-404,SwiftBlink_Prime,36.59,True,0.0
2026-07-10,HOME-404,ApexMarket_Direct,41.84,True,0.0
2026-07-11,HOME-404,MegaRetail_HQ,42.97,True,0.0
2026-07-11,HOME-404,SwiftBlink_Prime,36.75,True,0.0
2026-07-11,HOME-404,ApexMarket_Direct,41.03,False,0.0
2026-07-12,HOME-404,MegaRetail_HQ,44.49,True,0.0
2026-07-12,HOME-404,SwiftBlink_Prime,36.08,True,0.0
2026-07-12,HOME-404,ApexMarket_Direct,38.33,True,0.0
2026-07-13,HOME-404,MegaRetail_HQ,43.6,True,0.0
2026-07-13,HOME-404,SwiftBlink_Prime,37.04,True,0.0
2026-07-13,HOME-404,ApexMarket_Direct,39.35,True,0.0
2026-07-14,HOME-404,MegaRetail_HQ,43.99,True,0.0
2026-07-14,HOME-404,SwiftBlink_Prime,38.33,True,0.0
2026-07-14,HOME-404,ApexMarket_Direct,36.28,True,0.0
2026-07-15,HOME-404,MegaRetail_HQ,43.93,True,0.0
2026-07-15,HOME-404,SwiftBlink_Prime,39.34,True,0.0
2026-07-15,HOME-404,ApexMarket_Direct,36.27,True,0.0
2026-07-16,HOME-404,MegaRetail_HQ,44.2,True,0.0
2026-07-16,HOME-404,SwiftBlink_Prime,38.97,False,0.0
2026-07-16,HOME-404,ApexMarket_Direct,34.92,True,3.99
2026-07-17,HOME-404,MegaRetail_HQ,45.73,True,0.0
2026-07-17,HOME-404,SwiftBlink_Prime,37.69,True,0.0
2026-07-17,HOME-404,ApexMarket_Direct,35.17,True,0.0
2026-07-18,HOME-404,MegaRetail_HQ,38.11,True,0.0
2026-07-18,HOME-404,SwiftBlink_Prime,36.95,True,0.0
2026-07-18,HOME-404,ApexMarket_Direct,36.56,True,0.0
2026-07-19,HOME-404,MegaRetail_HQ,43.03,True,0.0
2026-07-19,HOME-404,SwiftBlink_Prime,32.7,True,3.99
2026-07-19,HOME-404,ApexMarket_Direct,37.69,True,0.0
2026-07-20,HOME-404,MegaRetail_HQ,42.59,True,0.0
2026-07-20,HOME-404,SwiftBlink_Prime,39.44,True,0.0
2026-07-20,HOME-404,ApexMarket_Direct,37.48,True,0.0
2026-07-21,HOME-404,MegaRetail_HQ,40.55,True,0.0
2026-07-21,HOME-404,SwiftBlink_Prime,40.77,True,0.0
2026-07-21,HOME-404,ApexMarket_Direct,37.7,True,0.0
2026-07-22,HOME-404,MegaRetail_HQ,40.02,True,0.0
2026-07-22,HOME-404,SwiftBlink_Prime,40.93,True,0.0
2026-07-22,HOME-404,ApexMarket_Direct,36.86,True,0.0
2026-07-23,HOME-404,MegaRetail_HQ,40.47,True,0.0
2026-07-23,HOME-404,SwiftBlink_Prime,40.59,True,0.0
2026-07-23,HOME-404,ApexMarket_Direct,32.86,True,3.99
2026-07-24,HOME-404,MegaRetail_HQ,39.57,True,0.0
2026-07-24,HOME-404,SwiftBlink_Prime,39.98,True,0.0
2026-07-24,HOME-404,ApexMarket_Direct,38.87,True,0.0
2026-07-25,HOME-404,MegaRetail_HQ,38.59,True,0.0
2026-07-25,HOME-404,SwiftBlink_Prime,38.08,True,0.0
2026-07-25,HOME-404,ApexMarket_Direct,39.8,True,0.0
2026-07-26,HOME-404,MegaRetail_HQ,39.25,True,0.0
2026-07-26,HOME-404,SwiftBlink_Prime,38.17,True,0.0
2026-07-26,HOME-404,ApexMarket_Direct,41.16,True,0.0
2026-07-27,HOME-404,MegaRetail_HQ,33.24,True,3.99
2026-07-27,HOME-404,SwiftBlink_Prime,38.64,True,0.0
2026-07-27,HOME-404,ApexMarket_Direct,42.83,True,0.0
2026-07-28,HOME-404,MegaRetail_HQ,39.7,True,0.0
2026-07-28,HOME-404,SwiftBlink_Prime,38.79,True,0.0
2026-07-28,HOME-404,ApexMarket_Direct,42.29,True,0.0
2026-07-29,HOME-404,MegaRetail_HQ,38.24,True,0.0
2026-07-29,HOME-404,SwiftBlink_Prime,40.69,True,0.0
2026-07-29,HOME-404,ApexMarket_Direct,39.71,True,0.0
2026-07-30,HOME-404,MegaRetail_HQ,39.0,True,0.0
2026-07-30,HOME-404,SwiftBlink_Prime,42.48,True,0.0
2026-07-30,HOME-404,ApexMarket_Direct,37.52,True,0.0
2026-07-31,HOME-404,MegaRetail_HQ,39.19,True,0.0
2026-07-31,HOME-404,SwiftBlink_Prime,42.43,True,0.0
2026-07-31,HOME-404,ApexMarket_Direct,39.8,True,0.0
2026-08-01,HOME-404,MegaRetail_HQ,39.54,True,0.0
2026-08-01,HOME-404,SwiftBlink_Prime,43.45,True,0.0
2026-08-01,HOME-404,ApexMarket_Direct,40.45,True,0.0
2026-08-02,HOME-404,MegaRetail_HQ,39.11,True,0.0
2026-08-02,HOME-404,SwiftBlink_Prime,44.99,True,0.0
2026-08-02,HOME-404,ApexMarket_Direct,39.96,True,0.0
2026-08-03,HOME-404,MegaRetail_HQ,38.64,True,0.0
2026-08-03,HOME-404,SwiftBlink_Prime,43.32,True,0.0
2026-08-03,HOME-404,ApexMarket_Direct,41.38,True,0.0
2026-08-04,HOME-404,MegaRetail_HQ,39.84,False,0.0
2026-08-04,HOME-404,SwiftBlink_Prime,44.47,True,0.0
2026-08-04,HOME-404,ApexMarket_Direct,41.22,True,0.0
2026-08-05,HOME-404,MegaRetail_HQ,40.58,True,0.0
2026-08-05,HOME-404,SwiftBlink_Prime,43.9,True,0.0
2026-08-05,HOME-404,ApexMarket_Direct,41.48,True,0.0
2026-08-06,HOME-404,MegaRetail_HQ,40.73,True,0.0
2026-08-06,HOME-404,SwiftBlink_Prime,41.1,True,0.0
2026-08-06,HOME-404,ApexMarket_Direct,40.32,True,0.0
2026-08-07,HOME-404,MegaRetail_HQ,39.29,True,0.0
2026-08-07,HOME-404,SwiftBlink_Prime,40.61,True,0.0
2026-08-07,HOME-404,ApexMarket_Direct,34.12,True,3.99
2026-08-08,HOME-404,MegaRetail_HQ,39.69,True,0.0
2026-08-08,HOME-404,SwiftBlink_Prime,40.02,True,0.0
2026-08-08,HOME-404,ApexMarket_Direct,40.17,True,0.0
2026-08-09,HOME-404,MegaRetail_HQ,39.12,True,0.0
2026-08-09,HOME-404,SwiftBlink_Prime,40.19,True,0.0
2026-08-09,HOME-404,ApexMarket_Direct,41.19,True,0.0
2026-08-10,HOME-404,MegaRetail_HQ,40.66,True,0.0
2026-08-10,HOME-404,SwiftBlink_Prime,38.11,True,0.0
2026-08-10,HOME-404,ApexMarket_Direct,41.46,True,0.0
2026-08-11,HOME-404,MegaRetail_HQ,40.98,True,0.0
2026-08-11,HOME-404,SwiftBlink_Prime,39.65,True,0.0
2026-08-11,HOME-404,ApexMarket_Direct,40.68,True,0.0
2026-08-12,HOME-404,MegaRetail_HQ,41.52,True,0.0
2026-08-12,HOME-404,SwiftBlink_Prime,32.72,True,3.99
2026-08-12,HOME-404,ApexMarket_Direct,36.24,True,0.0
2026-08-13,HOME-404,MegaRetail_HQ,41.83,True,0.0
2026-08-13,HOME-404,SwiftBlink_Prime,39.44,True,0.0
2026-08-13,HOME-404,ApexMarket_Direct,41.49,True,0.0
2026-08-14,HOME-404,MegaRetail_HQ,41.53,True,0.0
2026-08-14,HOME-404,SwiftBlink_Prime,38.37,True,0.0
2026-08-14,HOME-404,ApexMarket_Direct,42.37,True,0.0
2026-08-15,HOME-404,MegaRetail_HQ,42.1,True,0.0
2026-08-15,HOME-404,SwiftBlink_Prime,33.58,True,3.99
2026-08-15,HOME-404,ApexMarket_Direct,41.26,True,0.0
2026-08-16,HOME-404,MegaRetail_HQ,35.59,True,0.0
2026-08-16,HOME-404,SwiftBlink_Prime,40.25,True,0.0
2026-08-16,HOME-404,ApexMarket_Direct,34.68,True,3.99
2026-08-17,HOME-404,MegaRetail_HQ,33.85,True,3.99
2026-08-17,HOME-404,SwiftBlink_Prime,41.09,True,0.0
2026-08-17,HOME-404,ApexMarket_Direct,39.99,True,0.0
2026-08-18,HOME-404,MegaRetail_HQ,38.88,True,0.0
2026-08-18,HOME-404,SwiftBlink_Prime,41.61,True,0.0
2026-08-18,HOME-404,ApexMarket_Direct,41.66,True,0.0
2026-08-19,HOME-404,MegaRetail_HQ,37.86,True,0.0
2026-08-19,HOME-404,SwiftBlink_Prime,41.99,True,0.0
2026-08-19,HOME-404,ApexMarket_Direct,44.0,True,0.0
2026-08-20,HOME-404,MegaRetail_HQ,37.51,True,0.0
2026-08-20,HOME-404,SwiftBlink_Prime,41.1,True,0.0
2026-08-20,HOME-404,ApexMarket_Direct,40.1,True,0.0
2026-08-21,HOME-404,MegaRetail_HQ,35.95,True,0.0
2026-08-21,HOME-404,SwiftBlink_Prime,35.56,True,0.0
2026-08-21,HOME-404,ApexMarket_Direct,38.79,True,0.0
2026-08-22,HOME-404,MegaRetail_HQ,34.87,True,3.99
2026-08-22,HOME-404,SwiftBlink_Prime,33.76,True,3.99
2026-08-22,HOME-404,ApexMarket_Direct,33.4,True,3.99
2026-08-23,HOME-404,MegaRetail_HQ,36.04,True,0.0
2026-08-23,HOME-404,SwiftBlink_Prime,41.67,True,0.0
2026-08-23,HOME-404,ApexMarket_Direct,37.76,True,0.0
2026-08-24,HOME-404,MegaRetail_HQ,36.71,True,0.0
2026-08-24,HOME-404,SwiftBlink_Prime,40.99,True,0.0
2026-08-24,HOME-404,ApexMarket_Direct,41.05,True,0.0
2026-08-25,HOME-404,MegaRetail_HQ,37.35,True,0.0
2026-08-25,HOME-404,SwiftBlink_Prime,42.0,True,0.0
2026-08-25,HOME-404,ApexMarket_Direct,40.02,False,0.0
2026-08-26,HOME-404,MegaRetail_HQ,39.01,True,0.0
2026-08-26,HOME-404,SwiftBlink_Prime,41.96,True,0.0
2026-08-26,HOME-404,ApexMarket_Direct,42.92,True,0.0
2026-08-27,HOME-404,MegaRetail_HQ,37.13,True,0.0
2026-08-27,HOME-404,SwiftBlink_Prime,42.62,True,0.0
2026-08-27,HOME-404,ApexMarket_Direct,44.12,True,0.0
2026-08-28,HOME-404,MegaRetail_HQ,36.57,True,0.0
2026-08-28,HOME-404,SwiftBlink_Prime,43.46,True,0.0
2026-08-28,HOME-404,ApexMarket_Direct,42.72,True,0.0
2026-08-29,HOME-404,MegaRetail_HQ,37.3,True,0.0
2026-08-29,HOME-404,SwiftBlink_Prime,44.01,True,0.0
2026-08-29,HOME-404,ApexMarket_Direct,40.84,True,0.0
2026-08-30,HOME-404,MegaRetail_HQ,40.58,True,0.0
2026-08-30,HOME-404,SwiftBlink_Prime,42.37,True,0.0
2026-08-30,HOME-404,ApexMarket_Direct,43.16,True,0.0
2026-08-31,HOME-404,MegaRetail_HQ,40.13,True,0.0
2026-08-31,HOME-404,SwiftBlink_Prime,41.18,True,0.0
2026-08-31,HOME-404,ApexMarket_Direct,42.6,True,0.0
2026-09-01,HOME-404,MegaRetail_HQ,41.9,True,0.0
2026-09-01,HOME-404,SwiftBlink_Prime,41.12,True,0.0
2026-09-01,HOME-404,ApexMarket_Direct,41.22,True,0.0
2026-09-02,HOME-404,MegaRetail_HQ,41.45,True,0.0
2026-09-02,HOME-404,SwiftBlink_Prime,39.18,False,0.0
2026-09-02,HOME-404,ApexMarket_Direct,40.68,True,0.0
2026-09-03,HOME-404,MegaRetail_HQ,40.97,True,0.0
2026-09-03,HOME-404,SwiftBlink_Prime,39.33,True,0.0
2026-09-03,HOME-404,ApexMarket_Direct,40.67,True,0.0
2026-09-04,HOME-404,MegaRetail_HQ,42.53,True,0.0
2026-09-04,HOME-404,SwiftBlink_Prime,39.63,True,0.0
2026-09-04,HOME-404,ApexMarket_Direct,38.58,True,0.0
2026-09-05,HOME-404,MegaRetail_HQ,45.1,True,0.0
2026-09-05,HOME-404,SwiftBlink_Prime,41.43,True,0.0
2026-09-05,HOME-404,ApexMarket_Direct,38.2,True,0.0
2026-09-06,HOME-404,MegaRetail_HQ,44.2,True,0.0
2026-09-06,HOME-404,SwiftBlink_Prime,40.76,True,0.0
2026-09-06,HOME-404,ApexMarket_Direct,37.36,True,0.0
2026-09-07,HOME-404,MegaRetail_HQ,44.03,True,0.0
2026-09-07,HOME-404,SwiftBlink_Prime,39.41,True,0.0
2026-09-07,HOME-404,ApexMarket_Direct,35.83,True,0.0
2026-09-08,HOME-404,MegaRetail_HQ,42.19,True,0.0
2026-09-08,HOME-404,SwiftBlink_Prime,41.4,True,0.0
2026-09-08,HOME-404,ApexMarket_Direct,36.79,True,0.0
2026-09-09,HOME-404,MegaRetail_HQ,40.2,True,0.0
2026-09-09,HOME-404,SwiftBlink_Prime,42.37,True,0.0
2026-09-09,HOME-404,ApexMarket_Direct,36.34,True,0.0
2026-09-10,HOME-404,MegaRetail_HQ,37.91,True,0.0
2026-09-10,HOME-404,SwiftBlink_Prime,40.19,True,0.0
2026-09-10,HOME-404,ApexMarket_Direct,31.34,True,3.99
2026-09-11,HOME-404,MegaRetail_HQ,37.86,False,0.0
2026-09-11,HOME-404,SwiftBlink_Prime,43.2,True,0.0
2026-09-11,HOME-404,ApexMarket_Direct,37.06,True,0.0
2026-09-12,HOME-404,MegaRetail_HQ,36.07,True,0.0
2026-09-12,HOME-404,SwiftBlink_Prime,43.93,True,0.0
2026-09-12,HOME-404,ApexMarket_Direct,38.4,True,0.0
2026-09-13,HOME-404,MegaRetail_HQ,34.52,True,3.99
2026-09-13,HOME-404,SwiftBlink_Prime,44.27,True,0.0
2026-09-13,HOME-404,ApexMarket_Direct,40.42,True,0.0
2026-09-14,HOME-404,MegaRetail_HQ,36.7,True,0.0
2026-09-14,HOME-404,SwiftBlink_Prime,42.26,True,0.0
2026-09-14,HOME-404,ApexMarket_Direct,39.88,True,0.0
2026-09-15,HOME-404,MegaRetail_HQ,37.73,True,0.0
2026-09-15,HOME-404,SwiftBlink_Prime,42.23,True,0.0
2026-09-15,HOME-404,ApexMarket_Direct,38.62,True,0.0
2026-09-16,HOME-404,MegaRetail_HQ,37.68,True,0.0
2026-09-16,HOME-404,SwiftBlink_Prime,42.18,True,0.0
2026-09-16,HOME-404,ApexMarket_Direct,38.95,True,0.0
2026-09-17,HOME-404,MegaRetail_HQ,37.67,True,0.0
2026-09-17,HOME-404,SwiftBlink_Prime,41.85,True,0.0
2026-09-17,HOME-404,ApexMarket_Direct,37.46,True,0.0
2026-09-18,HOME-404,MegaRetail_HQ,36.49,True,0.0
2026-09-18,HOME-404,SwiftBlink_Prime,42.96,True,0.0
2026-09-18,HOME-404,ApexMarket_Direct,39.36,True,0.0
2026-06-21,HOME-405,MegaRetail_HQ,15.49,True,3.99
2026-06-21,HOME-405,SwiftBlink_Prime,14.27,False,3.99
2026-06-21,HOME-405,ApexMarket_Direct,14.76,True,3.99
2026-06-22,HOME-405,MegaRetail_HQ,13.32,True,3.99
2026-06-22,HOME-405,SwiftBlink_Prime,14.67,True,3.99
2026-06-22,HOME-405,ApexMarket_Direct,12.53,True,3.99
2026-06-23,HOME-405,MegaRetail_HQ,16.09,True,3.99
2026-06-23,HOME-405,SwiftBlink_Prime,14.5,True,3.99
2026-06-23,HOME-405,ApexMarket_Direct,14.84,True,3.99
2026-06-24,HOME-405,MegaRetail_HQ,15.72,True,3.99
2026-06-24,HOME-405,SwiftBlink_Prime,15.04,True,3.99
2026-06-24,HOME-405,ApexMarket_Direct,15.21,True,3.99
2026-06-25,HOME-405,MegaRetail_HQ,15.36,True,3.99
2026-06-25,HOME-405,SwiftBlink_Prime,14.39,True,3.99
2026-06-25,HOME-405,ApexMarket_Direct,14.79,True,3.99
2026-06-26,HOME-405,MegaRetail_HQ,15.37,True,3.99
2026-06-26,HOME-405,SwiftBlink_Prime,14.34,True,3.99
2026-06-26,HOME-405,ApexMarket_Direct,15.24,True,3.99
2026-06-27,HOME-405,MegaRetail_HQ,14.52,True,3.99
2026-06-27,HOME-405,SwiftBlink_Prime,12.67,True,3.99
2026-06-27,HOME-405,ApexMarket_Direct,15.33,True,3.99
2026-06-28,HOME-405,MegaRetail_HQ,14.85,True,3.99
2026-06-28,HOME-405,SwiftBlink_Prime,12.99,True,3.99
2026-06-28,HOME-405,ApexMarket_Direct,15.67,True,3.99
2026-06-29,HOME-405,MegaRetail_HQ,15.08,True,3.99
2026-06-29,HOME-405,SwiftBlink_Prime,13.35,True,3.99
2026-06-29,HOME-405,ApexMarket_Direct,15.64,True,3.99
2026-06-30,HOME-405,MegaRetail_HQ,15.12,True,3.99
2026-06-30,HOME-405,SwiftBlink_Prime,13.05,True,3.99
2026-06-30,HOME-405,ApexMarket_Direct,15.88,True,3.99
2026-07-01,HOME-405,MegaRetail_HQ,13.13,True,3.99
2026-07-01,HOME-405,SwiftBlink_Prime,13.71,True,3.99
2026-07-01,HOME-405,ApexMarket_Direct,15.9,True,3.99
2026-07-02,HOME-405,MegaRetail_HQ,15.12,True,3.99
2026-07-02,HOME-405,SwiftBlink_Prime,14.46,True,3.99
2026-07-02,HOME-405,ApexMarket_Direct,15.74,True,3.99
2026-07-03,HOME-405,MegaRetail_HQ,14.57,True,3.99
2026-07-03,HOME-405,SwiftBlink_Prime,14.96,True,3.99
2026-07-03,HOME-405,ApexMarket_Direct,15.85,True,3.99
2026-07-04,HOME-405,MegaRetail_HQ,15.0,True,3.99
2026-07-04,HOME-405,SwiftBlink_Prime,14.37,True,3.99
2026-07-04,HOME-405,ApexMarket_Direct,15.79,True,3.99
2026-07-05,HOME-405,MegaRetail_HQ,14.91,True,3.99
2026-07-05,HOME-405,SwiftBlink_Prime,14.21,True,3.99
2026-07-05,HOME-405,ApexMarket_Direct,15.35,True,3.99
2026-07-06,HOME-405,MegaRetail_HQ,14.86,False,3.99
2026-07-06,HOME-405,SwiftBlink_Prime,14.42,True,3.99
2026-07-06,HOME-405,ApexMarket_Direct,15.35,True,3.99
2026-07-07,HOME-405,MegaRetail_HQ,15.38,True,3.99
2026-07-07,HOME-405,SwiftBlink_Prime,12.44,True,3.99
2026-07-07,HOME-405,ApexMarket_Direct,15.47,True,3.99
2026-07-08,HOME-405,MegaRetail_HQ,15.24,True,3.99
2026-07-08,HOME-405,SwiftBlink_Prime,14.0,True,3.99
2026-07-08,HOME-405,ApexMarket_Direct,14.64,True,3.99
2026-07-09,HOME-405,MegaRetail_HQ,14.91,True,3.99
2026-07-09,HOME-405,SwiftBlink_Prime,13.69,True,3.99
2026-07-09,HOME-405,ApexMarket_Direct,14.33,True,3.99
2026-07-10,HOME-405,MegaRetail_HQ,15.9,True,3.99
2026-07-10,HOME-405,SwiftBlink_Prime,14.36,True,3.99
2026-07-10,HOME-405,ApexMarket_Direct,14.89,True,3.99
2026-07-11,HOME-405,MegaRetail_HQ,15.21,False,3.99
2026-07-11,HOME-405,SwiftBlink_Prime,13.96,True,3.99
2026-07-11,HOME-405,ApexMarket_Direct,15.51,True,3.99
2026-07-12,HOME-405,MegaRetail_HQ,14.98,True,3.99
2026-07-12,HOME-405,SwiftBlink_Prime,14.01,True,3.99
2026-07-12,HOME-405,ApexMarket_Direct,15.55,True,3.99
2026-07-13,HOME-405,MegaRetail_HQ,15.29,True,3.99
2026-07-13,HOME-405,SwiftBlink_Prime,13.87,True,3.99
2026-07-13,HOME-405,ApexMarket_Direct,15.4,True,3.99
2026-07-14,HOME-405,MegaRetail_HQ,14.99,True,3.99
2026-07-14,HOME-405,SwiftBlink_Prime,14.3,True,3.99
2026-07-14,HOME-405,ApexMarket_Direct,14.95,True,3.99
2026-07-15,HOME-405,MegaRetail_HQ,15.91,True,3.99
2026-07-15,HOME-405,SwiftBlink_Prime,14.58,True,3.99
2026-07-15,HOME-405,ApexMarket_Direct,15.15,True,3.99
2026-07-16,HOME-405,MegaRetail_HQ,15.59,True,3.99
2026-07-16,HOME-405,SwiftBlink_Prime,15.01,True,3.99
2026-07-16,HOME-405,ApexMarket_Direct,15.78,True,3.99
2026-07-17,HOME-405,MegaRetail_HQ,14.38,True,3.99
2026-07-17,HOME-405,SwiftBlink_Prime,14.99,True,3.99
2026-07-17,HOME-405,ApexMarket_Direct,15.77,True,3.99
2026-07-18,HOME-405,MegaRetail_HQ,14.67,True,3.99
2026-07-18,HOME-405,SwiftBlink_Prime,15.44,True,3.99
2026-07-18,HOME-405,ApexMarket_Direct,15.55,True,3.99
2026-07-19,HOME-405,MegaRetail_HQ,14.73,True,3.99
2026-07-19,HOME-405,SwiftBlink_Prime,15.14,True,3.99
2026-07-19,HOME-405,ApexMarket_Direct,15.23,True,3.99
2026-07-20,HOME-405,MegaRetail_HQ,14.39,True,3.99
2026-07-20,HOME-405,SwiftBlink_Prime,14.91,True,3.99
2026-07-20,HOME-405,ApexMarket_Direct,16.01,True,3.99
2026-07-21,HOME-405,MegaRetail_HQ,14.87,True,3.99
2026-07-21,HOME-405,SwiftBlink_Prime,15.2,True,3.99
2026-07-21,HOME-405,ApexMarket_Direct,15.81,True,3.99
2026-07-22,HOME-405,MegaRetail_HQ,14.99,True,3.99
2026-07-22,HOME-405,SwiftBlink_Prime,14.79,True,3.99
2026-07-22,HOME-405,ApexMarket_Direct,16.18,True,3.99
2026-07-23,HOME-405,MegaRetail_HQ,15.5,True,3.99
2026-07-23,HOME-405,SwiftBlink_Prime,14.63,True,3.99
2026-07-23,HOME-405,ApexMarket_Direct,15.68,True,3.99
2026-07-24,HOME-405,MegaRetail_HQ,16.31,True,3.99
2026-07-24,HOME-405,SwiftBlink_Prime,14.83,True,3.99
2026-07-24,HOME-405,ApexMarket_Direct,15.96,True,3.99
2026-07-25,HOME-405,MegaRetail_HQ,16.31,False,3.99
2026-07-25,HOME-405,SwiftBlink_Prime,15.15,True,3.99
2026-07-25,HOME-405,ApexMarket_Direct,15.94,True,3.99
2026-07-26,HOME-405,MegaRetail_HQ,16.03,True,3.99
2026-07-26,HOME-405,SwiftBlink_Prime,15.17,True,3.99
2026-07-26,HOME-405,ApexMarket_Direct,15.33,True,3.99
2026-07-27,HOME-405,MegaRetail_HQ,16.34,False,3.99
2026-07-27,HOME-405,SwiftBlink_Prime,15.16,True,3.99
2026-07-27,HOME-405,ApexMarket_Direct,15.04,True,3.99
2026-07-28,HOME-405,MegaRetail_HQ,16.21,True,3.99
2026-07-28,HOME-405,SwiftBlink_Prime,15.25,True,3.99
2026-07-28,HOME-405,ApexMarket_Direct,14.8,True,3.99
2026-07-29,HOME-405,MegaRetail_HQ,15.72,True,3.99
2026-07-29,HOME-405,SwiftBlink_Prime,15.49,True,3.99
2026-07-29,HOME-405,ApexMarket_Direct,14.99,True,3.99
2026-07-30,HOME-405,MegaRetail_HQ,15.27,True,3.99
2026-07-30,HOME-405,SwiftBlink_Prime,15.36,True,3.99
2026-07-30,HOME-405,ApexMarket_Direct,15.78,True,3.99
2026-07-31,HOME-405,MegaRetail_HQ,15.43,True,3.99
2026-07-31,HOME-405,SwiftBlink_Prime,14.19,True,3.99
2026-07-31,HOME-405,ApexMarket_Direct,14.74,True,3.99
2026-08-01,HOME-405,MegaRetail_HQ,15.75,True,3.99
2026-08-01,HOME-405,SwiftBlink_Prime,14.41,True,3.99
2026-08-01,HOME-405,ApexMarket_Direct,14.38,True,3.99
2026-08-02,HOME-405,MegaRetail_HQ,15.95,True,3.99
2026-08-02,HOME-405,SwiftBlink_Prime,15.12,True,3.99
2026-08-02,HOME-405,ApexMarket_Direct,14.81,True,3.99
2026-08-03,HOME-405,MegaRetail_HQ,15.49,True,3.99
2026-08-03,HOME-405,SwiftBlink_Prime,14.53,True,3.99
2026-08-03,HOME-405,ApexMarket_Direct,14.9,True,3.99
2026-08-04,HOME-405,MegaRetail_HQ,16.19,True,3.99
2026-08-04,HOME-405,SwiftBlink_Prime,15.4,True,3.99
2026-08-04,HOME-405,ApexMarket_Direct,15.05,True,3.99
2026-08-05,HOME-405,MegaRetail_HQ,15.85,True,3.99
2026-08-05,HOME-405,SwiftBlink_Prime,15.91,True,3.99
2026-08-05,HOME-405,ApexMarket_Direct,14.78,True,3.99
2026-08-06,HOME-405,MegaRetail_HQ,16.06,True,3.99
2026-08-06,HOME-405,SwiftBlink_Prime,15.24,False,3.99
2026-08-06,HOME-405,ApexMarket_Direct,14.67,True,3.99
2026-08-07,HOME-405,MegaRetail_HQ,15.81,True,3.99
2026-08-07,HOME-405,SwiftBlink_Prime,15.54,True,3.99
2026-08-07,HOME-405,ApexMarket_Direct,14.46,True,3.99
2026-08-08,HOME-405,MegaRetail_HQ,15.51,False,3.99
2026-08-08,HOME-405,SwiftBlink_Prime,15.81,False,3.99
2026-08-08,HOME-405,ApexMarket_Direct,14.15,True,3.99
2026-08-09,HOME-405,MegaRetail_HQ,15.13,True,3.99
2026-08-09,HOME-405,SwiftBlink_Prime,16.06,True,3.99
2026-08-09,HOME-405,ApexMarket_Direct,15.01,True,3.99
2026-08-10,HOME-405,MegaRetail_HQ,16.0,True,3.99
2026-08-10,HOME-405,SwiftBlink_Prime,16.35,True,3.99
2026-08-10,HOME-405,ApexMarket_Direct,14.8,True,3.99
2026-08-11,HOME-405,MegaRetail_HQ,15.93,True,3.99
2026-08-11,HOME-405,SwiftBlink_Prime,15.76,True,3.99
2026-08-11,HOME-405,ApexMarket_Direct,14.76,True,3.99
2026-08-12,HOME-405,MegaRetail_HQ,16.25,True,3.99
2026-08-12,HOME-405,SwiftBlink_Prime,16.0,True,3.99
2026-08-12,HOME-405,ApexMarket_Direct,15.17,True,3.99
2026-08-13,HOME-405,MegaRetail_HQ,15.79,True,3.99
2026-08-13,HOME-405,SwiftBlink_Prime,16.5,True,3.99
2026-08-13,HOME-405,ApexMarket_Direct,15.19,True,3.99
2026-08-14,HOME-405,MegaRetail_HQ,15.96,True,3.99
2026-08-14,HOME-405,SwiftBlink_Prime,16.51,True,3.99
2026-08-14,HOME-405,ApexMarket_Direct,14.74,True,3.99
2026-08-15,HOME-405,MegaRetail_HQ,16.43,True,3.99
2026-08-15,HOME-405,SwiftBlink_Prime,16.31,False,3.99
2026-08-15,HOME-405,ApexMarket_Direct,15.12,True,3.99
2026-08-16,HOME-405,MegaRetail_HQ,16.1,True,3.99
2026-08-16,HOME-405,SwiftBlink_Prime,15.35,True,3.99
2026-08-16,HOME-405,ApexMarket_Direct,12.8,True,3.99
2026-08-17,HOME-405,MegaRetail_HQ,16.16,True,3.99
2026-08-17,HOME-405,SwiftBlink_Prime,15.05,True,3.99
2026-08-17,HOME-405,ApexMarket_Direct,14.16,True,3.99
2026-08-18,HOME-405,MegaRetail_HQ,15.84,True,3.99
2026-08-18,HOME-405,SwiftBlink_Prime,15.32,True,3.99
2026-08-18,HOME-405,ApexMarket_Direct,15.18,True,3.99
2026-08-19,HOME-405,MegaRetail_HQ,15.6,True,3.99
2026-08-19,HOME-405,SwiftBlink_Prime,15.33,True,3.99
2026-08-19,HOME-405,ApexMarket_Direct,14.78,True,3.99
2026-08-20,HOME-405,MegaRetail_HQ,15.6,True,3.99
2026-08-20,HOME-405,SwiftBlink_Prime,15.48,True,3.99
2026-08-20,HOME-405,ApexMarket_Direct,15.01,True,3.99
2026-08-21,HOME-405,MegaRetail_HQ,15.21,False,3.99
2026-08-21,HOME-405,SwiftBlink_Prime,14.91,True,3.99
2026-08-21,HOME-405,ApexMarket_Direct,14.51,True,3.99
2026-08-22,HOME-405,MegaRetail_HQ,14.42,True,3.99
2026-08-22,HOME-405,SwiftBlink_Prime,15.14,True,3.99
2026-08-22,HOME-405,ApexMarket_Direct,13.93,True,3.99
2026-08-23,HOME-405,MegaRetail_HQ,14.9,True,3.99
2026-08-23,HOME-405,SwiftBlink_Prime,15.92,True,3.99
2026-08-23,HOME-405,ApexMarket_Direct,13.48,True,3.99
2026-08-24,HOME-405,MegaRetail_HQ,15.11,True,3.99
2026-08-24,HOME-405,SwiftBlink_Prime,15.88,True,3.99
2026-08-24,HOME-405,ApexMarket_Direct,13.55,True,3.99
2026-08-25,HOME-405,MegaRetail_HQ,15.54,True,3.99
2026-08-25,HOME-405,SwiftBlink_Prime,15.95,True,3.99
2026-08-25,HOME-405,ApexMarket_Direct,14.18,True,3.99
2026-08-26,HOME-405,MegaRetail_HQ,14.97,True,3.99
2026-08-26,HOME-405,SwiftBlink_Prime,15.97,True,3.99
2026-08-26,HOME-405,ApexMarket_Direct,13.83,True,3.99
2026-08-27,HOME-405,MegaRetail_HQ,15.1,True,3.99
2026-08-27,HOME-405,SwiftBlink_Prime,16.53,False,3.99
2026-08-27,HOME-405,ApexMarket_Direct,14.27,True,3.99
2026-08-28,HOME-405,MegaRetail_HQ,12.29,True,3.99
2026-08-28,HOME-405,SwiftBlink_Prime,15.77,True,3.99
2026-08-28,HOME-405,ApexMarket_Direct,14.56,False,3.99
2026-08-29,HOME-405,MegaRetail_HQ,11.88,True,3.99
2026-08-29,HOME-405,SwiftBlink_Prime,15.51,True,3.99
2026-08-29,HOME-405,ApexMarket_Direct,14.65,True,3.99
2026-08-30,HOME-405,MegaRetail_HQ,14.04,True,3.99
2026-08-30,HOME-405,SwiftBlink_Prime,15.56,True,3.99
2026-08-30,HOME-405,ApexMarket_Direct,13.97,True,3.99
2026-08-31,HOME-405,MegaRetail_HQ,13.56,True,3.99
2026-08-31,HOME-405,SwiftBlink_Prime,15.05,True,3.99
2026-08-31,HOME-405,ApexMarket_Direct,14.34,True,3.99
2026-09-01,HOME-405,MegaRetail_HQ,14.02,False,3.99
2026-09-01,HOME-405,SwiftBlink_Prime,12.76,True,3.99
2026-09-01,HOME-405,ApexMarket_Direct,15.03,True,3.99
2026-09-02,HOME-405,MegaRetail_HQ,13.86,True,3.99
2026-09-02,HOME-405,SwiftBlink_Prime,15.05,True,3.99
2026-09-02,HOME-405,ApexMarket_Direct,14.9,True,3.99
2026-09-03,HOME-405,MegaRetail_HQ,14.22,True,3.99
2026-09-03,HOME-405,SwiftBlink_Prime,14.7,True,3.99
2026-09-03,HOME-405,ApexMarket_Direct,14.41,True,3.99
2026-09-04,HOME-405,MegaRetail_HQ,14.65,True,3.99
2026-09-04,HOME-405,SwiftBlink_Prime,14.02,True,3.99
2026-09-04,HOME-405,ApexMarket_Direct,14.37,True,3.99
2026-09-05,HOME-405,MegaRetail_HQ,13.48,True,3.99
2026-09-05,HOME-405,SwiftBlink_Prime,14.24,True,3.99
2026-09-05,HOME-405,ApexMarket_Direct,13.95,True,3.99
2026-09-06,HOME-405,MegaRetail_HQ,13.32,True,3.99
2026-09-06,HOME-405,SwiftBlink_Prime,14.23,True,3.99
2026-09-06,HOME-405,ApexMarket_Direct,13.63,True,3.99
2026-09-07,HOME-405,MegaRetail_HQ,12.75,True,3.99
2026-09-07,HOME-405,SwiftBlink_Prime,14.8,True,3.99
2026-09-07,HOME-405,ApexMarket_Direct,13.25,True,3.99
2026-09-08,HOME-405,MegaRetail_HQ,12.81,True,3.99
2026-09-08,HOME-405,SwiftBlink_Prime,14.46,True,3.99
2026-09-08,HOME-405,ApexMarket_Direct,13.61,True,3.99
2026-09-09,HOME-405,MegaRetail_HQ,13.07,True,3.99
2026-09-09,HOME-405,SwiftBlink_Prime,13.76,True,3.99
2026-09-09,HOME-405,ApexMarket_Direct,11.59,True,3.99
2026-09-10,HOME-405,MegaRetail_HQ,13.15,True,3.99
2026-09-10,HOME-405,SwiftBlink_Prime,13.31,True,3.99
2026-09-10,HOME-405,ApexMarket_Direct,13.88,True,3.99
2026-09-11,HOME-405,MegaRetail_HQ,13.15,True,3.99
2026-09-11,HOME-405,SwiftBlink_Prime,11.72,True,3.99
2026-09-11,HOME-405,ApexMarket_Direct,14.59,True,3.99
2026-09-12,HOME-405,MegaRetail_HQ,13.55,True,3.99
2026-09-12,HOME-405,SwiftBlink_Prime,13.92,True,3.99
2026-09-12,HOME-405,ApexMarket_Direct,11.51,True,3.99
2026-09-13,HOME-405,MegaRetail_HQ,13.82,False,3.99
2026-09-13,HOME-405,SwiftBlink_Prime,14.23,True,3.99
2026-09-13,HOME-405,ApexMarket_Direct,13.2,True,3.99
2026-09-14,HOME-405,MegaRetail_HQ,13.86,True,3.99
2026-09-14,HOME-405,SwiftBlink_Prime,14.74,True,3.99
2026-09-14,HOME-405,ApexMarket_Direct,14.37,True,3.99
2026-09-15,HOME-405,MegaRetail_HQ,14.92,True,3.99
2026-09-15,HOME-405,SwiftBlink_Prime,12.84,True,3.99
2026-09-15,HOME-405,ApexMarket_Direct,14.74,True,3.99
2026-09-16,HOME-405,MegaRetail_HQ,12.21,True,3.99
2026-09-16,HOME-405,SwiftBlink_Prime,14.6,True,3.99
2026-09-16,HOME-405,ApexMarket_Direct,14.88,False,3.99
2026-09-17,HOME-405,MegaRetail_HQ,14.33,True,3.99
2026-09-17,HOME-405,SwiftBlink_Prime,15.14,True,3.99
2026-09-17,HOME-405,ApexMarket_Direct,14.89,True,3.99
2026-09-18,HOME-405,MegaRetail_HQ,14.55,True,3.99
2026-09-18,HOME-405,SwiftBlink_Prime,13.24,True,3.99
2026-09-18,HOME-405,ApexMarket_Direct,15.49,True,3.99
